ISO-10303-21;
HEADER;
/* Generated by software containing ST-Developer
 * from STEP Tools, Inc. (www.steptools.com) 
 */

FILE_DESCRIPTION(
/* description */ (''),
/* implementation_level */ '2;1');

FILE_NAME(
/* name */ 'Protection_Cover.step',
/* time_stamp */ '2026-05-26T18:54:29+02:00',
/* author */ (''),
/* organization */ (''),
/* preprocessor_version */ 'ST-DEVELOPER v20.1',
/* originating_system */ 'Autodesk Translation Framework v15.8.0.0',
/* authorisation */ '');

FILE_SCHEMA (('AUTOMOTIVE_DESIGN { 1 0 10303 214 3 1 1 }'));
ENDSEC;

DATA;
#10=MECHANICAL_DESIGN_GEOMETRIC_PRESENTATION_REPRESENTATION('',(#13),#16096);
#11=SHAPE_REPRESENTATION_RELATIONSHIP('SRR','None',#16103,#12);
#12=ADVANCED_BREP_SHAPE_REPRESENTATION('',(#14),#16095);
#13=STYLED_ITEM('',(#16112),#14);
#14=MANIFOLD_SOLID_BREP('Corps15',#8158);
#15=TOROIDAL_SURFACE('',#8271,10.9999999999996,1.);
#16=TOROIDAL_SURFACE('',#8276,1.99999999999999,1.);
#17=TOROIDAL_SURFACE('',#8280,10.9999999999996,1.);
#18=TOROIDAL_SURFACE('',#8285,1.99999999999999,1.);
#19=B_SPLINE_SURFACE_WITH_KNOTS('',3,1,((#12123,#12124),(#12125,#12126),
(#12127,#12128),(#12129,#12130),(#12131,#12132)),.UNSPECIFIED.,.F.,.F.,
 .F.,(4,1,4),(2,2),(0.,0.0887802227284972,0.189828311258739),(-1.75,1.),
 .UNSPECIFIED.);
#20=B_SPLINE_SURFACE_WITH_KNOTS('',3,1,((#12135,#12136),(#12137,#12138),
(#12139,#12140),(#12141,#12142),(#12143,#12144)),.UNSPECIFIED.,.F.,.F.,
 .F.,(4,1,4),(2,2),(0.,0.118059366336286,0.220161520870016),(-1.75,1.),
 .UNSPECIFIED.);
#21=B_SPLINE_SURFACE_WITH_KNOTS('',3,1,((#12146,#12147),(#12148,#12149),
(#12150,#12151),(#12152,#12153),(#12154,#12155)),.UNSPECIFIED.,.F.,.F.,
 .F.,(4,1,4),(2,2),(0.,0.0940280603230937,0.19815422524323),(-1.75,1.),
 .UNSPECIFIED.);
#22=B_SPLINE_SURFACE_WITH_KNOTS('',3,1,((#12159,#12160),(#12161,#12162),
(#12163,#12164),(#12165,#12166),(#12167,#12168)),.UNSPECIFIED.,.F.,.F.,
 .F.,(4,1,4),(2,2),(0.,0.0498026875189438,0.0925326635673204),(-1.75,1.),
 .UNSPECIFIED.);
#23=B_SPLINE_SURFACE_WITH_KNOTS('',3,1,((#12170,#12171),(#12172,#12173),
(#12174,#12175),(#12176,#12177),(#12178,#12179)),.UNSPECIFIED.,.F.,.F.,
 .F.,(4,1,4),(2,2),(0.,0.0598051311208226,0.13108814096359),(-1.75,1.),
 .UNSPECIFIED.);
#24=B_SPLINE_SURFACE_WITH_KNOTS('',3,1,((#12181,#12182),(#12183,#12184),
(#12185,#12186),(#12187,#12188),(#12189,#12190)),.UNSPECIFIED.,.F.,.F.,
 .F.,(4,1,4),(2,2),(0.,0.0760249849106478,0.137686212368354),(-1.75,1.),
 .UNSPECIFIED.);
#25=B_SPLINE_SURFACE_WITH_KNOTS('',3,1,((#12192,#12193),(#12194,#12195),
(#12196,#12197),(#12198,#12199),(#12200,#12201)),.UNSPECIFIED.,.F.,.F.,
 .F.,(4,1,4),(2,2),(0.,0.0564523261838485,0.116016584827331),(-1.75,1.),
 .UNSPECIFIED.);
#26=B_SPLINE_SURFACE_WITH_KNOTS('',3,1,((#12203,#12204),(#12205,#12206),
(#12207,#12208),(#12209,#12210),(#12211,#12212)),.UNSPECIFIED.,.F.,.F.,
 .F.,(4,1,4),(2,2),(0.,0.0585703097919712,0.158008195264482),(-1.75,1.),
 .UNSPECIFIED.);
#27=B_SPLINE_SURFACE_WITH_KNOTS('',3,1,((#12214,#12215),(#12216,#12217),
(#12218,#12219),(#12220,#12221),(#12222,#12223)),.UNSPECIFIED.,.F.,.F.,
 .F.,(4,1,4),(2,2),(0.,0.11500360279996,0.227688627215348),(-1.75,1.),
 .UNSPECIFIED.);
#28=B_SPLINE_SURFACE_WITH_KNOTS('',3,1,((#12235,#12236),(#12237,#12238),
(#12239,#12240),(#12241,#12242),(#12243,#12244)),.UNSPECIFIED.,.F.,.F.,
 .F.,(4,1,4),(2,2),(0.,0.117572919797519,0.212429995194289),(-1.75,1.),
 .UNSPECIFIED.);
#29=B_SPLINE_SURFACE_WITH_KNOTS('',3,1,((#12246,#12247),(#12248,#12249),
(#12250,#12251),(#12252,#12253),(#12254,#12255)),.UNSPECIFIED.,.F.,.F.,
 .F.,(4,1,4),(2,2),(0.,0.0824487524244199,0.161439603325493),(-1.75,1.),
 .UNSPECIFIED.);
#30=B_SPLINE_SURFACE_WITH_KNOTS('',3,1,((#12257,#12258),(#12259,#12260),
(#12261,#12262),(#12263,#12264),(#12265,#12266)),.UNSPECIFIED.,.F.,.F.,
 .F.,(4,1,4),(2,2),(0.,0.0775201206404483,0.158219864739653),(-1.75,1.),
 .UNSPECIFIED.);
#31=B_SPLINE_SURFACE_WITH_KNOTS('',3,1,((#12268,#12269),(#12270,#12271),
(#12272,#12273),(#12274,#12275),(#12276,#12277)),.UNSPECIFIED.,.F.,.F.,
 .F.,(4,1,4),(2,2),(0.,0.0908186991567732,0.187545856111514),(-1.75,1.),
 .UNSPECIFIED.);
#32=B_SPLINE_SURFACE_WITH_KNOTS('',3,1,((#12280,#12281),(#12282,#12283),
(#12284,#12285),(#12286,#12287),(#12288,#12289)),.UNSPECIFIED.,.F.,.F.,
 .F.,(4,1,4),(2,2),(0.,0.105003811562587,0.200355253503181),(-1.75,1.),
 .UNSPECIFIED.);
#33=B_SPLINE_SURFACE_WITH_KNOTS('',3,1,((#12291,#12292),(#12293,#12294),
(#12295,#12296),(#12297,#12298),(#12299,#12300)),.UNSPECIFIED.,.F.,.F.,
 .F.,(4,1,4),(2,2),(0.,0.0871851534781087,0.169760838486203),(-1.75,1.),
 .UNSPECIFIED.);
#34=B_SPLINE_SURFACE_WITH_KNOTS('',3,1,((#12302,#12303),(#12304,#12305),
(#12306,#12307),(#12308,#12309),(#12310,#12311)),.UNSPECIFIED.,.F.,.F.,
 .F.,(4,1,4),(2,2),(0.,0.0820790709624486,0.166633569319207),(-1.75,1.),
 .UNSPECIFIED.);
#35=B_SPLINE_SURFACE_WITH_KNOTS('',3,1,((#12315,#12316),(#12317,#12318),
(#12319,#12320),(#12321,#12322),(#12323,#12324)),.UNSPECIFIED.,.F.,.F.,
 .F.,(4,1,4),(2,2),(0.,0.0861880975005493,0.162310034997371),(-1.75,1.),
 .UNSPECIFIED.);
#36=B_SPLINE_SURFACE_WITH_KNOTS('',3,1,((#12326,#12327),(#12328,#12329),
(#12330,#12331),(#12332,#12333),(#12334,#12335)),.UNSPECIFIED.,.F.,.F.,
 .F.,(4,1,4),(2,2),(0.,0.0816030048646645,0.183535440482988),(-1.75,1.),
 .UNSPECIFIED.);
#37=B_SPLINE_SURFACE_WITH_KNOTS('',3,1,((#12337,#12338),(#12339,#12340),
(#12341,#12342),(#12343,#12344),(#12345,#12346)),.UNSPECIFIED.,.F.,.F.,
 .F.,(4,1,4),(2,2),(0.,0.104350092788488,0.182822382294414),(-1.75,1.),
 .UNSPECIFIED.);
#38=B_SPLINE_SURFACE_WITH_KNOTS('',3,1,((#12348,#12349),(#12350,#12351),
(#12352,#12353),(#12354,#12355),(#12356,#12357)),.UNSPECIFIED.,.F.,.F.,
 .F.,(4,1,4),(2,2),(0.,0.0636389261173563,0.122808042562893),(-1.75,1.),
 .UNSPECIFIED.);
#39=B_SPLINE_SURFACE_WITH_KNOTS('',3,1,((#12359,#12360),(#12361,#12362),
(#12363,#12364),(#12365,#12366),(#12367,#12368)),.UNSPECIFIED.,.F.,.F.,
 .F.,(4,1,4),(2,2),(0.,0.0500658817781103,0.09921490561675),(-1.75,1.),
 .UNSPECIFIED.);
#40=B_SPLINE_SURFACE_WITH_KNOTS('',3,1,((#12370,#12371),(#12372,#12373),
(#12374,#12375),(#12376,#12377),(#12378,#12379)),.UNSPECIFIED.,.F.,.F.,
 .F.,(4,1,4),(2,2),(0.,0.0774490773667732,0.212882242333007),(-1.75,1.),
 .UNSPECIFIED.);
#41=B_SPLINE_SURFACE_WITH_KNOTS('',3,1,((#12381,#12382),(#12383,#12384),
(#12385,#12386),(#12387,#12388),(#12389,#12390)),.UNSPECIFIED.,.F.,.F.,
 .F.,(4,1,4),(2,2),(0.,0.140231572263382,0.230565682311012),(-1.75,1.),
 .UNSPECIFIED.);
#42=B_SPLINE_SURFACE_WITH_KNOTS('',3,1,((#12392,#12393),(#12394,#12395),
(#12396,#12397),(#12398,#12399),(#12400,#12401)),.UNSPECIFIED.,.F.,.F.,
 .F.,(4,1,4),(2,2),(0.,0.0885423463237137,0.165932904585794),(-1.75,1.),
 .UNSPECIFIED.);
#43=B_SPLINE_SURFACE_WITH_KNOTS('',3,1,((#12403,#12404),(#12405,#12406),
(#12407,#12408),(#12409,#12410),(#12411,#12412)),.UNSPECIFIED.,.F.,.F.,
 .F.,(4,1,4),(2,2),(0.,0.0733880892970922,0.149900031102938),(-1.75,1.),
 .UNSPECIFIED.);
#44=B_SPLINE_SURFACE_WITH_KNOTS('',3,1,((#12414,#12415),(#12416,#12417),
(#12418,#12419),(#12420,#12421),(#12422,#12423)),.UNSPECIFIED.,.F.,.F.,
 .F.,(4,1,4),(2,2),(0.,0.0783445267155486,0.158903039657817),(-1.75,1.),
 .UNSPECIFIED.);
#45=B_SPLINE_SURFACE_WITH_KNOTS('',3,1,((#12425,#12426),(#12427,#12428),
(#12429,#12430),(#12431,#12432),(#12433,#12434)),.UNSPECIFIED.,.F.,.F.,
 .F.,(4,1,4),(2,2),(0.,0.0838951557632865,0.172975683425018),(-1.75,1.),
 .UNSPECIFIED.);
#46=B_SPLINE_SURFACE_WITH_KNOTS('',3,1,((#12436,#12437),(#12438,#12439),
(#12440,#12441),(#12442,#12443),(#12444,#12445)),.UNSPECIFIED.,.F.,.F.,
 .F.,(4,1,4),(2,2),(0.,0.0956163908777278,0.197810303927011),(-1.75,1.),
 .UNSPECIFIED.);
#47=B_SPLINE_SURFACE_WITH_KNOTS('',3,1,((#12452,#12453),(#12454,#12455),
(#12456,#12457),(#12458,#12459),(#12460,#12461)),.UNSPECIFIED.,.F.,.F.,
 .F.,(4,1,4),(2,2),(0.,0.122238473434692,0.219209295253119),(-1.75,1.),
 .UNSPECIFIED.);
#48=B_SPLINE_SURFACE_WITH_KNOTS('',3,1,((#12463,#12464),(#12465,#12466),
(#12467,#12468),(#12469,#12470),(#12471,#12472)),.UNSPECIFIED.,.F.,.F.,
 .F.,(4,1,4),(2,2),(0.,0.0985653198981392,0.198603065021395),(-1.75,1.),
 .UNSPECIFIED.);
#49=B_SPLINE_SURFACE_WITH_KNOTS('',3,1,((#12481,#12482),(#12483,#12484),
(#12485,#12486),(#12487,#12488),(#12489,#12490)),.UNSPECIFIED.,.F.,.F.,
 .F.,(4,1,4),(2,2),(0.,0.11482805801348,0.227492338555447),(-1.75,1.),
 .UNSPECIFIED.);
#50=B_SPLINE_SURFACE_WITH_KNOTS('',3,1,((#12492,#12493),(#12494,#12495),
(#12496,#12497),(#12498,#12499),(#12500,#12501)),.UNSPECIFIED.,.F.,.F.,
 .F.,(4,1,4),(2,2),(0.,0.0654055476177524,0.130118366053373),(-1.75,1.),
 .UNSPECIFIED.);
#51=B_SPLINE_SURFACE_WITH_KNOTS('',3,1,((#12503,#12504),(#12505,#12506),
(#12507,#12508),(#12509,#12510),(#12511,#12512)),.UNSPECIFIED.,.F.,.F.,
 .F.,(4,1,4),(2,2),(0.,0.0633177293791531,0.124937653571744),(-1.75,1.),
 .UNSPECIFIED.);
#52=B_SPLINE_SURFACE_WITH_KNOTS('',3,1,((#12514,#12515),(#12516,#12517),
(#12518,#12519),(#12520,#12521),(#12522,#12523)),.UNSPECIFIED.,.F.,.F.,
 .F.,(4,1,4),(2,2),(0.,0.0638397619670937,0.132796061166304),(-1.75,1.),
 .UNSPECIFIED.);
#53=B_SPLINE_SURFACE_WITH_KNOTS('',3,1,((#12525,#12526),(#12527,#12528),
(#12529,#12530),(#12531,#12532),(#12533,#12534)),.UNSPECIFIED.,.F.,.F.,
 .F.,(4,1,4),(2,2),(0.,0.0418701297237398,0.0835086649442082),(-1.75,1.),
 .UNSPECIFIED.);
#54=B_SPLINE_SURFACE_WITH_KNOTS('',3,1,((#12537,#12538),(#12539,#12540),
(#12541,#12542),(#12543,#12544),(#12545,#12546)),.UNSPECIFIED.,.F.,.F.,
 .F.,(4,1,4),(2,2),(0.,0.0633620984235782,0.133551277756489),(-1.75,1.),
 .UNSPECIFIED.);
#55=B_SPLINE_SURFACE_WITH_KNOTS('',3,1,((#12550,#12551),(#12552,#12553),
(#12554,#12555),(#12556,#12557),(#12558,#12559)),.UNSPECIFIED.,.F.,.F.,
 .F.,(4,1,4),(2,2),(0.,0.0492437248316367,0.094752437497521),(-1.75,1.),
 .UNSPECIFIED.);
#56=B_SPLINE_SURFACE_WITH_KNOTS('',3,1,((#12561,#12562),(#12563,#12564),
(#12565,#12566),(#12567,#12568),(#12569,#12570)),.UNSPECIFIED.,.F.,.F.,
 .F.,(4,1,4),(2,2),(0.,0.0386761690622372,0.0773165921252373),(-1.75,1.),
 .UNSPECIFIED.);
#57=B_SPLINE_SURFACE_WITH_KNOTS('',3,1,((#12572,#12573),(#12574,#12575),
(#12576,#12577),(#12578,#12579),(#12580,#12581)),.UNSPECIFIED.,.F.,.F.,
 .F.,(4,1,4),(2,2),(0.,0.0398664351918436,0.0822767776851653),(-1.75,1.),
 .UNSPECIFIED.);
#58=B_SPLINE_SURFACE_WITH_KNOTS('',3,1,((#12588,#12589),(#12590,#12591),
(#12592,#12593),(#12594,#12595),(#12596,#12597)),.UNSPECIFIED.,.F.,.F.,
 .F.,(4,1,4),(2,2),(0.,0.0477858820735348,0.0989776494587499),(-1.75,1.),
 .UNSPECIFIED.);
#59=B_SPLINE_SURFACE_WITH_KNOTS('',3,1,((#12600,#12601),(#12602,#12603),
(#12604,#12605),(#12606,#12607),(#12608,#12609)),.UNSPECIFIED.,.F.,.F.,
 .F.,(4,1,4),(2,2),(0.,0.0471744571077762,0.119670661975991),(-1.75,1.),
 .UNSPECIFIED.);
#60=B_SPLINE_SURFACE_WITH_KNOTS('',3,1,((#12617,#12618),(#12619,#12620),
(#12621,#12622),(#12623,#12624),(#12625,#12626)),.UNSPECIFIED.,.F.,.F.,
 .F.,(4,1,4),(2,2),(0.,0.0656672952627256,0.113529318246787),(-1.75,1.),
 .UNSPECIFIED.);
#61=B_SPLINE_SURFACE_WITH_KNOTS('',3,1,((#12628,#12629),(#12630,#12631),
(#12632,#12633),(#12634,#12635),(#12636,#12637)),.UNSPECIFIED.,.F.,.F.,
 .F.,(4,1,4),(2,2),(0.,0.038882855821195,0.0792547116392494),(-1.75,1.),
 .UNSPECIFIED.);
#62=B_SPLINE_SURFACE_WITH_KNOTS('',3,1,((#12639,#12640),(#12641,#12642),
(#12643,#12644),(#12645,#12646),(#12647,#12648)),.UNSPECIFIED.,.F.,.F.,
 .F.,(4,1,4),(2,2),(0.,0.0429932781586868,0.0892847710667178),(-1.75,1.),
 .UNSPECIFIED.);
#63=B_SPLINE_SURFACE_WITH_KNOTS('',3,1,((#12650,#12651),(#12652,#12653),
(#12654,#12655),(#12656,#12657),(#12658,#12659)),.UNSPECIFIED.,.F.,.F.,
 .F.,(4,1,4),(2,2),(0.,0.0741262012242251,0.146787778889463),(-1.75,1.),
 .UNSPECIFIED.);
#64=B_SPLINE_SURFACE_WITH_KNOTS('',3,1,((#12671,#12672),(#12673,#12674),
(#12675,#12676),(#12677,#12678),(#12679,#12680)),.UNSPECIFIED.,.F.,.F.,
 .F.,(4,1,4),(2,2),(0.,0.0711877028886454,0.165198044108412),(-1.75,1.),
 .UNSPECIFIED.);
#65=B_SPLINE_SURFACE_WITH_KNOTS('',3,1,((#12689,#12690),(#12691,#12692),
(#12693,#12694),(#12695,#12696),(#12697,#12698)),.UNSPECIFIED.,.F.,.F.,
 .F.,(4,1,4),(2,2),(0.,0.0801762922749451,0.142339857460535),(-1.75,1.),
 .UNSPECIFIED.);
#66=B_SPLINE_SURFACE_WITH_KNOTS('',3,1,((#12700,#12701),(#12702,#12703),
(#12704,#12705),(#12706,#12707),(#12708,#12709)),.UNSPECIFIED.,.F.,.F.,
 .F.,(4,1,4),(2,2),(0.,0.0575394861384089,0.123100593951154),(-1.75,1.),
 .UNSPECIFIED.);
#67=B_SPLINE_SURFACE_WITH_KNOTS('',3,1,((#12711,#12712),(#12713,#12714),
(#12715,#12716),(#12717,#12718),(#12719,#12720)),.UNSPECIFIED.,.F.,.F.,
 .F.,(4,1,4),(2,2),(0.,0.053421234478147,0.107475620200874),(-1.75,1.),
 .UNSPECIFIED.);
#68=B_SPLINE_SURFACE_WITH_KNOTS('',3,1,((#12722,#12723),(#12724,#12725),
(#12726,#12727),(#12728,#12729),(#12730,#12731)),.UNSPECIFIED.,.F.,.F.,
 .F.,(4,1,4),(2,2),(0.,0.0529860885876894,0.104296342711947),(-1.75,1.),
 .UNSPECIFIED.);
#69=B_SPLINE_SURFACE_WITH_KNOTS('',3,1,((#12738,#12739),(#12740,#12741),
(#12742,#12743),(#12744,#12745),(#12746,#12747)),.UNSPECIFIED.,.F.,.F.,
 .F.,(4,1,4),(2,2),(0.,0.136538918987928,0.292258717596213),(-1.75,1.),
 .UNSPECIFIED.);
#70=B_SPLINE_SURFACE_WITH_KNOTS('',3,1,((#12758,#12759),(#12760,#12761),
(#12762,#12763),(#12764,#12765),(#12766,#12767)),.UNSPECIFIED.,.F.,.F.,
 .F.,(4,1,4),(2,2),(0.,0.119075749636687,0.216083506440942),(-1.75,1.),
 .UNSPECIFIED.);
#71=B_SPLINE_SURFACE_WITH_KNOTS('',3,1,((#12769,#12770),(#12771,#12772),
(#12773,#12774),(#12775,#12776),(#12777,#12778)),.UNSPECIFIED.,.F.,.F.,
 .F.,(4,1,4),(2,2),(0.,0.0859323084094143,0.171016415042026),(-1.75,1.),
 .UNSPECIFIED.);
#72=B_SPLINE_SURFACE_WITH_KNOTS('',3,1,((#12780,#12781),(#12782,#12783),
(#12784,#12785),(#12786,#12787),(#12788,#12789)),.UNSPECIFIED.,.F.,.F.,
 .F.,(4,1,4),(2,2),(0.,0.0859855175685639,0.171831661105314),(-1.75,1.),
 .UNSPECIFIED.);
#73=B_SPLINE_SURFACE_WITH_KNOTS('',3,1,((#12822,#12823),(#12824,#12825),
(#12826,#12827),(#12828,#12829),(#12830,#12831)),.UNSPECIFIED.,.F.,.F.,
 .F.,(4,1,4),(2,2),(0.,0.0989254080081013,0.224166317090203),(-1.75,1.),
 .UNSPECIFIED.);
#74=B_SPLINE_SURFACE_WITH_KNOTS('',3,1,((#12842,#12843),(#12844,#12845),
(#12846,#12847),(#12848,#12849),(#12850,#12851)),.UNSPECIFIED.,.F.,.F.,
 .F.,(4,1,4),(2,2),(0.,0.125354247813493,0.225496796135211),(-1.75,1.),
 .UNSPECIFIED.);
#75=B_SPLINE_SURFACE_WITH_KNOTS('',3,1,((#12853,#12854),(#12855,#12856),
(#12857,#12858),(#12859,#12860),(#12861,#12862)),.UNSPECIFIED.,.F.,.F.,
 .F.,(4,1,4),(2,2),(0.,0.087871306990112,0.17632692769689),(-1.75,1.),
 .UNSPECIFIED.);
#76=B_SPLINE_SURFACE_WITH_KNOTS('',3,1,((#12864,#12865),(#12866,#12867),
(#12868,#12869),(#12870,#12871),(#12872,#12873)),.UNSPECIFIED.,.F.,.F.,
 .F.,(4,1,4),(2,2),(0.,0.0901721958203958,0.1819930419251),(-1.75,1.),
 .UNSPECIFIED.);
#77=B_SPLINE_SURFACE_WITH_KNOTS('',3,1,((#12884,#12885),(#12886,#12887),
(#12888,#12889),(#12890,#12891),(#12892,#12893)),.UNSPECIFIED.,.F.,.F.,
 .F.,(4,1,4),(2,2),(0.,0.166672632832298,0.307547507906271),(-1.75,1.),
 .UNSPECIFIED.);
#78=B_SPLINE_SURFACE_WITH_KNOTS('',3,1,((#12895,#12896),(#12897,#12898),
(#12899,#12900),(#12901,#12902),(#12903,#12904)),.UNSPECIFIED.,.F.,.F.,
 .F.,(4,1,4),(2,2),(0.,0.126773665793001,0.249153828730063),(-1.75,1.),
 .UNSPECIFIED.);
#79=B_SPLINE_SURFACE_WITH_KNOTS('',3,1,((#12906,#12907),(#12908,#12909),
(#12910,#12911),(#12912,#12913),(#12914,#12915)),.UNSPECIFIED.,.F.,.F.,
 .F.,(4,1,4),(2,2),(0.,0.117517585965332,0.235779248806557),(-1.75,1.),
 .UNSPECIFIED.);
#80=B_SPLINE_SURFACE_WITH_KNOTS('',3,1,((#12921,#12922),(#12923,#12924),
(#12925,#12926),(#12927,#12928),(#12929,#12930)),.UNSPECIFIED.,.F.,.F.,
 .F.,(4,1,4),(2,2),(0.,0.135215240984539,0.26282042254419),(-1.75,1.),
 .UNSPECIFIED.);
#81=B_SPLINE_SURFACE_WITH_KNOTS('',3,1,((#12932,#12933),(#12934,#12935),
(#12936,#12937),(#12938,#12939),(#12940,#12941)),.UNSPECIFIED.,.F.,.F.,
 .F.,(4,1,4),(2,2),(0.,0.133475874252728,0.274970355748404),(-1.75,1.),
 .UNSPECIFIED.);
#82=B_SPLINE_SURFACE_WITH_KNOTS('',3,1,((#12946,#12947),(#12948,#12949),
(#12950,#12951),(#12952,#12953),(#12954,#12955)),.UNSPECIFIED.,.F.,.F.,
 .F.,(4,1,4),(2,2),(0.,0.0931306444811379,0.208873875002833),(-1.75,1.),
 .UNSPECIFIED.);
#83=B_SPLINE_SURFACE_WITH_KNOTS('',3,1,((#12965,#12966),(#12967,#12968),
(#12969,#12970),(#12971,#12972),(#12973,#12974)),.UNSPECIFIED.,.F.,.F.,
 .F.,(4,1,4),(2,2),(0.,0.100116275312779,0.195998884667867),(-1.75,1.),
 .UNSPECIFIED.);
#84=B_SPLINE_SURFACE_WITH_KNOTS('',3,1,((#12976,#12977),(#12978,#12979),
(#12980,#12981),(#12982,#12983),(#12984,#12985)),.UNSPECIFIED.,.F.,.F.,
 .F.,(4,1,4),(2,2),(0.,0.125135706006847,0.232080126553437),(-1.75,1.),
 .UNSPECIFIED.);
#85=B_SPLINE_SURFACE_WITH_KNOTS('',3,1,((#12987,#12988),(#12989,#12990),
(#12991,#12992),(#12993,#12994),(#12995,#12996)),.UNSPECIFIED.,.F.,.F.,
 .F.,(4,1,4),(2,2),(0.,0.0956790352205747,0.188857663838392),(-1.75,1.),
 .UNSPECIFIED.);
#86=B_SPLINE_SURFACE_WITH_KNOTS('',3,1,((#13002,#13003),(#13004,#13005),
(#13006,#13007),(#13008,#13009),(#13010,#13011)),.UNSPECIFIED.,.F.,.F.,
 .F.,(4,1,4),(2,2),(0.,0.0731380946153786,0.149390918628517),(-1.75,1.),
 .UNSPECIFIED.);
#87=B_SPLINE_SURFACE_WITH_KNOTS('',3,1,((#13021,#13022),(#13023,#13024),
(#13025,#13026),(#13027,#13028),(#13029,#13030)),.UNSPECIFIED.,.F.,.F.,
 .F.,(4,1,4),(2,2),(0.,0.124094821851701,0.220000197675619),(-1.75,1.),
 .UNSPECIFIED.);
#88=B_SPLINE_SURFACE_WITH_KNOTS('',3,1,((#13032,#13033),(#13034,#13035),
(#13036,#13037),(#13038,#13039),(#13040,#13041)),.UNSPECIFIED.,.F.,.F.,
 .F.,(4,1,4),(2,2),(0.,0.0702509813133225,0.145119006326439),(-1.75,1.),
 .UNSPECIFIED.);
#89=B_SPLINE_SURFACE_WITH_KNOTS('',3,1,((#13053,#13054),(#13055,#13056),
(#13057,#13058),(#13059,#13060),(#13061,#13062)),.UNSPECIFIED.,.F.,.F.,
 .F.,(4,1,4),(2,2),(0.,0.0838351592335436,0.201514198033096),(-1.75,1.),
 .UNSPECIFIED.);
#90=B_SPLINE_SURFACE_WITH_KNOTS('',3,1,((#13074,#13075),(#13076,#13077),
(#13078,#13079),(#13080,#13081),(#13082,#13083)),.UNSPECIFIED.,.F.,.F.,
 .F.,(4,1,4),(2,2),(0.,0.0596480438475806,0.135877259613511),(-1.75,1.),
 .UNSPECIFIED.);
#91=B_SPLINE_SURFACE_WITH_KNOTS('',3,1,((#13095,#13096),(#13097,#13098),
(#13099,#13100),(#13101,#13102),(#13103,#13104)),.UNSPECIFIED.,.F.,.F.,
 .F.,(4,1,4),(2,2),(0.,0.0977162357993563,0.220249237525521),(-1.75,1.),
 .UNSPECIFIED.);
#92=B_SPLINE_SURFACE_WITH_KNOTS('',3,1,((#13114,#13115),(#13116,#13117),
(#13118,#13119),(#13120,#13121),(#13122,#13123)),.UNSPECIFIED.,.F.,.F.,
 .F.,(4,1,4),(2,2),(0.,0.177355406297257,0.326207924031468),(-1.75,1.),
 .UNSPECIFIED.);
#93=B_SPLINE_SURFACE_WITH_KNOTS('',3,1,((#13137,#13138),(#13139,#13140),
(#13141,#13142),(#13143,#13144),(#13145,#13146)),.UNSPECIFIED.,.F.,.F.,
 .F.,(4,1,4),(2,2),(0.,0.0909760634254757,0.155534767731572),(-1.75,1.),
 .UNSPECIFIED.);
#94=B_SPLINE_SURFACE_WITH_KNOTS('',3,1,((#13148,#13149),(#13150,#13151),
(#13152,#13153),(#13154,#13155),(#13156,#13157)),.UNSPECIFIED.,.F.,.F.,
 .F.,(4,1,4),(2,2),(0.,0.139679365891702,0.270434383139052),(-1.75,1.),
 .UNSPECIFIED.);
#95=B_SPLINE_SURFACE_WITH_KNOTS('',3,1,((#13159,#13160),(#13161,#13162),
(#13163,#13164),(#13165,#13166),(#13167,#13168)),.UNSPECIFIED.,.F.,.F.,
 .F.,(4,1,4),(2,2),(0.,0.13826349538741,0.301957066227685),(-1.75,1.),
 .UNSPECIFIED.);
#96=B_SPLINE_SURFACE_WITH_KNOTS('',3,1,((#13180,#13181),(#13182,#13183),
(#13184,#13185),(#13186,#13187),(#13188,#13189)),.UNSPECIFIED.,.F.,.F.,
 .F.,(4,1,4),(2,2),(0.,0.112560008903282,0.19313572832766),(-1.75,1.),
 .UNSPECIFIED.);
#97=B_SPLINE_SURFACE_WITH_KNOTS('',3,1,((#14457,#14458),(#14459,#14460),
(#14461,#14462),(#14463,#14464),(#14465,#14466)),.UNSPECIFIED.,.F.,.F.,
 .F.,(4,1,4),(2,2),(0.,0.097543125341612,0.219759827139405),(-1.75,1.),
 .UNSPECIFIED.);
#98=B_SPLINE_SURFACE_WITH_KNOTS('',3,1,((#14468,#14469),(#14470,#14471),
(#14472,#14473),(#14474,#14475),(#14476,#14477)),.UNSPECIFIED.,.F.,.F.,
 .F.,(4,1,4),(2,2),(0.,0.0801806871251639,0.156009693610934),(-1.75,1.),
 .UNSPECIFIED.);
#99=B_SPLINE_SURFACE_WITH_KNOTS('',3,1,((#14479,#14480),(#14481,#14482),
(#14483,#14484),(#14485,#14486),(#14487,#14488)),.UNSPECIFIED.,.F.,.F.,
 .F.,(4,1,4),(2,2),(0.,0.077043213052765,0.159875328252983),(-1.75,1.),
 .UNSPECIFIED.);
#100=B_SPLINE_SURFACE_WITH_KNOTS('',3,1,((#14490,#14491),(#14492,#14493),
(#14494,#14495),(#14496,#14497),(#14498,#14499)),.UNSPECIFIED.,.F.,.F.,
 .F.,(4,1,4),(2,2),(0.,0.0961758530096415,0.213822663935214),(-1.75,1.),
 .UNSPECIFIED.);
#101=B_SPLINE_SURFACE_WITH_KNOTS('',3,1,((#14504,#14505),(#14506,#14507),
(#14508,#14509),(#14510,#14511),(#14512,#14513)),.UNSPECIFIED.,.F.,.F.,
 .F.,(4,1,4),(2,2),(0.,0.0985387423376881,0.190328894123754),(-1.75,1.),
 .UNSPECIFIED.);
#102=B_SPLINE_SURFACE_WITH_KNOTS('',3,1,((#14515,#14516),(#14517,#14518),
(#14519,#14520),(#14521,#14522),(#14523,#14524)),.UNSPECIFIED.,.F.,.F.,
 .F.,(4,1,4),(2,2),(0.,0.077043213052765,0.159875328252983),(-1.75,1.),
 .UNSPECIFIED.);
#103=B_SPLINE_SURFACE_WITH_KNOTS('',3,1,((#14584,#14585),(#14586,#14587),
(#14588,#14589),(#14590,#14591),(#14592,#14593)),.UNSPECIFIED.,.F.,.F.,
 .F.,(4,1,4),(2,2),(0.,0.0696620095936508,0.124385442324236),(0.,1.5),
 .UNSPECIFIED.);
#104=B_SPLINE_SURFACE_WITH_KNOTS('',3,1,((#14605,#14606),(#14607,#14608),
(#14609,#14610),(#14611,#14612),(#14613,#14614)),.UNSPECIFIED.,.F.,.F.,
 .F.,(4,1,4),(2,2),(0.,0.0450443765347242,0.0975430842662336),(0.,1.5),
 .UNSPECIFIED.);
#105=B_SPLINE_SURFACE_WITH_KNOTS('',3,1,((#14670,#14671),(#14672,#14673),
(#14674,#14675),(#14676,#14677),(#14678,#14679)),.UNSPECIFIED.,.F.,.F.,
 .F.,(4,1,4),(2,2),(0.,0.0452831476560211,0.0854442415783651),(0.,1.5),
 .UNSPECIFIED.);
#106=B_SPLINE_SURFACE_WITH_KNOTS('',3,1,((#14681,#14682),(#14683,#14684),
(#14685,#14686),(#14687,#14688),(#14689,#14690)),.UNSPECIFIED.,.F.,.F.,
 .F.,(4,1,4),(2,2),(0.,0.0355417106590204,0.0865097387953922),(0.,1.5),
 .UNSPECIFIED.);
#107=B_SPLINE_SURFACE_WITH_KNOTS('',3,1,((#14698,#14699),(#14700,#14701),
(#14702,#14703),(#14704,#14705),(#14706,#14707)),.UNSPECIFIED.,.F.,.F.,
 .F.,(4,1,4),(2,2),(0.,0.0441851552051621,0.07835731411066),(0.,1.5),
 .UNSPECIFIED.);
#108=B_SPLINE_SURFACE_WITH_KNOTS('',3,1,((#14709,#14710),(#14711,#14712),
(#14713,#14714),(#14715,#14716),(#14717,#14718)),.UNSPECIFIED.,.F.,.F.,
 .F.,(4,1,4),(2,2),(0.,0.0276046746322141,0.0521615495821667),(0.,1.5),
 .UNSPECIFIED.);
#109=B_SPLINE_SURFACE_WITH_KNOTS('',3,1,((#14720,#14721),(#14722,#14723),
(#14724,#14725),(#14726,#14727),(#14728,#14729)),.UNSPECIFIED.,.F.,.F.,
 .F.,(4,1,4),(2,2),(0.,0.034627182648796,0.0736248330806533),(0.,1.5),
 .UNSPECIFIED.);
#110=B_SPLINE_SURFACE_WITH_KNOTS('',3,1,((#14730,#14731),(#14732,#14733),
(#14734,#14735),(#14736,#14737),(#14738,#14739)),.UNSPECIFIED.,.F.,.F.,
 .F.,(4,1,4),(2,2),(0.,0.0538204410704917,0.102099785976495),(0.,1.5),
 .UNSPECIFIED.);
#111=B_SPLINE_SURFACE_WITH_KNOTS('',3,1,((#14753,#14754),(#14755,#14756),
(#14757,#14758),(#14759,#14760),(#14761,#14762)),.UNSPECIFIED.,.F.,.F.,
 .F.,(4,1,4),(2,2),(0.,0.124104354886691,0.218901038642211),(-1.75,1.),
 .UNSPECIFIED.);
#112=B_SPLINE_SURFACE_WITH_KNOTS('',3,1,((#14764,#14765),(#14766,#14767),
(#14768,#14769),(#14770,#14771),(#14772,#14773)),.UNSPECIFIED.,.F.,.F.,
 .F.,(4,1,4),(2,2),(0.,0.0794496882425225,0.160062350086244),(-1.75,1.),
 .UNSPECIFIED.);
#113=B_SPLINE_SURFACE_WITH_KNOTS('',3,1,((#14776,#14777),(#14778,#14779),
(#14780,#14781),(#14782,#14783),(#14784,#14785)),.UNSPECIFIED.,.F.,.F.,
 .F.,(4,1,4),(2,2),(0.,0.0804979481388588,0.160298808112456),(-1.75,1.),
 .UNSPECIFIED.);
#114=B_SPLINE_SURFACE_WITH_KNOTS('',3,1,((#14786,#14787),(#14788,#14789),
(#14790,#14791),(#14792,#14793),(#14794,#14795)),.UNSPECIFIED.,.F.,.F.,
 .F.,(4,1,4),(2,2),(0.,0.0940396113196987,0.215538426647104),(-1.75,1.),
 .UNSPECIFIED.);
#115=B_SPLINE_SURFACE_WITH_KNOTS('',3,1,((#14803,#14804),(#14805,#14806),
(#14807,#14808),(#14809,#14810),(#14811,#14812)),.UNSPECIFIED.,.F.,.F.,
 .F.,(4,1,4),(2,2),(0.,0.122617521317218,0.220560235710631),(-1.75,1.),
 .UNSPECIFIED.);
#116=B_SPLINE_SURFACE_WITH_KNOTS('',3,1,((#14814,#14815),(#14816,#14817),
(#14818,#14819),(#14820,#14821),(#14822,#14823)),.UNSPECIFIED.,.F.,.F.,
 .F.,(4,1,4),(2,2),(0.,0.086000367536698,0.172002998955604),(-1.75,1.),
 .UNSPECIFIED.);
#117=B_SPLINE_SURFACE_WITH_KNOTS('',3,1,((#14825,#14826),(#14827,#14828),
(#14829,#14830),(#14831,#14832),(#14833,#14834)),.UNSPECIFIED.,.F.,.F.,
 .F.,(4,1,4),(2,2),(0.,0.0855193033863361,0.171538535523901),(-1.75,1.),
 .UNSPECIFIED.);
#118=B_SPLINE_SURFACE_WITH_KNOTS('',3,1,((#14861,#14862),(#14863,#14864),
(#14865,#14866),(#14867,#14868),(#14869,#14870)),.UNSPECIFIED.,.F.,.F.,
 .F.,(4,1,4),(2,2),(0.,0.04540939247205,0.0937730006357261),(0.,1.5),
 .UNSPECIFIED.);
#119=B_SPLINE_SURFACE_WITH_KNOTS('',3,1,((#14873,#14874),(#14875,#14876),
(#14877,#14878),(#14879,#14880),(#14881,#14882)),.UNSPECIFIED.,.F.,.F.,
 .F.,(4,1,4),(2,2),(0.,0.0392001652332648,0.0811661370455299),(0.,1.5),
 .UNSPECIFIED.);
#120=B_SPLINE_SURFACE_WITH_KNOTS('',3,1,((#14884,#14885),(#14886,#14887),
(#14888,#14889),(#14890,#14891),(#14892,#14893)),.UNSPECIFIED.,.F.,.F.,
 .F.,(4,1,4),(2,2),(0.,0.0370136307485572,0.0747741520391888),(0.,1.5),
 .UNSPECIFIED.);
#121=B_SPLINE_SURFACE_WITH_KNOTS('',3,1,((#14895,#14896),(#14897,#14898),
(#14899,#14900),(#14901,#14902),(#14903,#14904)),.UNSPECIFIED.,.F.,.F.,
 .F.,(4,1,4),(2,2),(0.,0.0322707368460888,0.0653482975430302),(0.,1.5),
 .UNSPECIFIED.);
#122=B_SPLINE_SURFACE_WITH_KNOTS('',3,1,((#14906,#14907),(#14908,#14909),
(#14910,#14911),(#14912,#14913),(#14914,#14915)),.UNSPECIFIED.,.F.,.F.,
 .F.,(4,1,4),(2,2),(0.,0.0376606229031803,0.0714501353416861),(0.,1.5),
 .UNSPECIFIED.);
#123=B_SPLINE_SURFACE_WITH_KNOTS('',3,1,((#14917,#14918),(#14919,#14920),
(#14921,#14922),(#14923,#14924),(#14925,#14926)),.UNSPECIFIED.,.F.,.F.,
 .F.,(4,1,4),(2,2),(0.,0.0607427876981247,0.10159322980091),(0.,1.5),
 .UNSPECIFIED.);
#124=B_SPLINE_SURFACE_WITH_KNOTS('',3,1,((#14928,#14929),(#14930,#14931),
(#14932,#14933),(#14934,#14935),(#14936,#14937)),.UNSPECIFIED.,.F.,.F.,
 .F.,(4,1,4),(2,2),(0.,0.0338332654140347,0.0923270681767116),(0.,1.5),
 .UNSPECIFIED.);
#125=B_SPLINE_SURFACE_WITH_KNOTS('',3,1,((#14939,#14940),(#14941,#14942),
(#14943,#14944),(#14945,#14946),(#14947,#14948)),.UNSPECIFIED.,.F.,.F.,
 .F.,(4,1,4),(2,2),(0.,0.024245279379359,0.0543126736180368),(0.,1.5),
 .UNSPECIFIED.);
#126=B_SPLINE_SURFACE_WITH_KNOTS('',3,1,((#14950,#14951),(#14952,#14953),
(#14954,#14955),(#14956,#14957),(#14958,#14959)),.UNSPECIFIED.,.F.,.F.,
 .F.,(4,1,4),(2,2),(0.,0.0223035882545491,0.0439336399061137),(0.,1.5),
 .UNSPECIFIED.);
#127=B_SPLINE_SURFACE_WITH_KNOTS('',3,1,((#14961,#14962),(#14963,#14964),
(#14965,#14966),(#14967,#14968),(#14969,#14970)),.UNSPECIFIED.,.F.,.F.,
 .F.,(4,1,4),(2,2),(0.,0.0230911738161641,0.0456673054636357),(0.,1.5),
 .UNSPECIFIED.);
#128=B_SPLINE_SURFACE_WITH_KNOTS('',3,1,((#14972,#14973),(#14974,#14975),
(#14976,#14977),(#14978,#14979),(#14980,#14981)),.UNSPECIFIED.,.F.,.F.,
 .F.,(4,1,4),(2,2),(0.,0.0285870163586817,0.0536094563614668),(0.,1.5),
 .UNSPECIFIED.);
#129=B_SPLINE_SURFACE_WITH_KNOTS('',3,1,((#14983,#14984),(#14985,#14986),
(#14987,#14988),(#14989,#14990),(#14991,#14992)),.UNSPECIFIED.,.F.,.F.,
 .F.,(4,1,4),(2,2),(0.,0.0357520893334247,0.0680809162343921),(0.,1.5),
 .UNSPECIFIED.);
#130=B_SPLINE_SURFACE_WITH_KNOTS('',3,1,((#14994,#14995),(#14996,#14997),
(#14998,#14999),(#15000,#15001),(#15002,#15003)),.UNSPECIFIED.,.F.,.F.,
 .F.,(4,1,4),(2,2),(0.,0.0379079414922568,0.0785787800174322),(0.,1.5),
 .UNSPECIFIED.);
#131=B_SPLINE_SURFACE_WITH_KNOTS('',3,1,((#15005,#15006),(#15007,#15008),
(#15009,#15010),(#15011,#15012),(#15013,#15014)),.UNSPECIFIED.,.F.,.F.,
 .F.,(4,1,4),(2,2),(0.,0.030004871134819,0.0642344083977642),(0.,1.5),
 .UNSPECIFIED.);
#132=B_SPLINE_SURFACE_WITH_KNOTS('',3,1,((#15016,#15017),(#15018,#15019),
(#15020,#15021),(#15022,#15023),(#15024,#15025)),.UNSPECIFIED.,.F.,.F.,
 .F.,(4,1,4),(2,2),(0.,0.0349364764497556,0.0653875736420559),(0.,1.5),
 .UNSPECIFIED.);
#133=B_SPLINE_SURFACE_WITH_KNOTS('',3,1,((#15029,#15030),(#15031,#15032),
(#15033,#15034),(#15035,#15036),(#15037,#15038)),.UNSPECIFIED.,.F.,.F.,
 .F.,(4,1,4),(2,2),(0.,0.0467826079598212,0.0949136489011719),(0.,1.5),
 .UNSPECIFIED.);
#134=B_SPLINE_SURFACE_WITH_KNOTS('',3,1,((#15040,#15041),(#15042,#15043),
(#15044,#15045),(#15046,#15047),(#15048,#15049)),.UNSPECIFIED.,.F.,.F.,
 .F.,(4,1,4),(2,2),(0.,0.0478395686033179,0.094428823351228),(0.,1.5),
 .UNSPECIFIED.);
#135=B_SPLINE_SURFACE_WITH_KNOTS('',3,1,((#15051,#15052),(#15053,#15054),
(#15055,#15056),(#15057,#15058),(#15059,#15060)),.UNSPECIFIED.,.F.,.F.,
 .F.,(4,1,4),(2,2),(0.,0.0625678381488823,0.116040048422177),(0.,1.5),
 .UNSPECIFIED.);
#136=B_SPLINE_SURFACE_WITH_KNOTS('',3,1,((#15062,#15063),(#15064,#15065),
(#15066,#15067),(#15068,#15069),(#15070,#15071)),.UNSPECIFIED.,.F.,.F.,
 .F.,(4,1,4),(2,2),(0.,0.0478081954388639,0.0989051964607272),(0.,1.5),
 .UNSPECIFIED.);
#137=B_SPLINE_SURFACE_WITH_KNOTS('',3,1,((#15073,#15074),(#15075,#15076),
(#15077,#15078),(#15079,#15080),(#15081,#15082)),.UNSPECIFIED.,.F.,.F.,
 .F.,(4,1,4),(2,2),(0.,0.0419476223842245,0.0864878545867068),(0.,1.5),
 .UNSPECIFIED.);
#138=B_SPLINE_SURFACE_WITH_KNOTS('',3,1,((#15084,#15085),(#15086,#15087),
(#15088,#15089),(#15090,#15091),(#15092,#15093)),.UNSPECIFIED.,.F.,.F.,
 .F.,(4,1,4),(2,2),(0.,0.0391722698772859,0.0794514819663475),(0.,1.5),
 .UNSPECIFIED.);
#139=B_SPLINE_SURFACE_WITH_KNOTS('',3,1,((#15095,#15096),(#15097,#15098),
(#15099,#15100),(#15101,#15102),(#15103,#15104)),.UNSPECIFIED.,.F.,.F.,
 .F.,(4,1,4),(2,2),(0.,0.0366940351437528,0.0749500050337058),(0.,1.5),
 .UNSPECIFIED.);
#140=B_SPLINE_SURFACE_WITH_KNOTS('',3,1,((#15106,#15107),(#15108,#15109),
(#15110,#15111),(#15112,#15113),(#15114,#15115)),.UNSPECIFIED.,.F.,.F.,
 .F.,(4,1,4),(2,2),(0.,0.044271262560983,0.0829664702101172),(0.,1.5),
 .UNSPECIFIED.);
#141=B_SPLINE_SURFACE_WITH_KNOTS('',3,1,((#15117,#15118),(#15119,#15120),
(#15121,#15122),(#15123,#15124),(#15125,#15126)),.UNSPECIFIED.,.F.,.F.,
 .F.,(4,1,4),(2,2),(0.,0.0701157211002165,0.115282853559733),(0.,1.5),
 .UNSPECIFIED.);
#142=B_SPLINE_SURFACE_WITH_KNOTS('',3,1,((#15128,#15129),(#15130,#15131),
(#15132,#15133),(#15134,#15135),(#15136,#15137)),.UNSPECIFIED.,.F.,.F.,
 .F.,(4,1,4),(2,2),(0.,0.0387245386833866,0.106441135529537),(0.,1.5),
 .UNSPECIFIED.);
#143=B_SPLINE_SURFACE_WITH_KNOTS('',3,1,((#15139,#15140),(#15141,#15142),
(#15143,#15144),(#15145,#15146),(#15147,#15148)),.UNSPECIFIED.,.F.,.F.,
 .F.,(4,1,4),(2,2),(0.,0.0250329408890552,0.049607452808375),(0.,1.5),
 .UNSPECIFIED.);
#144=B_SPLINE_SURFACE_WITH_KNOTS('',3,1,((#15150,#15151),(#15152,#15153),
(#15154,#15155),(#15156,#15157),(#15158,#15159)),.UNSPECIFIED.,.F.,.F.,
 .F.,(4,1,4),(2,2),(0.,0.0318195402042392,0.0614040845982336),(0.,1.5),
 .UNSPECIFIED.);
#145=B_SPLINE_SURFACE_WITH_KNOTS('',3,1,((#15161,#15162),(#15163,#15164),
(#15165,#15166),(#15167,#15168),(#15169,#15170)),.UNSPECIFIED.,.F.,.F.,
 .F.,(4,1,4),(2,2),(0.,0.0521750760305398,0.0914111667047908),(0.,1.5),
 .UNSPECIFIED.);
#146=B_SPLINE_SURFACE_WITH_KNOTS('',3,1,((#15172,#15173),(#15174,#15175),
(#15176,#15177),(#15178,#15179),(#15180,#15181)),.UNSPECIFIED.,.F.,.F.,
 .F.,(4,1,4),(2,2),(0.,0.040801455729957,0.0917676957326175),(0.,1.5),
 .UNSPECIFIED.);
#147=B_SPLINE_SURFACE_WITH_KNOTS('',3,1,((#15183,#15184),(#15185,#15186),
(#15187,#15188),(#15189,#15190),(#15191,#15192)),.UNSPECIFIED.,.F.,.F.,
 .F.,(4,1,4),(2,2),(0.,0.0430940468117372,0.0811550384687558),(0.,1.5),
 .UNSPECIFIED.);
#148=B_SPLINE_SURFACE_WITH_KNOTS('',3,1,((#15196,#15197),(#15198,#15199),
(#15200,#15201),(#15202,#15203),(#15204,#15205)),.UNSPECIFIED.,.F.,.F.,
 .F.,(4,1,4),(2,2),(0.,0.041039525914752,0.083316783718401),(0.,1.5),
 .UNSPECIFIED.);
#149=B_SPLINE_SURFACE_WITH_KNOTS('',3,1,((#15207,#15208),(#15209,#15210),
(#15211,#15212),(#15213,#15214),(#15215,#15216)),.UNSPECIFIED.,.F.,.F.,
 .F.,(4,1,4),(2,2),(0.,0.043592531802742,0.0848804293987461),(0.,1.5),
 .UNSPECIFIED.);
#150=B_SPLINE_SURFACE_WITH_KNOTS('',3,1,((#15218,#15219),(#15220,#15221),
(#15222,#15223),(#15224,#15225),(#15226,#15227)),.UNSPECIFIED.,.F.,.F.,
 .F.,(4,1,4),(2,2),(0.,0.0525017721592073,0.100177521725064),(0.,1.5),
 .UNSPECIFIED.);
#151=B_SPLINE_SURFACE_WITH_KNOTS('',3,1,((#15287,#15288),(#15289,#15290),
(#15291,#15292),(#15293,#15294),(#15295,#15296)),.UNSPECIFIED.,.F.,.F.,
 .F.,(4,1,4),(2,2),(0.,0.0485630480448175,0.103842358883137),(0.,1.5),
 .UNSPECIFIED.);
#152=B_SPLINE_SURFACE_WITH_KNOTS('',3,1,((#15298,#15299),(#15300,#15301),
(#15302,#15303),(#15304,#15305),(#15306,#15307)),.UNSPECIFIED.,.F.,.F.,
 .F.,(4,1,4),(2,2),(0.,0.0498276383903617,0.0986893412421912),(0.,1.5),
 .UNSPECIFIED.);
#153=B_SPLINE_SURFACE_WITH_KNOTS('',3,1,((#15308,#15309),(#15310,#15311),
(#15312,#15313),(#15314,#15315),(#15316,#15317)),.UNSPECIFIED.,.F.,.F.,
 .F.,(4,1,4),(2,2),(0.,0.0514283609922499,0.104800544120813),(0.,1.5),
 .UNSPECIFIED.);
#154=B_SPLINE_SURFACE_WITH_KNOTS('',3,1,((#15320,#15321),(#15322,#15323),
(#15324,#15325),(#15326,#15327),(#15328,#15329)),.UNSPECIFIED.,.F.,.F.,
 .F.,(4,1,4),(2,2),(0.,0.0421750718066883,0.082213681923165),(0.,1.5),
 .UNSPECIFIED.);
#155=B_SPLINE_SURFACE_WITH_KNOTS('',3,1,((#15331,#15332),(#15333,#15334),
(#15335,#15336),(#15337,#15338),(#15339,#15340)),.UNSPECIFIED.,.F.,.F.,
 .F.,(4,1,4),(2,2),(0.,0.0514465536346328,0.0894306169236947),(0.,1.5),
 .UNSPECIFIED.);
#156=B_SPLINE_SURFACE_WITH_KNOTS('',3,1,((#15348,#15349),(#15350,#15351),
(#15352,#15353),(#15354,#15355),(#15356,#15357)),.UNSPECIFIED.,.F.,.F.,
 .F.,(4,1,4),(2,2),(0.,0.0381002683203688,0.080914275345934),(0.,1.5),
 .UNSPECIFIED.);
#157=B_SPLINE_SURFACE_WITH_KNOTS('',3,1,((#15359,#15360),(#15361,#15362),
(#15363,#15364),(#15365,#15366),(#15367,#15368)),.UNSPECIFIED.,.F.,.F.,
 .F.,(4,1,4),(2,2),(0.,0.0309164128877254,0.064985733814512),(0.,1.5),
 .UNSPECIFIED.);
#158=B_SPLINE_SURFACE_WITH_KNOTS('',3,1,((#15370,#15371),(#15372,#15373),
(#15374,#15375),(#15376,#15377),(#15378,#15379)),.UNSPECIFIED.,.F.,.F.,
 .F.,(4,1,4),(2,2),(0.,0.0337295519492764,0.0645273145916298),(0.,1.5),
 .UNSPECIFIED.);
#159=B_SPLINE_SURFACE_WITH_KNOTS('',3,1,((#15381,#15382),(#15383,#15384),
(#15385,#15386),(#15387,#15388),(#15389,#15390)),.UNSPECIFIED.,.F.,.F.,
 .F.,(4,1,4),(2,2),(0.,0.0429723976708719,0.0806818103111988),(0.,1.5),
 .UNSPECIFIED.);
#160=B_SPLINE_SURFACE_WITH_KNOTS('',3,1,((#15391,#15392),(#15393,#15394),
(#15395,#15396),(#15397,#15398),(#15399,#15400)),.UNSPECIFIED.,.F.,.F.,
 .F.,(4,1,4),(2,2),(0.,0.0576298971104862,0.120959464249015),(0.,1.5),
 .UNSPECIFIED.);
#161=B_SPLINE_SURFACE_WITH_KNOTS('',3,1,((#15401,#15402),(#15403,#15404),
(#15405,#15406),(#15407,#15408),(#15409,#15410)),.UNSPECIFIED.,.F.,.F.,
 .F.,(4,1,4),(2,2),(0.,0.0697225884424718,0.133632077890817),(0.,1.5),
 .UNSPECIFIED.);
#162=B_SPLINE_SURFACE_WITH_KNOTS('',3,1,((#15413,#15414),(#15415,#15416),
(#15417,#15418),(#15419,#15420),(#15421,#15422)),.UNSPECIFIED.,.F.,.F.,
 .F.,(4,1,4),(2,2),(0.,0.0621245003994965,0.125967320464279),(0.,1.5),
 .UNSPECIFIED.);
#163=B_SPLINE_SURFACE_WITH_KNOTS('',3,1,((#15424,#15425),(#15426,#15427),
(#15428,#15429),(#15430,#15431),(#15432,#15433)),.UNSPECIFIED.,.F.,.F.,
 .F.,(4,1,4),(2,2),(0.,0.0626444714739308,0.123969666229396),(0.,1.5),
 .UNSPECIFIED.);
#164=B_SPLINE_SURFACE_WITH_KNOTS('',3,1,((#15435,#15436),(#15437,#15438),
(#15439,#15440),(#15441,#15442),(#15443,#15444)),.UNSPECIFIED.,.F.,.F.,
 .F.,(4,1,4),(2,2),(0.,0.0734952833294861,0.14048457493848),(0.,1.5),
 .UNSPECIFIED.);
#165=B_SPLINE_SURFACE_WITH_KNOTS('',3,1,((#15446,#15447),(#15448,#15449),
(#15450,#15451),(#15452,#15453),(#15454,#15455)),.UNSPECIFIED.,.F.,.F.,
 .F.,(4,1,4),(2,2),(0.,0.0676851739717185,0.13732072869098),(0.,1.5),
 .UNSPECIFIED.);
#166=B_SPLINE_SURFACE_WITH_KNOTS('',3,1,((#15457,#15458),(#15459,#15460),
(#15461,#15462),(#15463,#15464),(#15465,#15466)),.UNSPECIFIED.,.F.,.F.,
 .F.,(4,1,4),(2,2),(0.,0.0600980525143127,0.124009500669748),(0.,1.5),
 .UNSPECIFIED.);
#167=B_SPLINE_SURFACE_WITH_KNOTS('',3,1,((#15468,#15469),(#15470,#15471),
(#15472,#15473),(#15474,#15475),(#15476,#15477)),.UNSPECIFIED.,.F.,.F.,
 .F.,(4,1,4),(2,2),(0.,0.0737466078995256,0.136959556213275),(0.,1.5),
 .UNSPECIFIED.);
#168=B_SPLINE_SURFACE_WITH_KNOTS('',3,1,((#15479,#15480),(#15481,#15482),
(#15483,#15484),(#15485,#15486),(#15487,#15488)),.UNSPECIFIED.,.F.,.F.,
 .F.,(4,1,4),(2,2),(0.,0.0681100205900909,0.140992326943717),(0.,1.5),
 .UNSPECIFIED.);
#169=B_SPLINE_SURFACE_WITH_KNOTS('',3,1,((#15490,#15491),(#15492,#15493),
(#15494,#15495),(#15496,#15497),(#15498,#15499)),.UNSPECIFIED.,.F.,.F.,
 .F.,(4,1,4),(2,2),(0.,0.0775137059431558,0.147133426043138),(0.,1.5),
 .UNSPECIFIED.);
#170=B_SPLINE_SURFACE_WITH_KNOTS('',3,1,((#15503,#15504),(#15505,#15506),
(#15507,#15508),(#15509,#15510),(#15511,#15512)),.UNSPECIFIED.,.F.,.F.,
 .F.,(4,1,4),(2,2),(0.,0.0512823963099658,0.110078218019523),(0.,1.5),
 .UNSPECIFIED.);
#171=B_SPLINE_SURFACE_WITH_KNOTS('',3,1,((#15514,#15515),(#15516,#15517),
(#15518,#15519),(#15520,#15521),(#15522,#15523)),.UNSPECIFIED.,.F.,.F.,
 .F.,(4,1,4),(2,2),(0.,0.05195214168467,0.101047008554048),(0.,1.5),
 .UNSPECIFIED.);
#172=B_SPLINE_SURFACE_WITH_KNOTS('',3,1,((#15525,#15526),(#15527,#15528),
(#15529,#15530),(#15531,#15532),(#15533,#15534)),.UNSPECIFIED.,.F.,.F.,
 .F.,(4,1,4),(2,2),(0.,0.0444930069441298,0.0889664265480779),(0.,1.5),
 .UNSPECIFIED.);
#173=B_SPLINE_SURFACE_WITH_KNOTS('',3,1,((#15536,#15537),(#15538,#15539),
(#15540,#15541),(#15542,#15543),(#15544,#15545)),.UNSPECIFIED.,.F.,.F.,
 .F.,(4,1,4),(2,2),(0.,0.0478719970481904,0.0929633596588639),(0.,1.5),
 .UNSPECIFIED.);
#174=B_SPLINE_SURFACE_WITH_KNOTS('',3,1,((#15547,#15548),(#15549,#15550),
(#15551,#15552),(#15553,#15554),(#15555,#15556)),.UNSPECIFIED.,.F.,.F.,
 .F.,(4,1,4),(2,2),(0.,0.0599093602297893,0.113387044139146),(0.,1.5),
 .UNSPECIFIED.);
#175=B_SPLINE_SURFACE_WITH_KNOTS('',3,1,((#15558,#15559),(#15560,#15561),
(#15562,#15563),(#15564,#15565),(#15566,#15567)),.UNSPECIFIED.,.F.,.F.,
 .F.,(4,1,4),(2,2),(0.,0.0487222242119251,0.0976093587307881),(0.,1.5),
 .UNSPECIFIED.);
#176=B_SPLINE_SURFACE_WITH_KNOTS('',3,1,((#15569,#15570),(#15571,#15572),
(#15573,#15574),(#15575,#15576),(#15577,#15578)),.UNSPECIFIED.,.F.,.F.,
 .F.,(4,1,4),(2,2),(0.,0.0461857390285471,0.0931860026738573),(0.,1.5),
 .UNSPECIFIED.);
#177=B_SPLINE_SURFACE_WITH_KNOTS('',3,1,((#15580,#15581),(#15582,#15583),
(#15584,#15585),(#15586,#15587),(#15588,#15589)),.UNSPECIFIED.,.F.,.F.,
 .F.,(4,1,4),(2,2),(0.,0.0533564577112734,0.101487537212323),(0.,1.5),
 .UNSPECIFIED.);
#178=B_SPLINE_SURFACE_WITH_KNOTS('',3,1,((#15591,#15592),(#15593,#15594),
(#15595,#15596),(#15597,#15598),(#15599,#15600)),.UNSPECIFIED.,.F.,.F.,
 .F.,(4,1,4),(2,2),(0.,0.0417546632018478,0.0880481616069618),(0.,1.5),
 .UNSPECIFIED.);
#179=B_SPLINE_SURFACE_WITH_KNOTS('',3,1,((#15602,#15603),(#15604,#15605),
(#15606,#15607),(#15608,#15609),(#15610,#15611)),.UNSPECIFIED.,.F.,.F.,
 .F.,(4,1,4),(2,2),(0.,0.0517466569672304,0.0952745303357007),(0.,1.5),
 .UNSPECIFIED.);
#180=B_SPLINE_SURFACE_WITH_KNOTS('',3,1,((#15615,#15616),(#15617,#15618),
(#15619,#15620),(#15621,#15622),(#15623,#15624)),.UNSPECIFIED.,.F.,.F.,
 .F.,(4,1,4),(2,2),(0.,0.0632121018739253,0.130716198195836),(0.,1.5),
 .UNSPECIFIED.);
#181=B_SPLINE_SURFACE_WITH_KNOTS('',3,1,((#15630,#15631),(#15632,#15633),
(#15634,#15635),(#15636,#15637),(#15638,#15639)),.UNSPECIFIED.,.F.,.F.,
 .F.,(4,1,4),(2,2),(0.,0.0708086204473841,0.168902419091606),(-1.75,1.),
 .UNSPECIFIED.);
#182=B_SPLINE_SURFACE_WITH_KNOTS('',3,1,((#15640,#15641),(#15642,#15643),
(#15644,#15645),(#15646,#15647),(#15648,#15649)),.UNSPECIFIED.,.F.,.F.,
 .F.,(4,1,4),(2,2),(0.,0.137931781826059,0.268900746858058),(-1.75,1.),
 .UNSPECIFIED.);
#183=B_SPLINE_SURFACE_WITH_KNOTS('',3,1,((#15651,#15652),(#15653,#15654),
(#15655,#15656),(#15657,#15658),(#15659,#15660)),.UNSPECIFIED.,.F.,.F.,
 .F.,(4,1,4),(2,2),(0.,0.1199775023854,0.245745170816491),(-1.75,1.),
 .UNSPECIFIED.);
#184=B_SPLINE_SURFACE_WITH_KNOTS('',3,1,((#15664,#15665),(#15666,#15667),
(#15668,#15669),(#15670,#15671),(#15672,#15673)),.UNSPECIFIED.,.F.,.F.,
 .F.,(4,1,4),(2,2),(0.,0.0633875664100142,0.123765797286167),(-1.75,1.),
 .UNSPECIFIED.);
#185=B_SPLINE_SURFACE_WITH_KNOTS('',3,1,((#15675,#15676),(#15677,#15678),
(#15679,#15680),(#15681,#15682),(#15683,#15684)),.UNSPECIFIED.,.F.,.F.,
 .F.,(4,1,4),(2,2),(0.,0.0756217572078745,0.144492311253089),(-1.75,1.),
 .UNSPECIFIED.);
#186=B_SPLINE_SURFACE_WITH_KNOTS('',3,1,((#15686,#15687),(#15688,#15689),
(#15690,#15691),(#15692,#15693),(#15694,#15695)),.UNSPECIFIED.,.F.,.F.,
 .F.,(4,1,4),(2,2),(0.,0.122586787959205,0.244861768766678),(-1.75,1.),
 .UNSPECIFIED.);
#187=B_SPLINE_SURFACE_WITH_KNOTS('',3,1,((#15702,#15703),(#15704,#15705),
(#15706,#15707),(#15708,#15709),(#15710,#15711)),.UNSPECIFIED.,.F.,.F.,
 .F.,(4,1,4),(2,2),(0.,0.0551745509943198,0.103770927883787),(-1.75,1.),
 .UNSPECIFIED.);
#188=B_SPLINE_SURFACE_WITH_KNOTS('',3,1,((#15713,#15714),(#15715,#15716),
(#15717,#15718),(#15719,#15720),(#15721,#15722)),.UNSPECIFIED.,.F.,.F.,
 .F.,(4,1,4),(2,2),(0.,0.063115744496926,0.123316001130562),(-1.75,1.),
 .UNSPECIFIED.);
#189=B_SPLINE_SURFACE_WITH_KNOTS('',3,1,((#15724,#15725),(#15726,#15727),
(#15728,#15729),(#15730,#15731),(#15732,#15733)),.UNSPECIFIED.,.F.,.F.,
 .F.,(4,1,4),(2,2),(0.,0.132402660776693,0.268724492514855),(-1.75,1.),
 .UNSPECIFIED.);
#190=B_SPLINE_SURFACE_WITH_KNOTS('',3,1,((#15737,#15738),(#15739,#15740),
(#15741,#15742),(#15743,#15744),(#15745,#15746)),.UNSPECIFIED.,.F.,.F.,
 .F.,(4,1,4),(2,2),(0.,0.077285072859297,0.157998243049218),(-1.75,1.),
 .UNSPECIFIED.);
#191=B_SPLINE_SURFACE_WITH_KNOTS('',3,1,((#15748,#15749),(#15750,#15751),
(#15752,#15753),(#15754,#15755),(#15756,#15757)),.UNSPECIFIED.,.F.,.F.,
 .F.,(4,1,4),(2,2),(0.,0.144782224806019,0.243466388519591),(-1.75,1.),
 .UNSPECIFIED.);
#192=B_SPLINE_SURFACE_WITH_KNOTS('',3,1,((#15760,#15761),(#15762,#15763),
(#15764,#15765),(#15766,#15767),(#15768,#15769)),.UNSPECIFIED.,.F.,.F.,
 .F.,(4,1,4),(2,2),(0.,0.119822139723996,0.242184381562539),(-1.75,1.),
 .UNSPECIFIED.);
#193=B_SPLINE_SURFACE_WITH_KNOTS('',3,1,((#15771,#15772),(#15773,#15774),
(#15775,#15776),(#15777,#15778),(#15779,#15780)),.UNSPECIFIED.,.F.,.F.,
 .F.,(4,1,4),(2,2),(0.,0.085380427812739,0.176124350847929),(-1.75,1.),
 .UNSPECIFIED.);
#194=B_SPLINE_SURFACE_WITH_KNOTS('',3,1,((#15782,#15783),(#15784,#15785),
(#15786,#15787),(#15788,#15789),(#15790,#15791)),.UNSPECIFIED.,.F.,.F.,
 .F.,(4,1,4),(2,2),(0.,0.0902549160999303,0.175584713756806),(-1.75,1.),
 .UNSPECIFIED.);
#195=B_SPLINE_SURFACE_WITH_KNOTS('',3,1,((#15792,#15793),(#15794,#15795),
(#15796,#15797),(#15798,#15799),(#15800,#15801)),.UNSPECIFIED.,.F.,.F.,
 .F.,(4,1,4),(2,2),(0.,0.0757877164406787,0.128905402756581),(-1.75,1.),
 .UNSPECIFIED.);
#196=B_SPLINE_SURFACE_WITH_KNOTS('',3,1,((#15804,#15805),(#15806,#15807),
(#15808,#15809),(#15810,#15811),(#15812,#15813)),.UNSPECIFIED.,.F.,.F.,
 .F.,(4,1,4),(2,2),(0.,0.0784002500842333,0.162332245299089),(-1.75,1.),
 .UNSPECIFIED.);
#197=B_SPLINE_SURFACE_WITH_KNOTS('',3,1,((#15815,#15816),(#15817,#15818),
(#15819,#15820),(#15821,#15822),(#15823,#15824)),.UNSPECIFIED.,.F.,.F.,
 .F.,(4,1,4),(2,2),(0.,0.0740272441962973,0.149548363090776),(-1.75,1.),
 .UNSPECIFIED.);
#198=B_SPLINE_SURFACE_WITH_KNOTS('',3,1,((#15826,#15827),(#15828,#15829),
(#15830,#15831),(#15832,#15833),(#15834,#15835)),.UNSPECIFIED.,.F.,.F.,
 .F.,(4,1,4),(2,2),(0.,0.0645414736921776,0.13069659508606),(-1.75,1.),
 .UNSPECIFIED.);
#199=B_SPLINE_SURFACE_WITH_KNOTS('',3,1,((#15837,#15838),(#15839,#15840),
(#15841,#15842),(#15843,#15844),(#15845,#15846)),.UNSPECIFIED.,.F.,.F.,
 .F.,(4,1,4),(2,2),(0.,0.0753212458063606,0.142900270683372),(-1.75,1.),
 .UNSPECIFIED.);
#200=B_SPLINE_SURFACE_WITH_KNOTS('',3,1,((#15848,#15849),(#15850,#15851),
(#15852,#15853),(#15854,#15855),(#15856,#15857)),.UNSPECIFIED.,.F.,.F.,
 .F.,(4,1,4),(2,2),(0.,0.12148554665615,0.203186458543194),(-1.75,1.),
 .UNSPECIFIED.);
#201=B_SPLINE_SURFACE_WITH_KNOTS('',3,1,((#15859,#15860),(#15861,#15862),
(#15863,#15864),(#15865,#15866),(#15867,#15868)),.UNSPECIFIED.,.F.,.F.,
 .F.,(4,1,4),(2,2),(0.,0.0676665023623758,0.184654136777085),(-1.75,1.),
 .UNSPECIFIED.);
#202=B_SPLINE_SURFACE_WITH_KNOTS('',3,1,((#15870,#15871),(#15872,#15873),
(#15874,#15875),(#15876,#15877),(#15878,#15879)),.UNSPECIFIED.,.F.,.F.,
 .F.,(4,1,4),(2,2),(0.,0.0484905143196266,0.108625356209997),(-1.75,1.),
 .UNSPECIFIED.);
#203=B_SPLINE_SURFACE_WITH_KNOTS('',3,1,((#15881,#15882),(#15883,#15884),
(#15885,#15886),(#15887,#15888),(#15889,#15890)),.UNSPECIFIED.,.F.,.F.,
 .F.,(4,1,4),(2,2),(0.,0.0446071605582673,0.0878673413987305),(-1.75,1.),
 .UNSPECIFIED.);
#204=B_SPLINE_SURFACE_WITH_KNOTS('',3,1,((#15892,#15893),(#15894,#15895),
(#15896,#15897),(#15898,#15899),(#15900,#15901)),.UNSPECIFIED.,.F.,.F.,
 .F.,(4,1,4),(2,2),(0.,0.0461824914906759,0.0913347337651887),(-1.75,1.),
 .UNSPECIFIED.);
#205=B_SPLINE_SURFACE_WITH_KNOTS('',3,1,((#15903,#15904),(#15905,#15906),
(#15907,#15908),(#15909,#15910),(#15911,#15912)),.UNSPECIFIED.,.F.,.F.,
 .F.,(4,1,4),(2,2),(0.,0.0571739404706614,0.107218767287297),(-1.75,1.),
 .UNSPECIFIED.);
#206=B_SPLINE_SURFACE_WITH_KNOTS('',3,1,((#15914,#15915),(#15916,#15917),
(#15918,#15919),(#15920,#15921),(#15922,#15923)),.UNSPECIFIED.,.F.,.F.,
 .F.,(4,1,4),(2,2),(0.,0.071504208376731,0.136161977252531),(-1.75,1.),
 .UNSPECIFIED.);
#207=B_SPLINE_SURFACE_WITH_KNOTS('',3,1,((#15925,#15926),(#15927,#15928),
(#15929,#15930),(#15931,#15932),(#15933,#15934)),.UNSPECIFIED.,.F.,.F.,
 .F.,(4,1,4),(2,2),(0.,0.0758158544950015,0.157157561223483),(-1.75,1.),
 .UNSPECIFIED.);
#208=B_SPLINE_SURFACE_WITH_KNOTS('',3,1,((#15936,#15937),(#15938,#15939),
(#15940,#15941),(#15942,#15943),(#15944,#15945)),.UNSPECIFIED.,.F.,.F.,
 .F.,(4,1,4),(2,2),(0.,0.0600096190447275,0.128468667772982),(-1.75,1.),
 .UNSPECIFIED.);
#209=B_SPLINE_SURFACE_WITH_KNOTS('',3,1,((#15947,#15948),(#15949,#15950),
(#15951,#15952),(#15953,#15954),(#15955,#15956)),.UNSPECIFIED.,.F.,.F.,
 .F.,(4,1,4),(2,2),(0.,0.0698729780660153,0.130775224356029),(-1.75,1.),
 .UNSPECIFIED.);
#210=B_SPLINE_SURFACE_WITH_KNOTS('',3,1,((#15960,#15961),(#15962,#15963),
(#15964,#15965),(#15966,#15967),(#15968,#15969)),.UNSPECIFIED.,.F.,.F.,
 .F.,(4,1,4),(2,2),(0.,0.0935651144537266,0.189827224370903),(-1.75,1.),
 .UNSPECIFIED.);
#211=FACE_BOUND('',#1284,.T.);
#212=FACE_BOUND('',#1285,.T.);
#213=FACE_BOUND('',#1286,.T.);
#214=FACE_BOUND('',#1287,.T.);
#215=FACE_BOUND('',#1288,.T.);
#216=FACE_BOUND('',#1289,.T.);
#217=FACE_BOUND('',#1290,.T.);
#218=FACE_BOUND('',#1291,.T.);
#219=FACE_BOUND('',#1292,.T.);
#220=FACE_BOUND('',#1293,.T.);
#221=FACE_BOUND('',#1294,.T.);
#222=FACE_BOUND('',#1295,.T.);
#223=FACE_BOUND('',#1296,.T.);
#224=FACE_BOUND('',#1297,.T.);
#225=FACE_BOUND('',#1298,.T.);
#226=FACE_BOUND('',#1299,.T.);
#227=FACE_BOUND('',#1300,.T.);
#228=FACE_BOUND('',#1301,.T.);
#229=FACE_BOUND('',#1306,.T.);
#230=FACE_BOUND('',#1307,.T.);
#231=FACE_BOUND('',#1308,.T.);
#232=FACE_BOUND('',#1309,.T.);
#233=FACE_BOUND('',#1310,.T.);
#234=FACE_BOUND('',#1311,.T.);
#235=FACE_BOUND('',#1312,.T.);
#236=FACE_BOUND('',#1313,.T.);
#237=FACE_BOUND('',#1314,.T.);
#238=FACE_BOUND('',#1315,.T.);
#239=FACE_BOUND('',#1316,.T.);
#240=FACE_BOUND('',#1317,.T.);
#241=FACE_BOUND('',#1318,.T.);
#242=FACE_BOUND('',#1319,.T.);
#243=FACE_BOUND('',#1320,.T.);
#244=FACE_BOUND('',#1321,.T.);
#245=FACE_BOUND('',#1322,.T.);
#246=FACE_BOUND('',#1323,.T.);
#247=FACE_BOUND('',#1500,.T.);
#248=FACE_BOUND('',#1501,.T.);
#249=FACE_BOUND('',#1502,.T.);
#250=FACE_BOUND('',#1503,.T.);
#251=FACE_BOUND('',#1504,.T.);
#252=FACE_BOUND('',#1505,.T.);
#253=FACE_BOUND('',#1506,.T.);
#254=FACE_BOUND('',#1507,.T.);
#255=FACE_BOUND('',#1508,.T.);
#256=FACE_BOUND('',#1509,.T.);
#257=FACE_BOUND('',#1512,.T.);
#258=FACE_BOUND('',#1513,.T.);
#259=FACE_BOUND('',#1514,.T.);
#260=FACE_BOUND('',#1515,.T.);
#261=FACE_BOUND('',#1516,.T.);
#262=FACE_BOUND('',#1517,.T.);
#263=FACE_BOUND('',#1518,.T.);
#264=FACE_BOUND('',#1519,.T.);
#265=FACE_BOUND('',#1520,.T.);
#266=B_SPLINE_CURVE_WITH_KNOTS('',3,(#9765,#9766,#9767,#9768,#9769,#9770,
#9771),.UNSPECIFIED.,.F.,.F.,(4,3,4),(-0.280863444272291,-0.101769556686961,
0.),.UNSPECIFIED.);
#267=B_SPLINE_CURVE_WITH_KNOTS('',3,(#9773,#9774,#9775,#9776,#9777,#9778,
#9779),.UNSPECIFIED.,.F.,.F.,(4,3,4),(-0.285233239117733,-0.138487104282568,
0.),.UNSPECIFIED.);
#268=B_SPLINE_CURVE_WITH_KNOTS('',3,(#9781,#9782,#9783,#9784,#9785,#9786,
#9787),.UNSPECIFIED.,.F.,.F.,(4,3,4),(-0.239240771932966,-0.118402278392785,
-2.77555756156289E-17),.UNSPECIFIED.);
#269=B_SPLINE_CURVE_WITH_KNOTS('',3,(#9789,#9790,#9791,#9792,#9793,#9794,
#9795),.UNSPECIFIED.,.F.,.F.,(4,3,4),(-0.165320657298454,-0.104039771855929,
0.),.UNSPECIFIED.);
#270=B_SPLINE_CURVE_WITH_KNOTS('',3,(#9797,#9798,#9799,#9800,#9801,#9802,
#9803),.UNSPECIFIED.,.F.,.F.,(4,3,4),(-0.118311581141119,-0.0607425363373463,
1.38777878078145E-17),.UNSPECIFIED.);
#271=B_SPLINE_CURVE_WITH_KNOTS('',3,(#9805,#9806,#9807,#9808,#9809,#9810,
#9811),.UNSPECIFIED.,.F.,.F.,(4,3,4),(-0.15552597606019,-0.0696505657354646,
0.),.UNSPECIFIED.);
#272=B_SPLINE_CURVE_WITH_KNOTS('',3,(#9813,#9814,#9815,#9816,#9817,#9818,
#9819),.UNSPECIFIED.,.F.,.F.,(4,3,4),(-0.134268882551314,-0.0730126310902604,
0.),.UNSPECIFIED.);
#273=B_SPLINE_CURVE_WITH_KNOTS('',3,(#9821,#9822,#9823,#9824,#9825,#9826,
#9827),.UNSPECIFIED.,.F.,.F.,(4,3,4),(-0.104080477587568,-0.0480625558907076,
-1.38777878078145E-17),.UNSPECIFIED.);
#274=B_SPLINE_CURVE_WITH_KNOTS('',3,(#9831,#9832,#9833,#9834,#9835,#9836,
#9837),.UNSPECIFIED.,.F.,.F.,(4,3,4),(-0.178813528921942,-0.0939630077512762,
0.),.UNSPECIFIED.);
#275=B_SPLINE_CURVE_WITH_KNOTS('',3,(#9839,#9840,#9841,#9842,#9843,#9844,
#9845),.UNSPECIFIED.,.F.,.F.,(4,3,4),(-0.244819331964276,-0.113537466339629,
0.),.UNSPECIFIED.);
#276=B_SPLINE_CURVE_WITH_KNOTS('',3,(#9847,#9848,#9849,#9850,#9851,#9852,
#9853),.UNSPECIFIED.,.F.,.F.,(4,3,4),(-0.192541417483055,-0.102492310396457,
0.),.UNSPECIFIED.);
#277=B_SPLINE_CURVE_WITH_KNOTS('',3,(#9855,#9856,#9857,#9858,#9859,#9860,
#9861),.UNSPECIFIED.,.F.,.F.,(4,3,4),(-0.160542000525042,-0.0820126449568914,
0.),.UNSPECIFIED.);
#278=B_SPLINE_CURVE_WITH_KNOTS('',3,(#9863,#9864,#9865,#9866,#9867,#9868,
#9869),.UNSPECIFIED.,.F.,.F.,(4,3,4),(-0.273329264481505,-0.110788474942334,
0.),.UNSPECIFIED.);
#279=B_SPLINE_CURVE_WITH_KNOTS('',3,(#9875,#9876,#9877,#9878,#9879,#9880,
#9881),.UNSPECIFIED.,.F.,.F.,(4,3,4),(-0.199311420767426,-0.0703469021961448,
2.77555756156289E-17),.UNSPECIFIED.);
#280=B_SPLINE_CURVE_WITH_KNOTS('',3,(#9883,#9884,#9885,#9886,#9887,#9888,
#9889),.UNSPECIFIED.,.F.,.F.,(4,3,4),(-0.164904701001601,-0.0830514289657709,
0.),.UNSPECIFIED.);
#281=B_SPLINE_CURVE_WITH_KNOTS('',3,(#9891,#9892,#9893,#9894,#9895,#9896,
#9897),.UNSPECIFIED.,.F.,.F.,(4,3,4),(-0.166579329432232,-0.0829274646458481,
0.),.UNSPECIFIED.);
#282=B_SPLINE_CURVE_WITH_KNOTS('',3,(#9899,#9900,#9901,#9902,#9903,#9904,
#9905),.UNSPECIFIED.,.F.,.F.,(4,3,4),(-0.136240958391567,-0.0893235473697391,
0.),.UNSPECIFIED.);
#283=B_SPLINE_CURVE_WITH_KNOTS('',3,(#9911,#9912,#9913,#9914,#9915,#9916,
#9917),.UNSPECIFIED.,.F.,.F.,(4,3,4),(-0.193964876827949,-0.0960751732876319,
2.77555756156289E-17),.UNSPECIFIED.);
#284=B_SPLINE_CURVE_WITH_KNOTS('',3,(#9919,#9920,#9921,#9922,#9923,#9924,
#9925),.UNSPECIFIED.,.F.,.F.,(4,3,4),(-0.16325016601722,-0.0832654397943028,
-2.77555756156289E-17),.UNSPECIFIED.);
#285=B_SPLINE_CURVE_WITH_KNOTS('',3,(#9927,#9928,#9929,#9930,#9931,#9932,
#9933),.UNSPECIFIED.,.F.,.F.,(4,3,4),(-0.172504670410355,-0.0844048821939308,
0.),.UNSPECIFIED.);
#286=B_SPLINE_CURVE_WITH_KNOTS('',3,(#9935,#9936,#9937,#9938,#9939,#9940,
#9941),.UNSPECIFIED.,.F.,.F.,(4,3,4),(-0.184762977758747,-0.0952096256242626,
-2.77555756156289E-17),.UNSPECIFIED.);
#287=B_SPLINE_CURVE_WITH_KNOTS('',3,(#9951,#9952,#9953,#9954,#9955,#9956,
#9957),.UNSPECIFIED.,.F.,.F.,(4,3,4),(-0.250404164345165,-0.126515238998058,
0.),.UNSPECIFIED.);
#288=B_SPLINE_CURVE_WITH_KNOTS('',3,(#9959,#9960,#9961,#9962,#9963,#9964,
#9965),.UNSPECIFIED.,.F.,.F.,(4,3,4),(-0.178825754339215,-0.09213575755052,
0.),.UNSPECIFIED.);
#289=B_SPLINE_CURVE_WITH_KNOTS('',3,(#9967,#9968,#9969,#9970,#9971,#9972,
#9973),.UNSPECIFIED.,.F.,.F.,(4,3,4),(-0.186379473735542,-0.0905757821451144,
0.),.UNSPECIFIED.);
#290=B_SPLINE_CURVE_WITH_KNOTS('',3,(#9974,#9975,#9976,#9977,#9978,#9979,
#9980),.UNSPECIFIED.,.F.,.F.,(4,3,4),(-0.155426485561605,-0.0917339520671317,
0.),.UNSPECIFIED.);
#291=B_SPLINE_CURVE_WITH_KNOTS('',3,(#9983,#9984,#9985,#9986,#9987,#9988,
#9989),.UNSPECIFIED.,.F.,.F.,(4,3,4),(-0.196102742870155,-0.0967532070314582,
0.),.UNSPECIFIED.);
#292=B_SPLINE_CURVE_WITH_KNOTS('',3,(#9991,#9992,#9993,#9994,#9995,#9996,
#9997),.UNSPECIFIED.,.F.,.F.,(4,3,4),(-0.256900636814251,-0.118381914686797,
0.),.UNSPECIFIED.);
#293=B_SPLINE_CURVE_WITH_KNOTS('',3,(#9999,#10000,#10001,#10002,#10003,
#10004,#10005),.UNSPECIFIED.,.F.,.F.,(4,3,4),(-0.199513978572513,-0.103074075382237,
2.77555756156289E-17),.UNSPECIFIED.);
#294=B_SPLINE_CURVE_WITH_KNOTS('',3,(#10007,#10008,#10009,#10010,#10011,
#10012,#10013),.UNSPECIFIED.,.F.,.F.,(4,3,4),(-0.175422336744811,-0.0903405265495344,
0.),.UNSPECIFIED.);
#295=B_SPLINE_CURVE_WITH_KNOTS('',3,(#10015,#10016,#10017,#10018,#10019,
#10020,#10021),.UNSPECIFIED.,.F.,.F.,(4,3,4),(-0.161072924443836,-0.0816585717705585,
0.),.UNSPECIFIED.);
#296=B_SPLINE_CURVE_WITH_KNOTS('',3,(#10023,#10024,#10025,#10026,#10027,
#10028,#10029),.UNSPECIFIED.,.F.,.F.,(4,3,4),(-0.152132973513638,-0.0776516797933977,
-2.77555756156289E-17),.UNSPECIFIED.);
#297=B_SPLINE_CURVE_WITH_KNOTS('',3,(#10031,#10032,#10033,#10034,#10035,
#10036,#10037),.UNSPECIFIED.,.F.,.F.,(4,3,4),(-0.183156221761558,-0.0854234564668371,
0.),.UNSPECIFIED.);
#298=B_SPLINE_CURVE_WITH_KNOTS('',3,(#10039,#10040,#10041,#10042,#10043,
#10044,#10045),.UNSPECIFIED.,.F.,.F.,(4,3,4),(-0.255560782134116,-0.100127024914406,
0.),.UNSPECIFIED.);
#299=B_SPLINE_CURVE_WITH_KNOTS('',3,(#10047,#10048,#10049,#10050,#10051,
#10052,#10053),.UNSPECIFIED.,.F.,.F.,(4,3,4),(-0.225008602174556,-0.143147811687642,
0.),.UNSPECIFIED.);
#300=B_SPLINE_CURVE_WITH_KNOTS('',3,(#10055,#10056,#10057,#10058,#10059,
#10060,#10061),.UNSPECIFIED.,.F.,.F.,(4,3,4),(-0.103884001758326,-0.0514619980448913,
-1.38777878078145E-17),.UNSPECIFIED.);
#301=B_SPLINE_CURVE_WITH_KNOTS('',3,(#10063,#10064,#10065,#10066,#10067,
#10068,#10069),.UNSPECIFIED.,.F.,.F.,(4,3,4),(-0.134257046252565,-0.0646852652120368,
0.),.UNSPECIFIED.);
#302=B_SPLINE_CURVE_WITH_KNOTS('',3,(#10071,#10072,#10073,#10074,#10075,
#10076,#10077),.UNSPECIFIED.,.F.,.F.,(4,3,4),(-0.208094814100611,-0.0893198977709849,
0.),.UNSPECIFIED.);
#303=B_SPLINE_CURVE_WITH_KNOTS('',3,(#10079,#10080,#10081,#10082,#10083,
#10084,#10085),.UNSPECIFIED.,.F.,.F.,(4,3,4),(-0.189155073529583,-0.105053483423658,
0.),.UNSPECIFIED.);
#304=B_SPLINE_CURVE_WITH_KNOTS('',3,(#10087,#10088,#10089,#10090,#10091,
#10092,#10093),.UNSPECIFIED.,.F.,.F.,(4,3,4),(-0.180496214383869,-0.0846510910429192,
0.),.UNSPECIFIED.);
#305=B_SPLINE_CURVE_WITH_KNOTS('',3,(#10097,#10098,#10099,#10100,#10101,
#10102,#10103),.UNSPECIFIED.,.F.,.F.,(4,3,4),(-0.16866568018827,-0.0855856478174638,
0.),.UNSPECIFIED.);
#306=B_SPLINE_CURVE_WITH_KNOTS('',3,(#10105,#10106,#10107,#10108,#10109,
#10110,#10111),.UNSPECIFIED.,.F.,.F.,(4,3,4),(-0.180095733852408,-0.087602822432493,
2.77555756156289E-17),.UNSPECIFIED.);
#307=B_SPLINE_CURVE_WITH_KNOTS('',3,(#10113,#10114,#10115,#10116,#10117,
#10118,#10119),.UNSPECIFIED.,.F.,.F.,(4,3,4),(-0.216371616116912,-0.102973818909304,
2.77555756156289E-17),.UNSPECIFIED.);
#308=B_SPLINE_CURVE_WITH_KNOTS('',3,(#10121,#10122,#10123,#10124,#10125,
#10126,#10127),.UNSPECIFIED.,.F.,.F.,(4,3,4),(-0.188898088352846,-0.0974245734850683,
0.),.UNSPECIFIED.);
#309=B_SPLINE_CURVE_WITH_KNOTS('',3,(#10129,#10130,#10131,#10132,#10133,
#10134,#10135),.UNSPECIFIED.,.F.,.F.,(4,3,4),(-0.164950046847509,-0.0852854989912041,
0.),.UNSPECIFIED.);
#310=B_SPLINE_CURVE_WITH_KNOTS('',3,(#10137,#10138,#10139,#10140,#10141,
#10142,#10143),.UNSPECIFIED.,.F.,.F.,(4,3,4),(-0.151596278314531,-0.0765553050661128,
2.77555756156289E-17),.UNSPECIFIED.);
#311=B_SPLINE_CURVE_WITH_KNOTS('',3,(#10145,#10146,#10147,#10148,#10149,
#10150,#10151),.UNSPECIFIED.,.F.,.F.,(4,3,4),(-0.132404938746492,-0.0670198392709161,
0.),.UNSPECIFIED.);
#312=B_SPLINE_CURVE_WITH_KNOTS('',3,(#10153,#10154,#10155,#10156,#10157,
#10158,#10159),.UNSPECIFIED.,.F.,.F.,(4,3,4),(-0.155901064692656,-0.0737272356366748,
0.),.UNSPECIFIED.);
#313=B_SPLINE_CURVE_WITH_KNOTS('',3,(#10161,#10162,#10163,#10164,#10165,
#10166,#10167),.UNSPECIFIED.,.F.,.F.,(4,3,4),(-0.226901761647715,-0.0912367928862448,
0.),.UNSPECIFIED.);
#314=B_SPLINE_CURVE_WITH_KNOTS('',3,(#10169,#10170,#10171,#10172,#10173,
#10174,#10175),.UNSPECIFIED.,.F.,.F.,(4,3,4),(-0.193351709119013,-0.122497981657356,
0.),.UNSPECIFIED.);
#315=B_SPLINE_CURVE_WITH_KNOTS('',3,(#10177,#10178,#10179,#10180,#10181,
#10182,#10183),.UNSPECIFIED.,.F.,.F.,(4,3,4),(-0.111043980966455,-0.0614737890975085,
-1.38777878078145E-17),.UNSPECIFIED.);
#316=B_SPLINE_CURVE_WITH_KNOTS('',3,(#10185,#10186,#10187,#10188,#10189,
#10190,#10191),.UNSPECIFIED.,.F.,.F.,(4,3,4),(-0.0919084463693116,-0.0452497588684284,
0.),.UNSPECIFIED.);
#317=B_SPLINE_CURVE_WITH_KNOTS('',3,(#10193,#10194,#10195,#10196,#10197,
#10198,#10199),.UNSPECIFIED.,.F.,.F.,(4,3,4),(-0.0947220441530374,-0.0468267931598783,
0.),.UNSPECIFIED.);
#318=B_SPLINE_CURVE_WITH_KNOTS('',3,(#10201,#10202,#10203,#10204,#10205,
#10206,#10207),.UNSPECIFIED.,.F.,.F.,(4,3,4),(-0.118428096240501,-0.0552768299480527,
0.),.UNSPECIFIED.);
#319=B_SPLINE_CURVE_WITH_KNOTS('',3,(#10209,#10210,#10211,#10212,#10213,
#10214,#10215),.UNSPECIFIED.,.F.,.F.,(4,3,4),(-0.147238538739274,-0.0699175761068608,
0.),.UNSPECIFIED.);
#320=B_SPLINE_CURVE_WITH_KNOTS('',3,(#10217,#10218,#10219,#10220,#10221,
#10222,#10223),.UNSPECIFIED.,.F.,.F.,(4,3,4),(-0.158425278876145,-0.0819978528070703,
0.),.UNSPECIFIED.);
#321=B_SPLINE_CURVE_WITH_KNOTS('',3,(#10225,#10226,#10227,#10228,#10229,
#10230,#10231),.UNSPECIFIED.,.F.,.F.,(4,3,4),(-0.130716879060361,-0.0696570871974172,
0.),.UNSPECIFIED.);
#322=B_SPLINE_CURVE_WITH_KNOTS('',3,(#10233,#10234,#10235,#10236,#10237,
#10238,#10239),.UNSPECIFIED.,.F.,.F.,(4,3,4),(-0.144119793811925,-0.067116835174408,
2.77555756156289E-17),.UNSPECIFIED.);
#323=B_SPLINE_CURVE_WITH_KNOTS('',3,(#10242,#10243,#10244,#10245,#10246,
#10247,#10248),.UNSPECIFIED.,.F.,.F.,(4,3,4),(-0.192236165939253,-0.0974836933797436,
0.),.UNSPECIFIED.);
#324=B_SPLINE_CURVE_WITH_KNOTS('',3,(#10255,#10256,#10257,#10258,#10259,
#10260,#10261),.UNSPECIFIED.,.F.,.F.,(4,3,4),(-0.19880370934647,-0.100138811065265,
0.),.UNSPECIFIED.);
#325=B_SPLINE_CURVE_WITH_KNOTS('',3,(#10263,#10264,#10265,#10266,#10267,
#10268,#10269),.UNSPECIFIED.,.F.,.F.,(4,3,4),(-0.245200795737299,-0.108468587729013,
-2.77555756156289E-17),.UNSPECIFIED.);
#326=B_SPLINE_CURVE_WITH_KNOTS('',3,(#10283,#10284,#10285,#10286,#10287,
#10288,#10289),.UNSPECIFIED.,.F.,.F.,(4,3,4),(-0.164300217283029,-0.0668007991003618,
0.),.UNSPECIFIED.);
#327=B_SPLINE_CURVE_WITH_KNOTS('',3,(#10291,#10292,#10293,#10294,#10295,
#10296,#10297),.UNSPECIFIED.,.F.,.F.,(4,3,4),(-0.13369281571961,-0.0694219521315555,
0.),.UNSPECIFIED.);
#328=B_SPLINE_CURVE_WITH_KNOTS('',3,(#10299,#10300,#10301,#10302,#10303,
#10304,#10305),.UNSPECIFIED.,.F.,.F.,(4,3,4),(-0.129233438344386,-0.063738628398012,
0.),.UNSPECIFIED.);
#329=B_SPLINE_CURVE_WITH_KNOTS('',3,(#10307,#10308,#10309,#10310,#10311,
#10312,#10313),.UNSPECIFIED.,.F.,.F.,(4,3,4),(-0.132395214242209,-0.0658451817438809,
0.),.UNSPECIFIED.);
#330=B_SPLINE_CURVE_WITH_KNOTS('',3,(#10315,#10316,#10317,#10318,#10319,
#10320,#10321),.UNSPECIFIED.,.F.,.F.,(4,3,4),(-0.239312166947843,-0.118517983002519,
0.),.UNSPECIFIED.);
#331=B_SPLINE_CURVE_WITH_KNOTS('',3,(#10331,#10332,#10333,#10334,#10335,
#10336,#10337),.UNSPECIFIED.,.F.,.F.,(4,3,4),(-0.220739992450002,-0.104559829256407,
0.),.UNSPECIFIED.);
#332=B_SPLINE_CURVE_WITH_KNOTS('',3,(#10339,#10340,#10341,#10342,#10343,
#10344,#10345),.UNSPECIFIED.,.F.,.F.,(4,3,4),(-0.165333654323346,-0.0856600980966483,
0.),.UNSPECIFIED.);
#333=B_SPLINE_CURVE_WITH_KNOTS('',3,(#10347,#10348,#10349,#10350,#10351,
#10352,#10353),.UNSPECIFIED.,.F.,.F.,(4,3,4),(-0.168504613378312,-0.0819022018760679,
0.),.UNSPECIFIED.);
#334=B_SPLINE_CURVE_WITH_KNOTS('',3,(#10354,#10355,#10356,#10357,#10358,
#10359,#10360),.UNSPECIFIED.,.F.,.F.,(4,3,4),(-0.181246334694572,-0.0943613863355126,
0.),.UNSPECIFIED.);
#335=B_SPLINE_CURVE_WITH_KNOTS('',3,(#10365,#10366,#10367,#10368,#10369,
#10370,#10371),.UNSPECIFIED.,.F.,.F.,(4,3,4),(-0.145798582189093,-0.0752186234906798,
0.),.UNSPECIFIED.);
#336=B_SPLINE_CURVE_WITH_KNOTS('',3,(#10373,#10374,#10375,#10376,#10377,
#10378,#10379),.UNSPECIFIED.,.F.,.F.,(4,3,4),(-0.083653416192694,-0.043119943819922,
-1.38777878078145E-17),.UNSPECIFIED.);
#337=B_SPLINE_CURVE_WITH_KNOTS('',3,(#10381,#10382,#10383,#10384,#10385,
#10386,#10387),.UNSPECIFIED.,.F.,.F.,(4,3,4),(-0.0786977649316013,-0.0393306901854125,
0.),.UNSPECIFIED.);
#338=B_SPLINE_CURVE_WITH_KNOTS('',3,(#10389,#10390,#10391,#10392,#10393,
#10394,#10395),.UNSPECIFIED.,.F.,.F.,(4,3,4),(-0.101837247263708,-0.0489114807682911,
-1.38777878078145E-17),.UNSPECIFIED.);
#339=B_SPLINE_CURVE_WITH_KNOTS('',3,(#10399,#10400,#10401,#10402,#10403,
#10404,#10405),.UNSPECIFIED.,.F.,.F.,(4,3,4),(-0.135583675539712,-0.0712573258522014,
0.),.UNSPECIFIED.);
#340=B_SPLINE_CURVE_WITH_KNOTS('',3,(#10407,#10408,#10409,#10410,#10411,
#10412,#10413),.UNSPECIFIED.,.F.,.F.,(4,3,4),(-0.0851825055165057,-0.0424731344763615,
0.),.UNSPECIFIED.);
#341=B_SPLINE_CURVE_WITH_KNOTS('',3,(#10415,#10416,#10417,#10418,#10419,
#10420,#10421),.UNSPECIFIED.,.F.,.F.,(4,3,4),(-0.145218803784481,-0.0598399035388825,
0.),.UNSPECIFIED.);
#342=B_SPLINE_CURVE_WITH_KNOTS('',3,(#10441,#10442,#10443,#10444,#10445,
#10446,#10447),.UNSPECIFIED.,.F.,.F.,(4,3,4),(-0.212206384697129,-0.123922997099117,
0.),.UNSPECIFIED.);
#343=B_SPLINE_CURVE_WITH_KNOTS('',3,(#10449,#10450,#10451,#10452,#10453,
#10454,#10455),.UNSPECIFIED.,.F.,.F.,(4,3,4),(-0.152670964851613,-0.0755738199305129,
0.),.UNSPECIFIED.);
#344=B_SPLINE_CURVE_WITH_KNOTS('',3,(#10457,#10458,#10459,#10460,#10461,
#10462,#10463),.UNSPECIFIED.,.F.,.F.,(4,3,4),(-0.0905044080703801,-0.0469238383464621,
0.),.UNSPECIFIED.);
#345=B_SPLINE_CURVE_WITH_KNOTS('',3,(#10465,#10466,#10467,#10468,#10469,
#10470,#10471),.UNSPECIFIED.,.F.,.F.,(4,3,4),(-0.0806970185117782,-0.0411065579436286,
0.),.UNSPECIFIED.);
#346=B_SPLINE_CURVE_WITH_KNOTS('',3,(#10473,#10474,#10475,#10476,#10477,
#10478,#10479),.UNSPECIFIED.,.F.,.F.,(4,3,4),(-0.127927595424935,-0.053932090909013,
0.),.UNSPECIFIED.);
#347=B_SPLINE_CURVE_WITH_KNOTS('',3,(#10487,#10488,#10489,#10490,#10491,
#10492,#10493),.UNSPECIFIED.,.F.,.F.,(4,3,4),(-0.123611694190135,-0.0748836728914647,
0.),.UNSPECIFIED.);
#348=B_SPLINE_CURVE_WITH_KNOTS('',3,(#10495,#10496,#10497,#10498,#10499,
#10500,#10501),.UNSPECIFIED.,.F.,.F.,(4,3,4),(-0.0997881688039607,-0.0516109723068125,
-1.38777878078145E-17),.UNSPECIFIED.);
#349=B_SPLINE_CURVE_WITH_KNOTS('',3,(#10503,#10504,#10505,#10506,#10507,
#10508,#10509),.UNSPECIFIED.,.F.,.F.,(4,3,4),(-0.114205744896395,-0.0534830470836977,
0.),.UNSPECIFIED.);
#350=B_SPLINE_CURVE_WITH_KNOTS('',3,(#10511,#10512,#10513,#10514,#10515,
#10516,#10517),.UNSPECIFIED.,.F.,.F.,(4,3,4),(-0.129239889648601,-0.0630921733823585,
0.),.UNSPECIFIED.);
#351=B_SPLINE_CURVE_WITH_KNOTS('',3,(#10519,#10520,#10521,#10522,#10523,
#10524,#10525),.UNSPECIFIED.,.F.,.F.,(4,3,4),(-0.25651080595156,-0.130125924141492,
0.),.UNSPECIFIED.);
#352=B_SPLINE_CURVE_WITH_KNOTS('',3,(#10553,#10554,#10555,#10556,#10557,
#10558,#10559),.UNSPECIFIED.,.F.,.F.,(4,3,4),(-0.138418237991476,-0.0776547434044874,
0.),.UNSPECIFIED.);
#353=B_SPLINE_CURVE_WITH_KNOTS('',3,(#10561,#10562,#10563,#10564,#10565,
#10566,#10567),.UNSPECIFIED.,.F.,.F.,(4,3,4),(-0.109099683155167,-0.0536733342896634,
1.38777878078145E-17),.UNSPECIFIED.);
#354=B_SPLINE_CURVE_WITH_KNOTS('',3,(#10569,#10570,#10571,#10572,#10573,
#10574,#10575),.UNSPECIFIED.,.F.,.F.,(4,3,4),(-0.108704813022994,-0.0546726027919591,
-1.38777878078145E-17),.UNSPECIFIED.);
#355=B_SPLINE_CURVE_WITH_KNOTS('',3,(#10577,#10578,#10579,#10580,#10581,
#10582,#10583),.UNSPECIFIED.,.F.,.F.,(4,3,4),(-0.127097917272143,-0.0676900085499237,
0.),.UNSPECIFIED.);
#356=B_SPLINE_CURVE_WITH_KNOTS('',3,(#10585,#10586,#10587,#10588,#10589,
#10590,#10591),.UNSPECIFIED.,.F.,.F.,(4,3,4),(-0.162518835319838,-0.0709762563594807,
-2.77555756156289E-17),.UNSPECIFIED.);
#357=B_SPLINE_CURVE_WITH_KNOTS('',3,(#10599,#10600,#10601,#10602,#10603,
#10604,#10605),.UNSPECIFIED.,.F.,.F.,(4,3,4),(-0.16894415103008,-0.0961421630088954,
2.77555756156289E-17),.UNSPECIFIED.);
#358=B_SPLINE_CURVE_WITH_KNOTS('',3,(#10607,#10608,#10609,#10610,#10611,
#10612,#10613),.UNSPECIFIED.,.F.,.F.,(4,3,4),(-0.131170175723029,-0.0639904022559528,
0.),.UNSPECIFIED.);
#359=B_SPLINE_CURVE_WITH_KNOTS('',3,(#10615,#10616,#10617,#10618,#10619,
#10620,#10621),.UNSPECIFIED.,.F.,.F.,(4,3,4),(-0.156285976729476,-0.0744918654391474,
0.),.UNSPECIFIED.);
#360=B_SPLINE_CURVE_WITH_KNOTS('',3,(#10623,#10624,#10625,#10626,#10627,
#10628,#10629),.UNSPECIFIED.,.F.,.F.,(4,3,4),(-0.252995730413028,-0.126336782734355,
0.),.UNSPECIFIED.);
#361=B_SPLINE_CURVE_WITH_KNOTS('',3,(#10649,#10650,#10651,#10652,#10653,
#10654,#10655),.UNSPECIFIED.,.F.,.F.,(4,3,4),(-0.230468838613421,-0.107966160368731,
-2.77555756156289E-17),.UNSPECIFIED.);
#362=B_SPLINE_CURVE_WITH_KNOTS('',3,(#10657,#10658,#10659,#10660,#10661,
#10662,#10663),.UNSPECIFIED.,.F.,.F.,(4,3,4),(-0.17724715096925,-0.0885516921951913,
0.),.UNSPECIFIED.);
#363=B_SPLINE_CURVE_WITH_KNOTS('',3,(#10665,#10666,#10667,#10668,#10669,
#10670,#10671),.UNSPECIFIED.,.F.,.F.,(4,3,4),(-0.177791641753472,-0.088454918211343,
0.),.UNSPECIFIED.);
#364=B_SPLINE_CURVE_WITH_KNOTS('',3,(#10673,#10674,#10675,#10676,#10677,
#10678,#10679),.UNSPECIFIED.,.F.,.F.,(4,3,4),(-0.180709541933085,-0.0954311264347973,
0.),.UNSPECIFIED.);
#365=B_SPLINE_CURVE_WITH_KNOTS('',3,(#10683,#10684,#10685,#10686,#10687,
#10688,#10689),.UNSPECIFIED.,.F.,.F.,(4,3,4),(-0.290364444115007,-0.141305814055372,
0.),.UNSPECIFIED.);
#366=B_SPLINE_CURVE_WITH_KNOTS('',3,(#10691,#10692,#10693,#10694,#10695,
#10696,#10697),.UNSPECIFIED.,.F.,.F.,(4,3,4),(-0.288154870939948,-0.140346747478002,
0.),.UNSPECIFIED.);
#367=B_SPLINE_CURVE_WITH_KNOTS('',3,(#10699,#10700,#10701,#10702,#10703,
#10704,#10705),.UNSPECIFIED.,.F.,.F.,(4,3,4),(-0.251070187202895,-0.128492909757504,
0.),.UNSPECIFIED.);
#368=B_SPLINE_CURVE_WITH_KNOTS('',3,(#10706,#10707,#10708,#10709,#10710,
#10711,#10712),.UNSPECIFIED.,.F.,.F.,(4,3,4),(-0.295421259658298,-0.151556825892732,
0.),.UNSPECIFIED.);
#369=B_SPLINE_CURVE_WITH_KNOTS('',3,(#10733,#10734,#10735,#10736,#10737,
#10738,#10739),.UNSPECIFIED.,.F.,.F.,(4,3,4),(-0.17223865755421,-0.100031392585977,
0.),.UNSPECIFIED.);
#370=B_SPLINE_CURVE_WITH_KNOTS('',3,(#10741,#10742,#10743,#10744,#10745,
#10746,#10747),.UNSPECIFIED.,.F.,.F.,(4,3,4),(-0.174385315985195,-0.0723831090257775,
0.),.UNSPECIFIED.);
#371=B_SPLINE_CURVE_WITH_KNOTS('',3,(#10785,#10786,#10787,#10788,#10789,
#10790,#10791),.UNSPECIFIED.,.F.,.F.,(4,3,4),(-0.339262123498829,-0.144585789190562,
0.),.UNSPECIFIED.);
#372=B_SPLINE_CURVE_WITH_KNOTS('',3,(#10793,#10794,#10795,#10796,#10797,
#10798,#10799),.UNSPECIFIED.,.F.,.F.,(4,3,4),(-0.292587717662112,-0.141466153915795,
0.),.UNSPECIFIED.);
#373=B_SPLINE_CURVE_WITH_KNOTS('',3,(#10801,#10802,#10803,#10804,#10805,
#10806,#10807),.UNSPECIFIED.,.F.,.F.,(4,3,4),(-0.183881797128262,-0.0927737786948982,
2.77555756156289E-17),.UNSPECIFIED.);
#374=B_SPLINE_CURVE_WITH_KNOTS('',3,(#10809,#10810,#10811,#10812,#10813,
#10814,#10815),.UNSPECIFIED.,.F.,.F.,(4,3,4),(-0.17875022983265,-0.0896712869545745,
0.),.UNSPECIFIED.);
#375=B_SPLINE_CURVE_WITH_KNOTS('',3,(#10817,#10818,#10819,#10820,#10821,
#10822,#10823),.UNSPECIFIED.,.F.,.F.,(4,3,4),(-0.143835070639852,-0.0938774942982754,
0.),.UNSPECIFIED.);
#376=B_SPLINE_CURVE_WITH_KNOTS('',3,(#10827,#10828,#10829,#10830,#10831,
#10832,#10833),.UNSPECIFIED.,.F.,.F.,(4,3,4),(-0.226329620435706,-0.0853136827418157,
0.),.UNSPECIFIED.);
#377=B_SPLINE_CURVE_WITH_KNOTS('',3,(#10835,#10836,#10837,#10838,#10839,
#10840,#10841),.UNSPECIFIED.,.F.,.F.,(4,3,4),(-0.176746397391803,-0.0886307519199118,
-2.77555756156289E-17),.UNSPECIFIED.);
#378=B_SPLINE_CURVE_WITH_KNOTS('',3,(#10843,#10844,#10845,#10846,#10847,
#10848,#10849),.UNSPECIFIED.,.F.,.F.,(4,3,4),(-0.177174367393353,-0.0885883496702367,
0.),.UNSPECIFIED.);
#379=B_SPLINE_CURVE_WITH_KNOTS('',3,(#10851,#10852,#10853,#10854,#10855,
#10856,#10857),.UNSPECIFIED.,.F.,.F.,(4,3,4),(-0.147798899199021,-0.0909026093290117,
0.),.UNSPECIFIED.);
#380=B_SPLINE_CURVE_WITH_KNOTS('',3,(#10869,#10870,#10871,#10872,#10873,
#10874,#10875),.UNSPECIFIED.,.F.,.F.,(4,3,4),(-0.240796157863404,-0.120778033600693,
2.77555756156289E-17),.UNSPECIFIED.);
#381=B_SPLINE_CURVE_WITH_KNOTS('',3,(#10877,#10878,#10879,#10880,#10881,
#10882,#10883),.UNSPECIFIED.,.F.,.F.,(4,3,4),(-0.264380475089439,-0.129859235090773,
0.),.UNSPECIFIED.);
#382=B_SPLINE_CURVE_WITH_KNOTS('',3,(#10885,#10886,#10887,#10888,#10889,
#10890,#10891),.UNSPECIFIED.,.F.,.F.,(4,3,4),(-0.22093090361587,-0.132093180535394,
0.),.UNSPECIFIED.);
#383=B_SPLINE_CURVE_WITH_KNOTS('',3,(#10895,#10896,#10897,#10898,#10899,
#10900,#10901),.UNSPECIFIED.,.F.,.F.,(4,3,4),(-0.225572798682581,-0.0860508853738389,
0.),.UNSPECIFIED.);
#384=B_SPLINE_CURVE_WITH_KNOTS('',3,(#10903,#10904,#10905,#10906,#10907,
#10908,#10909),.UNSPECIFIED.,.F.,.F.,(4,3,4),(-0.165333654323273,-0.0856600980966107,
0.),.UNSPECIFIED.);
#385=B_SPLINE_CURVE_WITH_KNOTS('',3,(#10911,#10912,#10913,#10914,#10915,
#10916,#10917),.UNSPECIFIED.,.F.,.F.,(4,3,4),(-0.193183416297197,-0.0931668057343975,
0.),.UNSPECIFIED.);
#386=B_SPLINE_CURVE_WITH_KNOTS('',3,(#10918,#10919,#10920,#10921,#10922,
#10923,#10924),.UNSPECIFIED.,.F.,.F.,(4,3,4),(-0.11587935406855,-0.0741465815535326,
0.),.UNSPECIFIED.);
#387=B_SPLINE_CURVE_WITH_KNOTS('',3,(#10977,#10978,#10979,#10980,#10981,
#10982,#10983),.UNSPECIFIED.,.F.,.F.,(4,3,4),(-0.239312166947843,-0.118517983002519,
0.),.UNSPECIFIED.);
#388=B_SPLINE_CURVE_WITH_KNOTS('',3,(#10985,#10986,#10987,#10988,#10989,
#10990,#10991),.UNSPECIFIED.,.F.,.F.,(4,3,4),(-0.132395214242209,-0.0658451817438809,
0.),.UNSPECIFIED.);
#389=B_SPLINE_CURVE_WITH_KNOTS('',3,(#10993,#10994,#10995,#10996,#10997,
#10998,#10999),.UNSPECIFIED.,.F.,.F.,(4,3,4),(-0.129233438344386,-0.063738628398012,
0.),.UNSPECIFIED.);
#390=B_SPLINE_CURVE_WITH_KNOTS('',3,(#11001,#11002,#11003,#11004,#11005,
#11006,#11007),.UNSPECIFIED.,.F.,.F.,(4,3,4),(-0.13369281571961,-0.0694219521315555,
0.),.UNSPECIFIED.);
#391=B_SPLINE_CURVE_WITH_KNOTS('',3,(#11009,#11010,#11011,#11012,#11013,
#11014,#11015),.UNSPECIFIED.,.F.,.F.,(4,3,4),(0.0262420344735148,0.0765672607088129,
0.150019679601001),.UNSPECIFIED.);
#392=B_SPLINE_CURVE_WITH_KNOTS('',3,(#11019,#11020,#11021,#11022,#11023,
#11024,#11025),.UNSPECIFIED.,.F.,.F.,(4,3,4),(-0.210222949760129,-0.109447338685966,
0.),.UNSPECIFIED.);
#393=B_SPLINE_CURVE_WITH_KNOTS('',3,(#11027,#11028,#11029,#11030,#11031,
#11032,#11033),.UNSPECIFIED.,.F.,.F.,(4,3,4),(-0.168504613378312,-0.0819022018760679,
0.),.UNSPECIFIED.);
#394=B_SPLINE_CURVE_WITH_KNOTS('',3,(#11035,#11036,#11037,#11038,#11039,
#11040,#11041),.UNSPECIFIED.,.F.,.F.,(4,3,4),(-0.165333654323346,-0.0856600980966483,
0.),.UNSPECIFIED.);
#395=B_SPLINE_CURVE_WITH_KNOTS('',3,(#11042,#11043,#11044,#11045,#11046,
#11047,#11048),.UNSPECIFIED.,.F.,.F.,(4,3,4),(-0.220160178478182,-0.120993462161906,
-0.0317453957026554),.UNSPECIFIED.);
#396=B_SPLINE_CURVE_WITH_KNOTS('',3,(#11051,#11052,#11053,#11054,#11055,
#11056,#11057),.UNSPECIFIED.,.F.,.F.,(4,3,4),(0.,0.100194387410541,0.169761153393041),
 .UNSPECIFIED.);
#397=B_SPLINE_CURVE_WITH_KNOTS('',3,(#11059,#11060,#11061,#11062,#11063,
#11064,#11065),.UNSPECIFIED.,.F.,.F.,(4,3,4),(-0.186379473735542,-0.0905757821451144,
0.),.UNSPECIFIED.);
#398=B_SPLINE_CURVE_WITH_KNOTS('',3,(#11067,#11068,#11069,#11070,#11071,
#11072,#11073),.UNSPECIFIED.,.F.,.F.,(4,3,4),(-0.178825754339215,-0.09213575755052,
0.),.UNSPECIFIED.);
#399=B_SPLINE_CURVE_WITH_KNOTS('',3,(#11075,#11076,#11077,#11078,#11079,
#11080,#11081),.UNSPECIFIED.,.F.,.F.,(4,3,4),(-0.250404164345165,-0.126515238998058,
0.),.UNSPECIFIED.);
#400=B_SPLINE_CURVE_WITH_KNOTS('',3,(#11091,#11092,#11093,#11094,#11095,
#11096,#11097),.UNSPECIFIED.,.F.,.F.,(4,3,4),(0.,0.107809801152283,0.209214769639826),
 .UNSPECIFIED.);
#401=B_SPLINE_CURVE_WITH_KNOTS('',3,(#11099,#11100,#11101,#11102,#11103,
#11104,#11105),.UNSPECIFIED.,.F.,.F.,(4,3,4),(-0.172504670410355,-0.0844048821939308,
0.),.UNSPECIFIED.);
#402=B_SPLINE_CURVE_WITH_KNOTS('',3,(#11107,#11108,#11109,#11110,#11111,
#11112,#11113),.UNSPECIFIED.,.F.,.F.,(4,3,4),(-0.16325016601722,-0.0832654397943028,
-2.77555756156289E-17),.UNSPECIFIED.);
#403=B_SPLINE_CURVE_WITH_KNOTS('',3,(#11115,#11116,#11117,#11118,#11119,
#11120,#11121),.UNSPECIFIED.,.F.,.F.,(4,3,4),(0.0248716654009381,0.119295353534586,
0.215502381034959),.UNSPECIFIED.);
#404=B_SPLINE_CURVE_WITH_KNOTS('',3,(#11127,#11128,#11129,#11130,#11131,
#11132,#11133),.UNSPECIFIED.,.F.,.F.,(4,3,4),(0.,0.108827671863302,0.165989671825349),
 .UNSPECIFIED.);
#405=B_SPLINE_CURVE_WITH_KNOTS('',3,(#11135,#11136,#11137,#11138,#11139,
#11140,#11141),.UNSPECIFIED.,.F.,.F.,(4,3,4),(-0.166579329432232,-0.0829274646458481,
0.),.UNSPECIFIED.);
#406=B_SPLINE_CURVE_WITH_KNOTS('',3,(#11143,#11144,#11145,#11146,#11147,
#11148,#11149),.UNSPECIFIED.,.F.,.F.,(4,3,4),(-0.164904701001601,-0.0830514289657709,
0.),.UNSPECIFIED.);
#407=B_SPLINE_CURVE_WITH_KNOTS('',3,(#11151,#11152,#11153,#11154,#11155,
#11156,#11157),.UNSPECIFIED.,.F.,.F.,(4,3,4),(0.0717789611781929,0.125233140298077,
0.223228819718299),.UNSPECIFIED.);
#408=B_SPLINE_CURVE_WITH_KNOTS('',3,(#11163,#11164,#11165,#11166,#11167,
#11168,#11169),.UNSPECIFIED.,.F.,.F.,(4,3,4),(-0.273329264481505,-0.110788474942334,
0.),.UNSPECIFIED.);
#409=B_SPLINE_CURVE_WITH_KNOTS('',3,(#11171,#11172,#11173,#11174,#11175,
#11176,#11177),.UNSPECIFIED.,.F.,.F.,(4,3,4),(-0.160542000525042,-0.0820126449568914,
0.),.UNSPECIFIED.);
#410=B_SPLINE_CURVE_WITH_KNOTS('',3,(#11179,#11180,#11181,#11182,#11183,
#11184,#11185),.UNSPECIFIED.,.F.,.F.,(4,3,4),(-0.192541417483055,-0.102492310396457,
0.),.UNSPECIFIED.);
#411=B_SPLINE_CURVE_WITH_KNOTS('',3,(#11187,#11188,#11189,#11190,#11191,
#11192,#11193),.UNSPECIFIED.,.F.,.F.,(4,3,4),(-0.244819331963732,-0.113537466339377,
2.77555756156289E-17),.UNSPECIFIED.);
#412=B_SPLINE_CURVE_WITH_KNOTS('',3,(#11195,#11196,#11197,#11198,#11199,
#11200,#11201),.UNSPECIFIED.,.F.,.F.,(4,3,4),(-0.178813528921942,-0.0939630077512762,
0.),.UNSPECIFIED.);
#413=B_SPLINE_CURVE_WITH_KNOTS('',3,(#11205,#11206,#11207,#11208,#11209,
#11210,#11211),.UNSPECIFIED.,.F.,.F.,(4,3,4),(-0.104080477587568,-0.0480625558907076,
-1.38777878078145E-17),.UNSPECIFIED.);
#414=B_SPLINE_CURVE_WITH_KNOTS('',3,(#11213,#11214,#11215,#11216,#11217,
#11218,#11219),.UNSPECIFIED.,.F.,.F.,(4,3,4),(-0.134268882551314,-0.0730126310902604,
0.),.UNSPECIFIED.);
#415=B_SPLINE_CURVE_WITH_KNOTS('',3,(#11221,#11222,#11223,#11224,#11225,
#11226,#11227),.UNSPECIFIED.,.F.,.F.,(4,3,4),(-0.15552597606019,-0.0696505657354646,
0.),.UNSPECIFIED.);
#416=B_SPLINE_CURVE_WITH_KNOTS('',3,(#11229,#11230,#11231,#11232,#11233,
#11234,#11235),.UNSPECIFIED.,.F.,.F.,(4,3,4),(-0.118311581141119,-0.0607425363373463,
1.38777878078145E-17),.UNSPECIFIED.);
#417=B_SPLINE_CURVE_WITH_KNOTS('',3,(#11237,#11238,#11239,#11240,#11241,
#11242,#11243),.UNSPECIFIED.,.F.,.F.,(4,3,4),(-0.165320657298454,-0.104039771855929,
0.),.UNSPECIFIED.);
#418=B_SPLINE_CURVE_WITH_KNOTS('',3,(#11245,#11246,#11247,#11248,#11249,
#11250,#11251),.UNSPECIFIED.,.F.,.F.,(4,3,4),(-0.239240771932966,-0.118402278392785,
-2.77555756156289E-17),.UNSPECIFIED.);
#419=B_SPLINE_CURVE_WITH_KNOTS('',3,(#11253,#11254,#11255,#11256,#11257,
#11258,#11259),.UNSPECIFIED.,.F.,.F.,(4,3,4),(-0.285233239117733,-0.138487104282568,
0.),.UNSPECIFIED.);
#420=B_SPLINE_CURVE_WITH_KNOTS('',3,(#11260,#11261,#11262,#11263,#11264,
#11265,#11266),.UNSPECIFIED.,.F.,.F.,(4,3,4),(0.0668022283035516,0.144065423507139,
0.280033059082463),.UNSPECIFIED.);
#421=B_SPLINE_CURVE_WITH_KNOTS('',3,(#11269,#11270,#11271,#11272,#11273,
#11274,#11275),.UNSPECIFIED.,.F.,.F.,(4,3,4),(0.,0.169164463174794,0.329742844020023),
 .UNSPECIFIED.);
#422=B_SPLINE_CURVE_WITH_KNOTS('',3,(#11277,#11278,#11279,#11280,#11281,
#11282,#11283),.UNSPECIFIED.,.F.,.F.,(4,3,4),(-0.251070187202895,-0.128492909757504,
0.),.UNSPECIFIED.);
#423=B_SPLINE_CURVE_WITH_KNOTS('',3,(#11285,#11286,#11287,#11288,#11289,
#11290),.UNSPECIFIED.,.F.,.F.,(4,2,4),(-0.288154870939948,-0.144169221634306,
0.),.UNSPECIFIED.);
#424=B_SPLINE_CURVE_WITH_KNOTS('',3,(#11292,#11293,#11294,#11295,#11296,
#11297,#11298),.UNSPECIFIED.,.F.,.F.,(4,3,4),(0.0269566727227996,0.160269456105243,
0.300896513762172),.UNSPECIFIED.);
#425=B_SPLINE_CURVE_WITH_KNOTS('',3,(#11302,#11303,#11304,#11305,#11306,
#11307,#11308),.UNSPECIFIED.,.F.,.F.,(4,3,4),(0.,0.110123161545759,0.208530558347269),
 .UNSPECIFIED.);
#426=B_SPLINE_CURVE_WITH_KNOTS('',3,(#11310,#11311,#11312,#11313,#11314,
#11315,#11316),.UNSPECIFIED.,.F.,.F.,(4,3,4),(-0.177791641753472,-0.088454918211343,
0.),.UNSPECIFIED.);
#427=B_SPLINE_CURVE_WITH_KNOTS('',3,(#11318,#11319,#11320,#11321,#11322,
#11323,#11324),.UNSPECIFIED.,.F.,.F.,(4,3,4),(-0.17724715096925,-0.0885516921951913,
0.),.UNSPECIFIED.);
#428=B_SPLINE_CURVE_WITH_KNOTS('',3,(#11326,#11327,#11328,#11329,#11330,
#11331,#11332),.UNSPECIFIED.,.F.,.F.,(4,3,4),(0.0372351175467426,0.126395953569875,
0.227561366603616),.UNSPECIFIED.);
#429=B_SPLINE_CURVE_WITH_KNOTS('',3,(#11346,#11347,#11348,#11349,#11350,
#11351,#11352),.UNSPECIFIED.,.F.,.F.,(4,3,4),(-0.245200795736607,-0.108468587728707,
0.),.UNSPECIFIED.);
#430=B_SPLINE_CURVE_WITH_KNOTS('',3,(#11354,#11355,#11356,#11357,#11358,
#11359,#11360),.UNSPECIFIED.,.F.,.F.,(4,3,4),(-0.19880370934647,-0.100138811065265,
0.),.UNSPECIFIED.);
#431=B_SPLINE_CURVE_WITH_KNOTS('',3,(#11388,#11389,#11390,#11391,#11392,
#11393,#11394),.UNSPECIFIED.,.F.,.F.,(4,3,4),(-0.174385315985195,-0.0723831090257775,
0.),.UNSPECIFIED.);
#432=B_SPLINE_CURVE_WITH_KNOTS('',3,(#11396,#11397,#11398,#11399,#11400,
#11401,#11402),.UNSPECIFIED.,.F.,.F.,(4,3,4),(-0.17223865755421,-0.100031392585977,
0.),.UNSPECIFIED.);
#433=B_SPLINE_CURVE_WITH_KNOTS('',3,(#11422,#11423,#11424,#11425,#11426,
#11427,#11428),.UNSPECIFIED.,.F.,.F.,(4,3,4),(0.,0.11174632216478,0.181688771393963),
 .UNSPECIFIED.);
#434=B_SPLINE_CURVE_WITH_KNOTS('',3,(#11430,#11431,#11432,#11433,#11434,
#11435,#11436),.UNSPECIFIED.,.F.,.F.,(4,3,4),(-0.177174367393353,-0.0885883496702367,
0.),.UNSPECIFIED.);
#435=B_SPLINE_CURVE_WITH_KNOTS('',3,(#11438,#11439,#11440,#11441,#11442,
#11443,#11444),.UNSPECIFIED.,.F.,.F.,(4,3,4),(-0.176746397391803,-0.0886307519199118,
-2.77555756156289E-17),.UNSPECIFIED.);
#436=B_SPLINE_CURVE_WITH_KNOTS('',3,(#11446,#11447,#11448,#11449,#11450,
#11451,#11452),.UNSPECIFIED.,.F.,.F.,(4,3,4),(0.0668474770344085,0.128993106845155,
0.231714311459669),.UNSPECIFIED.);
#437=B_SPLINE_CURVE_WITH_KNOTS('',3,(#11456,#11457,#11458,#11459,#11460,
#11461,#11462),.UNSPECIFIED.,.F.,.F.,(4,3,4),(0.,0.11325976233748,0.173531750482217),
 .UNSPECIFIED.);
#438=B_SPLINE_CURVE_WITH_KNOTS('',3,(#11464,#11465,#11466,#11467,#11468,
#11469,#11470),.UNSPECIFIED.,.F.,.F.,(4,3,4),(-0.17875022983265,-0.0896712869545745,
0.),.UNSPECIFIED.);
#439=B_SPLINE_CURVE_WITH_KNOTS('',3,(#11472,#11473,#11474,#11475,#11476,
#11477,#11478),.UNSPECIFIED.,.F.,.F.,(4,3,4),(-0.183881797128262,-0.0927737786948982,
2.77555756156289E-17),.UNSPECIFIED.);
#440=B_SPLINE_CURVE_WITH_KNOTS('',3,(#11480,#11481,#11482,#11483,#11484,
#11485,#11486),.UNSPECIFIED.,.F.,.F.,(4,3,4),(-0.292587717662112,-0.141466153915795,
0.),.UNSPECIFIED.);
#441=B_SPLINE_CURVE_WITH_KNOTS('',3,(#11487,#11488,#11489,#11490,#11491,
#11492,#11493),.UNSPECIFIED.,.F.,.F.,(4,3,4),(0.062564001648179,0.168676534490643,
0.311550872512273),.UNSPECIFIED.);
#442=B_SPLINE_CURVE_WITH_KNOTS('',3,(#11514,#11515,#11516,#11517,#11518,
#11519,#11520),.UNSPECIFIED.,.F.,.F.,(4,3,4),(-0.252995730413028,-0.126336782734355,
0.),.UNSPECIFIED.);
#443=B_SPLINE_CURVE_WITH_KNOTS('',3,(#11522,#11523,#11524,#11525,#11526,
#11527,#11528),.UNSPECIFIED.,.F.,.F.,(4,3,4),(-0.156285976729476,-0.0744918654391474,
0.),.UNSPECIFIED.);
#444=B_SPLINE_CURVE_WITH_KNOTS('',3,(#11530,#11531,#11532,#11533,#11534,
#11535,#11536),.UNSPECIFIED.,.F.,.F.,(4,3,4),(-0.131170175723029,-0.0639904022559528,
0.),.UNSPECIFIED.);
#445=B_SPLINE_CURVE_WITH_KNOTS('',3,(#11538,#11539,#11540,#11541,#11542,
#11543,#11544),.UNSPECIFIED.,.F.,.F.,(4,3,4),(-0.16894415103008,-0.0961421630088954,
2.77555756156289E-17),.UNSPECIFIED.);
#446=B_SPLINE_CURVE_WITH_KNOTS('',3,(#11552,#11553,#11554,#11555,#11556,
#11557,#11558),.UNSPECIFIED.,.F.,.F.,(4,3,4),(-0.162518835319838,-0.0709762563594807,
-2.77555756156289E-17),.UNSPECIFIED.);
#447=B_SPLINE_CURVE_WITH_KNOTS('',3,(#11560,#11561,#11562,#11563,#11564,
#11565,#11566),.UNSPECIFIED.,.F.,.F.,(4,3,4),(-0.127097917272143,-0.0676900085499237,
0.),.UNSPECIFIED.);
#448=B_SPLINE_CURVE_WITH_KNOTS('',3,(#11568,#11569,#11570,#11571,#11572,
#11573,#11574),.UNSPECIFIED.,.F.,.F.,(4,3,4),(-0.108704813022994,-0.0546726027919591,
-1.38777878078145E-17),.UNSPECIFIED.);
#449=B_SPLINE_CURVE_WITH_KNOTS('',3,(#11576,#11577,#11578,#11579,#11580,
#11581,#11582),.UNSPECIFIED.,.F.,.F.,(4,3,4),(-0.109099683155167,-0.0536733342896634,
1.38777878078145E-17),.UNSPECIFIED.);
#450=B_SPLINE_CURVE_WITH_KNOTS('',3,(#11583,#11584,#11585,#11586,#11587,
#11588,#11589),.UNSPECIFIED.,.F.,.F.,(4,3,4),(-0.138418237991476,-0.0776547434044874,
0.),.UNSPECIFIED.);
#451=B_SPLINE_CURVE_WITH_KNOTS('',3,(#11618,#11619,#11620,#11621,#11622,
#11623,#11624),.UNSPECIFIED.,.F.,.F.,(4,3,4),(-0.25651080595156,-0.130125924141492,
0.),.UNSPECIFIED.);
#452=B_SPLINE_CURVE_WITH_KNOTS('',3,(#11626,#11627,#11628,#11629,#11630,
#11631,#11632),.UNSPECIFIED.,.F.,.F.,(4,3,4),(-0.129239889648934,-0.0630921733825214,
0.),.UNSPECIFIED.);
#453=B_SPLINE_CURVE_WITH_KNOTS('',3,(#11634,#11635,#11636,#11637,#11638,
#11639,#11640),.UNSPECIFIED.,.F.,.F.,(4,3,4),(-0.114205744896395,-0.0534830470836977,
0.),.UNSPECIFIED.);
#454=B_SPLINE_CURVE_WITH_KNOTS('',3,(#11642,#11643,#11644,#11645,#11646,
#11647,#11648),.UNSPECIFIED.,.F.,.F.,(4,3,4),(-0.0997881688039607,-0.0516109723068125,
-1.38777878078145E-17),.UNSPECIFIED.);
#455=B_SPLINE_CURVE_WITH_KNOTS('',3,(#11650,#11651,#11652,#11653,#11654,
#11655,#11656),.UNSPECIFIED.,.F.,.F.,(4,3,4),(-0.123611694190135,-0.0748836728914647,
0.),.UNSPECIFIED.);
#456=B_SPLINE_CURVE_WITH_KNOTS('',3,(#11664,#11665,#11666,#11667,#11668,
#11669,#11670),.UNSPECIFIED.,.F.,.F.,(4,3,4),(-0.127927595424935,-0.053932090909013,
0.),.UNSPECIFIED.);
#457=B_SPLINE_CURVE_WITH_KNOTS('',3,(#11672,#11673,#11674,#11675,#11676,
#11677,#11678),.UNSPECIFIED.,.F.,.F.,(4,3,4),(-0.0806970185117782,-0.0411065579436286,
0.),.UNSPECIFIED.);
#458=B_SPLINE_CURVE_WITH_KNOTS('',3,(#11680,#11681,#11682,#11683,#11684,
#11685,#11686),.UNSPECIFIED.,.F.,.F.,(4,3,4),(-0.0905044080703801,-0.0469238383464621,
0.),.UNSPECIFIED.);
#459=B_SPLINE_CURVE_WITH_KNOTS('',3,(#11688,#11689,#11690,#11691,#11692,
#11693,#11694),.UNSPECIFIED.,.F.,.F.,(4,3,4),(-0.152670964851613,-0.0755738199305129,
0.),.UNSPECIFIED.);
#460=B_SPLINE_CURVE_WITH_KNOTS('',3,(#11695,#11696,#11697,#11698,#11699,
#11700,#11701),.UNSPECIFIED.,.F.,.F.,(4,3,4),(-0.212206384697129,-0.123922997099117,
0.),.UNSPECIFIED.);
#461=B_SPLINE_CURVE_WITH_KNOTS('',3,(#11722,#11723,#11724,#11725,#11726,
#11727,#11728),.UNSPECIFIED.,.F.,.F.,(4,3,4),(-0.145218803784481,-0.0598399035388825,
0.),.UNSPECIFIED.);
#462=B_SPLINE_CURVE_WITH_KNOTS('',3,(#11730,#11731,#11732,#11733,#11734,
#11735,#11736),.UNSPECIFIED.,.F.,.F.,(4,3,4),(-0.0851825055165057,-0.0424731344763615,
0.),.UNSPECIFIED.);
#463=B_SPLINE_CURVE_WITH_KNOTS('',3,(#11738,#11739,#11740,#11741,#11742,
#11743),.UNSPECIFIED.,.F.,.F.,(4,2,4),(-0.135583675539712,-0.0676314958104285,
0.),.UNSPECIFIED.);
#464=B_SPLINE_CURVE_WITH_KNOTS('',3,(#11747,#11748,#11749,#11750,#11751,
#11752,#11753),.UNSPECIFIED.,.F.,.F.,(4,3,4),(-0.101837247263708,-0.0489114807682911,
-1.38777878078145E-17),.UNSPECIFIED.);
#465=B_SPLINE_CURVE_WITH_KNOTS('',3,(#11755,#11756,#11757,#11758,#11759,
#11760,#11761),.UNSPECIFIED.,.F.,.F.,(4,3,4),(-0.0786977649316013,-0.0393306901854125,
0.),.UNSPECIFIED.);
#466=B_SPLINE_CURVE_WITH_KNOTS('',3,(#11763,#11764,#11765,#11766,#11767,
#11768,#11769),.UNSPECIFIED.,.F.,.F.,(4,3,4),(-0.083653416192694,-0.043119943819922,
-1.38777878078145E-17),.UNSPECIFIED.);
#467=B_SPLINE_CURVE_WITH_KNOTS('',3,(#11770,#11771,#11772,#11773,#11774,
#11775,#11776),.UNSPECIFIED.,.F.,.F.,(4,3,4),(-0.145798582189093,-0.0752186234906798,
0.),.UNSPECIFIED.);
#468=B_SPLINE_CURVE_WITH_KNOTS('',3,(#11795,#11796,#11797,#11798,#11799,
#11800,#11801),.UNSPECIFIED.,.F.,.F.,(4,3,4),(-0.196102742870155,-0.0967532070314582,
0.),.UNSPECIFIED.);
#469=B_SPLINE_CURVE_WITH_KNOTS('',3,(#11803,#11804,#11805,#11806,#11807,
#11808,#11809),.UNSPECIFIED.,.F.,.F.,(4,3,4),(-0.192236165939253,-0.0974836933797436,
0.),.UNSPECIFIED.);
#470=B_SPLINE_CURVE_WITH_KNOTS('',3,(#11813,#11814,#11815,#11816,#11817,
#11818,#11819),.UNSPECIFIED.,.F.,.F.,(4,3,4),(-0.144119793811925,-0.067116835174408,
2.77555756156289E-17),.UNSPECIFIED.);
#471=B_SPLINE_CURVE_WITH_KNOTS('',3,(#11821,#11822,#11823,#11824,#11825,
#11826,#11827),.UNSPECIFIED.,.F.,.F.,(4,3,4),(-0.130716879060361,-0.0696570871974172,
0.),.UNSPECIFIED.);
#472=B_SPLINE_CURVE_WITH_KNOTS('',3,(#11829,#11830,#11831,#11832,#11833,
#11834,#11835),.UNSPECIFIED.,.F.,.F.,(4,3,4),(-0.158425278876145,-0.0819978528070703,
0.),.UNSPECIFIED.);
#473=B_SPLINE_CURVE_WITH_KNOTS('',3,(#11837,#11838,#11839,#11840,#11841,
#11842,#11843),.UNSPECIFIED.,.F.,.F.,(4,3,4),(-0.147238538739274,-0.0699175761068608,
0.),.UNSPECIFIED.);
#474=B_SPLINE_CURVE_WITH_KNOTS('',3,(#11845,#11846,#11847,#11848,#11849,
#11850),.UNSPECIFIED.,.F.,.F.,(4,2,4),(-0.118428096240501,-0.0594442132813869,
0.),.UNSPECIFIED.);
#475=B_SPLINE_CURVE_WITH_KNOTS('',3,(#11852,#11853,#11854,#11855,#11856,
#11857,#11858),.UNSPECIFIED.,.F.,.F.,(4,3,4),(-0.0947220441530374,-0.0468267931598783,
0.),.UNSPECIFIED.);
#476=B_SPLINE_CURVE_WITH_KNOTS('',3,(#11860,#11861,#11862,#11863,#11864,
#11865,#11866),.UNSPECIFIED.,.F.,.F.,(4,3,4),(-0.0919084463693116,-0.0452497588684284,
0.),.UNSPECIFIED.);
#477=B_SPLINE_CURVE_WITH_KNOTS('',3,(#11868,#11869,#11870,#11871,#11872,
#11873,#11874),.UNSPECIFIED.,.F.,.F.,(4,3,4),(-0.111043980966455,-0.0614737890975085,
-1.38777878078145E-17),.UNSPECIFIED.);
#478=B_SPLINE_CURVE_WITH_KNOTS('',3,(#11876,#11877,#11878,#11879,#11880,
#11881,#11882),.UNSPECIFIED.,.F.,.F.,(4,3,4),(-0.193351709119013,-0.122497981657356,
0.),.UNSPECIFIED.);
#479=B_SPLINE_CURVE_WITH_KNOTS('',3,(#11884,#11885,#11886,#11887,#11888,
#11889,#11890),.UNSPECIFIED.,.F.,.F.,(4,3,4),(-0.226901761647715,-0.0912367928862448,
0.),.UNSPECIFIED.);
#480=B_SPLINE_CURVE_WITH_KNOTS('',3,(#11892,#11893,#11894,#11895,#11896,
#11897,#11898),.UNSPECIFIED.,.F.,.F.,(4,3,4),(-0.155901064692656,-0.0737272356366748,
0.),.UNSPECIFIED.);
#481=B_SPLINE_CURVE_WITH_KNOTS('',3,(#11900,#11901,#11902,#11903,#11904,
#11905,#11906),.UNSPECIFIED.,.F.,.F.,(4,3,4),(-0.132404938746492,-0.0670198392709161,
0.),.UNSPECIFIED.);
#482=B_SPLINE_CURVE_WITH_KNOTS('',3,(#11908,#11909,#11910,#11911,#11912,
#11913,#11914),.UNSPECIFIED.,.F.,.F.,(4,3,4),(-0.151596278314531,-0.0765553050661128,
2.77555756156289E-17),.UNSPECIFIED.);
#483=B_SPLINE_CURVE_WITH_KNOTS('',3,(#11916,#11917,#11918,#11919,#11920,
#11921,#11922),.UNSPECIFIED.,.F.,.F.,(4,3,4),(-0.164950046847509,-0.0852854989912041,
0.),.UNSPECIFIED.);
#484=B_SPLINE_CURVE_WITH_KNOTS('',3,(#11924,#11925,#11926,#11927,#11928,
#11929,#11930),.UNSPECIFIED.,.F.,.F.,(4,3,4),(-0.188898088352846,-0.0974245734850683,
0.),.UNSPECIFIED.);
#485=B_SPLINE_CURVE_WITH_KNOTS('',3,(#11932,#11933,#11934,#11935,#11936,
#11937,#11938),.UNSPECIFIED.,.F.,.F.,(4,3,4),(-0.216371616116912,-0.102973818909304,
2.77555756156289E-17),.UNSPECIFIED.);
#486=B_SPLINE_CURVE_WITH_KNOTS('',3,(#11940,#11941,#11942,#11943,#11944,
#11945),.UNSPECIFIED.,.F.,.F.,(4,2,4),(-0.180095733852408,-0.0901107929170429,
0.),.UNSPECIFIED.);
#487=B_SPLINE_CURVE_WITH_KNOTS('',3,(#11947,#11948,#11949,#11950,#11951,
#11952,#11953),.UNSPECIFIED.,.F.,.F.,(4,3,4),(-0.16866568018827,-0.0855856478174638,
0.),.UNSPECIFIED.);
#488=B_SPLINE_CURVE_WITH_KNOTS('',3,(#11957,#11958,#11959,#11960,#11961,
#11962,#11963),.UNSPECIFIED.,.F.,.F.,(4,3,4),(-0.180496214383869,-0.0846510910429192,
0.),.UNSPECIFIED.);
#489=B_SPLINE_CURVE_WITH_KNOTS('',3,(#11965,#11966,#11967,#11968,#11969,
#11970),.UNSPECIFIED.,.F.,.F.,(4,2,4),(-0.189155073529583,-0.093637047937752,
0.),.UNSPECIFIED.);
#490=B_SPLINE_CURVE_WITH_KNOTS('',3,(#11972,#11973,#11974,#11975,#11976,
#11977,#11978),.UNSPECIFIED.,.F.,.F.,(4,3,4),(-0.208094814100611,-0.0893198977709849,
0.),.UNSPECIFIED.);
#491=B_SPLINE_CURVE_WITH_KNOTS('',3,(#11980,#11981,#11982,#11983,#11984,
#11985,#11986),.UNSPECIFIED.,.F.,.F.,(4,3,4),(-0.134257046252565,-0.0646852652120368,
0.),.UNSPECIFIED.);
#492=B_SPLINE_CURVE_WITH_KNOTS('',3,(#11988,#11989,#11990,#11991,#11992,
#11993,#11994),.UNSPECIFIED.,.F.,.F.,(4,3,4),(-0.103884001758326,-0.0514619980448913,
-1.38777878078145E-17),.UNSPECIFIED.);
#493=B_SPLINE_CURVE_WITH_KNOTS('',3,(#11996,#11997,#11998,#11999,#12000,
#12001,#12002),.UNSPECIFIED.,.F.,.F.,(4,3,4),(-0.225008602174556,-0.143147811687642,
0.),.UNSPECIFIED.);
#494=B_SPLINE_CURVE_WITH_KNOTS('',3,(#12004,#12005,#12006,#12007,#12008,
#12009,#12010),.UNSPECIFIED.,.F.,.F.,(4,3,4),(-0.255560782134116,-0.100127024914406,
0.),.UNSPECIFIED.);
#495=B_SPLINE_CURVE_WITH_KNOTS('',3,(#12012,#12013,#12014,#12015,#12016,
#12017,#12018),.UNSPECIFIED.,.F.,.F.,(4,3,4),(-0.183156221761558,-0.0854234564668371,
0.),.UNSPECIFIED.);
#496=B_SPLINE_CURVE_WITH_KNOTS('',3,(#12020,#12021,#12022,#12023,#12024,
#12025,#12026),.UNSPECIFIED.,.F.,.F.,(4,3,4),(-0.152132973513638,-0.0776516797933977,
-2.77555756156289E-17),.UNSPECIFIED.);
#497=B_SPLINE_CURVE_WITH_KNOTS('',3,(#12028,#12029,#12030,#12031,#12032,
#12033),.UNSPECIFIED.,.F.,.F.,(4,2,4),(-0.161072924443836,-0.0805212546631097,
0.),.UNSPECIFIED.);
#498=B_SPLINE_CURVE_WITH_KNOTS('',3,(#12035,#12036,#12037,#12038,#12039,
#12040,#12041),.UNSPECIFIED.,.F.,.F.,(4,3,4),(-0.175422336744811,-0.0903405265495344,
0.),.UNSPECIFIED.);
#499=B_SPLINE_CURVE_WITH_KNOTS('',3,(#12043,#12044,#12045,#12046,#12047,
#12048,#12049),.UNSPECIFIED.,.F.,.F.,(4,3,4),(-0.199513978572513,-0.103074075382237,
2.77555756156289E-17),.UNSPECIFIED.);
#500=B_SPLINE_CURVE_WITH_KNOTS('',3,(#12050,#12051,#12052,#12053,#12054,
#12055,#12056),.UNSPECIFIED.,.F.,.F.,(4,3,4),(-0.256900636814251,-0.118381914686797,
0.),.UNSPECIFIED.);
#501=B_SPLINE_CURVE_WITH_KNOTS('',3,(#12061,#12062,#12063,#12064,#12065,
#12066,#12067),.UNSPECIFIED.,.F.,.F.,(4,3,4),(0.,0.158844019742699,0.26567270674755),
 .UNSPECIFIED.);
#502=B_SPLINE_CURVE_WITH_KNOTS('',3,(#12069,#12070,#12071,#12072,#12073,
#12074,#12075),.UNSPECIFIED.,.F.,.F.,(4,3,4),(-0.264380475089439,-0.129859235090773,
0.),.UNSPECIFIED.);
#503=B_SPLINE_CURVE_WITH_KNOTS('',3,(#12077,#12078,#12079,#12080,#12081,
#12082,#12083),.UNSPECIFIED.,.F.,.F.,(4,3,4),(-0.240796157863404,-0.120778033600693,
2.77555756156289E-17),.UNSPECIFIED.);
#504=B_SPLINE_CURVE_WITH_KNOTS('',3,(#12093,#12094,#12095,#12096,#12097,
#12098,#12099),.UNSPECIFIED.,.F.,.F.,(4,3,4),(-0.143967095504839,-0.092118808166294,
0.),.UNSPECIFIED.);
#505=B_SPLINE_CURVE_WITH_KNOTS('',3,(#12101,#12102,#12103,#12104,#12105,
#12106,#12107),.UNSPECIFIED.,.F.,.F.,(4,3,4),(-0.193183416297197,-0.0931668057343975,
0.),.UNSPECIFIED.);
#506=B_SPLINE_CURVE_WITH_KNOTS('',3,(#12109,#12110,#12111,#12112,#12113,
#12114,#12115),.UNSPECIFIED.,.F.,.F.,(4,3,4),(-0.165333654323273,-0.0856600980966107,
0.),.UNSPECIFIED.);
#507=B_SPLINE_CURVE_WITH_KNOTS('',3,(#12116,#12117,#12118,#12119,#12120,
#12121,#12122),.UNSPECIFIED.,.F.,.F.,(4,3,4),(-0.226693739470551,-0.125669472941231,
-0.0633622168770621),.UNSPECIFIED.);
#508=B_SPLINE_CURVE_WITH_KNOTS('',3,(#12231,#12232,#12233,#12234),
 .UNSPECIFIED.,.F.,.F.,(4,4),(1.05,1.25),.UNSPECIFIED.);
#509=B_SPLINE_CURVE_WITH_KNOTS('',3,(#12748,#12749,#12750,#12751),
 .UNSPECIFIED.,.F.,.F.,(4,4),(1.5,1.7),.UNSPECIFIED.);
#510=B_SPLINE_CURVE_WITH_KNOTS('',3,(#12754,#12755,#12756,#12757),
 .UNSPECIFIED.,.F.,.F.,(4,4),(1.05,1.25),.UNSPECIFIED.);
#511=B_SPLINE_CURVE_WITH_KNOTS('',3,(#12832,#12833,#12834,#12835),
 .UNSPECIFIED.,.F.,.F.,(4,4),(1.5,1.7),.UNSPECIFIED.);
#512=B_SPLINE_CURVE_WITH_KNOTS('',3,(#12838,#12839,#12840,#12841),
 .UNSPECIFIED.,.F.,.F.,(4,4),(1.05,1.25),.UNSPECIFIED.);
#513=B_SPLINE_CURVE_WITH_KNOTS('',3,(#12876,#12877,#12878,#12879),
 .UNSPECIFIED.,.F.,.F.,(4,4),(1.05,1.25),.UNSPECIFIED.);
#514=B_SPLINE_CURVE_WITH_KNOTS('',3,(#12880,#12881,#12882,#12883),
 .UNSPECIFIED.,.F.,.F.,(4,4),(-1.7,-1.5),.UNSPECIFIED.);
#515=B_SPLINE_CURVE_WITH_KNOTS('',3,(#12942,#12943,#12944,#12945),
 .UNSPECIFIED.,.F.,.F.,(4,4),(1.5,1.7),.UNSPECIFIED.);
#516=B_SPLINE_CURVE_WITH_KNOTS('',3,(#12956,#12957,#12958,#12959),
 .UNSPECIFIED.,.F.,.F.,(4,4),(1.5,1.7),.UNSPECIFIED.);
#517=B_SPLINE_CURVE_WITH_KNOTS('',3,(#12961,#12962,#12963,#12964),
 .UNSPECIFIED.,.F.,.F.,(4,4),(1.05,1.25),.UNSPECIFIED.);
#518=B_SPLINE_CURVE_WITH_KNOTS('',3,(#13012,#13013,#13014,#13015),
 .UNSPECIFIED.,.F.,.F.,(4,4),(1.5,1.7),.UNSPECIFIED.);
#519=B_SPLINE_CURVE_WITH_KNOTS('',3,(#13017,#13018,#13019,#13020),
 .UNSPECIFIED.,.F.,.F.,(4,4),(-1.25,-1.05),.UNSPECIFIED.);
#520=B_SPLINE_CURVE_WITH_KNOTS('',3,(#13105,#13106,#13107,#13108),
 .UNSPECIFIED.,.F.,.F.,(4,4),(1.5,1.7),.UNSPECIFIED.);
#521=B_SPLINE_CURVE_WITH_KNOTS('',3,(#13110,#13111,#13112,#13113),
 .UNSPECIFIED.,.F.,.F.,(4,4),(1.05,1.25),.UNSPECIFIED.);
#522=B_SPLINE_CURVE_WITH_KNOTS('',3,(#13169,#13170,#13171,#13172),
 .UNSPECIFIED.,.F.,.F.,(4,4),(1.5,1.7),.UNSPECIFIED.);
#523=B_SPLINE_CURVE_WITH_KNOTS('',3,(#13176,#13177,#13178,#13179),
 .UNSPECIFIED.,.F.,.F.,(4,4),(-1.25,-1.05),.UNSPECIFIED.);
#524=B_SPLINE_CURVE_WITH_KNOTS('',3,(#13313,#13314,#13315,#13316,#13317),
 .UNSPECIFIED.,.F.,.F.,(4,1,4),(0.,0.0478395686033179,0.094428823351228),
 .UNSPECIFIED.);
#525=B_SPLINE_CURVE_WITH_KNOTS('',3,(#13319,#13320,#13321,#13322,#13323),
 .UNSPECIFIED.,.F.,.F.,(4,1,4),(0.,0.0467826079598212,0.0949136489011719),
 .UNSPECIFIED.);
#526=B_SPLINE_CURVE_WITH_KNOTS('',3,(#13327,#13328,#13329,#13330,#13331),
 .UNSPECIFIED.,.F.,.F.,(4,1,4),(0.,0.0349364764497556,0.0653875736420559),
 .UNSPECIFIED.);
#527=B_SPLINE_CURVE_WITH_KNOTS('',3,(#13333,#13334,#13335,#13336,#13337),
 .UNSPECIFIED.,.F.,.F.,(4,1,4),(0.,0.030004871134819,0.0642344083977642),
 .UNSPECIFIED.);
#528=B_SPLINE_CURVE_WITH_KNOTS('',3,(#13339,#13340,#13341,#13342,#13343),
 .UNSPECIFIED.,.F.,.F.,(4,1,4),(0.,0.0379079414922568,0.0785787800174322),
 .UNSPECIFIED.);
#529=B_SPLINE_CURVE_WITH_KNOTS('',3,(#13345,#13346,#13347,#13348,#13349),
 .UNSPECIFIED.,.F.,.F.,(4,1,4),(0.,0.0357520893334247,0.0680809162343921),
 .UNSPECIFIED.);
#530=B_SPLINE_CURVE_WITH_KNOTS('',3,(#13351,#13352,#13353,#13354,#13355),
 .UNSPECIFIED.,.F.,.F.,(4,1,4),(0.,0.0285870163586817,0.0536094563614668),
 .UNSPECIFIED.);
#531=B_SPLINE_CURVE_WITH_KNOTS('',3,(#13357,#13358,#13359,#13360,#13361),
 .UNSPECIFIED.,.F.,.F.,(4,1,4),(0.,0.0230911738161641,0.0456673054636357),
 .UNSPECIFIED.);
#532=B_SPLINE_CURVE_WITH_KNOTS('',3,(#13363,#13364,#13365,#13366,#13367),
 .UNSPECIFIED.,.F.,.F.,(4,1,4),(0.,0.0223035882545491,0.0439336399061137),
 .UNSPECIFIED.);
#533=B_SPLINE_CURVE_WITH_KNOTS('',3,(#13369,#13370,#13371,#13372,#13373),
 .UNSPECIFIED.,.F.,.F.,(4,1,4),(0.,0.024245279379359,0.0543126736180368),
 .UNSPECIFIED.);
#534=B_SPLINE_CURVE_WITH_KNOTS('',3,(#13375,#13376,#13377,#13378,#13379),
 .UNSPECIFIED.,.F.,.F.,(4,1,4),(0.,0.0338332654140347,0.0923270681767116),
 .UNSPECIFIED.);
#535=B_SPLINE_CURVE_WITH_KNOTS('',3,(#13381,#13382,#13383,#13384,#13385),
 .UNSPECIFIED.,.F.,.F.,(4,1,4),(0.,0.0607427876981247,0.10159322980091),
 .UNSPECIFIED.);
#536=B_SPLINE_CURVE_WITH_KNOTS('',3,(#13387,#13388,#13389,#13390,#13391),
 .UNSPECIFIED.,.F.,.F.,(4,1,4),(0.,0.0376606229031803,0.0714501353416861),
 .UNSPECIFIED.);
#537=B_SPLINE_CURVE_WITH_KNOTS('',3,(#13393,#13394,#13395,#13396,#13397),
 .UNSPECIFIED.,.F.,.F.,(4,1,4),(0.,0.0322707368460888,0.0653482975430302),
 .UNSPECIFIED.);
#538=B_SPLINE_CURVE_WITH_KNOTS('',3,(#13399,#13400,#13401,#13402,#13403),
 .UNSPECIFIED.,.F.,.F.,(4,1,4),(0.,0.0370136307485572,0.0747741520391888),
 .UNSPECIFIED.);
#539=B_SPLINE_CURVE_WITH_KNOTS('',3,(#13405,#13406,#13407,#13408,#13409),
 .UNSPECIFIED.,.F.,.F.,(4,1,4),(0.,0.0392001652332648,0.0811661370455299),
 .UNSPECIFIED.);
#540=B_SPLINE_CURVE_WITH_KNOTS('',3,(#13411,#13412,#13413,#13414,#13415),
 .UNSPECIFIED.,.F.,.F.,(4,1,4),(0.,0.04540939247205,0.0937730006357261),
 .UNSPECIFIED.);
#541=B_SPLINE_CURVE_WITH_KNOTS('',3,(#13417,#13418,#13419,#13420,#13421),
 .UNSPECIFIED.,.F.,.F.,(4,1,4),(0.,0.0525017721592073,0.100177521725064),
 .UNSPECIFIED.);
#542=B_SPLINE_CURVE_WITH_KNOTS('',3,(#13423,#13424,#13425,#13426,#13427),
 .UNSPECIFIED.,.F.,.F.,(4,1,4),(0.,0.043592531802742,0.0848804293987461),
 .UNSPECIFIED.);
#543=B_SPLINE_CURVE_WITH_KNOTS('',3,(#13429,#13430,#13431,#13432,#13433),
 .UNSPECIFIED.,.F.,.F.,(4,1,4),(0.,0.041039525914752,0.083316783718401),
 .UNSPECIFIED.);
#544=B_SPLINE_CURVE_WITH_KNOTS('',3,(#13437,#13438,#13439,#13440,#13441),
 .UNSPECIFIED.,.F.,.F.,(4,1,4),(0.,0.0430940468117372,0.0811550384687558),
 .UNSPECIFIED.);
#545=B_SPLINE_CURVE_WITH_KNOTS('',3,(#13443,#13444,#13445,#13446,#13447),
 .UNSPECIFIED.,.F.,.F.,(4,1,4),(0.,0.040801455729957,0.0917676957326175),
 .UNSPECIFIED.);
#546=B_SPLINE_CURVE_WITH_KNOTS('',3,(#13449,#13450,#13451,#13452,#13453),
 .UNSPECIFIED.,.F.,.F.,(4,1,4),(0.,0.0521750760305398,0.0914111667047908),
 .UNSPECIFIED.);
#547=B_SPLINE_CURVE_WITH_KNOTS('',3,(#13455,#13456,#13457,#13458,#13459),
 .UNSPECIFIED.,.F.,.F.,(4,1,4),(0.,0.0318195402042392,0.0614040845982336),
 .UNSPECIFIED.);
#548=B_SPLINE_CURVE_WITH_KNOTS('',3,(#13461,#13462,#13463,#13464,#13465),
 .UNSPECIFIED.,.F.,.F.,(4,1,4),(0.,0.0250329408890552,0.049607452808375),
 .UNSPECIFIED.);
#549=B_SPLINE_CURVE_WITH_KNOTS('',3,(#13467,#13468,#13469,#13470,#13471),
 .UNSPECIFIED.,.F.,.F.,(4,1,4),(0.,0.0387245386833866,0.106441135529537),
 .UNSPECIFIED.);
#550=B_SPLINE_CURVE_WITH_KNOTS('',3,(#13473,#13474,#13475,#13476,#13477),
 .UNSPECIFIED.,.F.,.F.,(4,1,4),(0.,0.0701157211002165,0.115282853559733),
 .UNSPECIFIED.);
#551=B_SPLINE_CURVE_WITH_KNOTS('',3,(#13479,#13480,#13481,#13482,#13483),
 .UNSPECIFIED.,.F.,.F.,(4,1,4),(0.,0.044271262560983,0.0829664702101172),
 .UNSPECIFIED.);
#552=B_SPLINE_CURVE_WITH_KNOTS('',3,(#13485,#13486,#13487,#13488,#13489),
 .UNSPECIFIED.,.F.,.F.,(4,1,4),(0.,0.0366940351437528,0.0749500050337058),
 .UNSPECIFIED.);
#553=B_SPLINE_CURVE_WITH_KNOTS('',3,(#13491,#13492,#13493,#13494,#13495),
 .UNSPECIFIED.,.F.,.F.,(4,1,4),(0.,0.0391722698772859,0.0794514819663475),
 .UNSPECIFIED.);
#554=B_SPLINE_CURVE_WITH_KNOTS('',3,(#13497,#13498,#13499,#13500,#13501),
 .UNSPECIFIED.,.F.,.F.,(4,1,4),(0.,0.0419476223842245,0.0864878545867068),
 .UNSPECIFIED.);
#555=B_SPLINE_CURVE_WITH_KNOTS('',3,(#13503,#13504,#13505,#13506,#13507),
 .UNSPECIFIED.,.F.,.F.,(4,1,4),(0.,0.0478081954388639,0.0989051964607272),
 .UNSPECIFIED.);
#556=B_SPLINE_CURVE_WITH_KNOTS('',3,(#13508,#13509,#13510,#13511,#13512),
 .UNSPECIFIED.,.F.,.F.,(4,1,4),(0.,0.0625678381488823,0.116040048422177),
 .UNSPECIFIED.);
#557=B_SPLINE_CURVE_WITH_KNOTS('',3,(#13567,#13568,#13569,#13570,#13571),
 .UNSPECIFIED.,.F.,.F.,(4,1,4),(0.,0.0498276383903617,0.0986893412421912),
 .UNSPECIFIED.);
#558=B_SPLINE_CURVE_WITH_KNOTS('',3,(#13573,#13574,#13575,#13576,#13577),
 .UNSPECIFIED.,.F.,.F.,(4,1,4),(0.,0.0485630480448175,0.103842358883137),
 .UNSPECIFIED.);
#559=B_SPLINE_CURVE_WITH_KNOTS('',3,(#13591,#13592,#13593,#13594,#13595),
 .UNSPECIFIED.,.F.,.F.,(4,1,4),(0.,0.0441851552051621,0.07835731411066),
 .UNSPECIFIED.);
#560=B_SPLINE_CURVE_WITH_KNOTS('',3,(#13597,#13598,#13599,#13600,#13601),
 .UNSPECIFIED.,.F.,.F.,(4,1,4),(0.,0.0276046746322141,0.0521615495821667),
 .UNSPECIFIED.);
#561=B_SPLINE_CURVE_WITH_KNOTS('',3,(#13603,#13604,#13605,#13606,#13607),
 .UNSPECIFIED.,.F.,.F.,(4,1,4),(0.,0.034627182648796,0.0736248330806533),
 .UNSPECIFIED.);
#562=B_SPLINE_CURVE_WITH_KNOTS('',3,(#13609,#13610,#13611,#13612,#13613),
 .UNSPECIFIED.,.F.,.F.,(4,1,4),(0.,0.0450443765347242,0.0938063190605095),
 .UNSPECIFIED.);
#563=B_SPLINE_CURVE_WITH_KNOTS('',3,(#13617,#13618,#13619,#13620,#13621),
 .UNSPECIFIED.,.F.,.F.,(4,1,4),(0.0027196571384234,0.0538204410704917,0.102099785976495),
 .UNSPECIFIED.);
#564=B_SPLINE_CURVE_WITH_KNOTS('',3,(#13623,#13624,#13625,#13626,#13627),
 .UNSPECIFIED.,.F.,.F.,(4,1,4),(0.,0.0429723976708719,0.0806818103111988),
 .UNSPECIFIED.);
#565=B_SPLINE_CURVE_WITH_KNOTS('',3,(#13629,#13630,#13631,#13632,#13633),
 .UNSPECIFIED.,.F.,.F.,(4,1,4),(0.,0.0337295519492764,0.0645273145916298),
 .UNSPECIFIED.);
#566=B_SPLINE_CURVE_WITH_KNOTS('',3,(#13635,#13636,#13637,#13638,#13639),
 .UNSPECIFIED.,.F.,.F.,(4,1,4),(0.,0.0309164128877254,0.064985733814512),
 .UNSPECIFIED.);
#567=B_SPLINE_CURVE_WITH_KNOTS('',3,(#13641,#13642,#13643,#13644,#13645),
 .UNSPECIFIED.,.F.,.F.,(4,1,4),(0.,0.0381002683203688,0.080914275345934),
 .UNSPECIFIED.);
#568=B_SPLINE_CURVE_WITH_KNOTS('',3,(#13651,#13652,#13653,#13654,#13655),
 .UNSPECIFIED.,.F.,.F.,(4,1,4),(0.,0.05195214168467,0.101047008554048),
 .UNSPECIFIED.);
#569=B_SPLINE_CURVE_WITH_KNOTS('',3,(#13657,#13658,#13659,#13660,#13661),
 .UNSPECIFIED.,.F.,.F.,(4,1,4),(0.,0.0512823963099658,0.110078218019523),
 .UNSPECIFIED.);
#570=B_SPLINE_CURVE_WITH_KNOTS('',3,(#13665,#13666,#13667,#13668,#13669),
 .UNSPECIFIED.,.F.,.F.,(4,1,4),(0.,0.0775137059431558,0.147133426043138),
 .UNSPECIFIED.);
#571=B_SPLINE_CURVE_WITH_KNOTS('',3,(#13671,#13672,#13673,#13674,#13675),
 .UNSPECIFIED.,.F.,.F.,(4,1,4),(0.,0.0681100205900909,0.140992326943717),
 .UNSPECIFIED.);
#572=B_SPLINE_CURVE_WITH_KNOTS('',3,(#13677,#13678,#13679,#13680,#13681),
 .UNSPECIFIED.,.F.,.F.,(4,1,4),(0.,0.0737466078995256,0.136959556213275),
 .UNSPECIFIED.);
#573=B_SPLINE_CURVE_WITH_KNOTS('',3,(#13683,#13684,#13685,#13686,#13687),
 .UNSPECIFIED.,.F.,.F.,(4,1,4),(0.,0.0600980525143127,0.124009500669748),
 .UNSPECIFIED.);
#574=B_SPLINE_CURVE_WITH_KNOTS('',3,(#13689,#13690,#13691,#13692,#13693),
 .UNSPECIFIED.,.F.,.F.,(4,1,4),(0.,0.0676851739717185,0.13732072869098),
 .UNSPECIFIED.);
#575=B_SPLINE_CURVE_WITH_KNOTS('',3,(#13695,#13696,#13697,#13698,#13699),
 .UNSPECIFIED.,.F.,.F.,(4,1,4),(0.,0.0734952833294861,0.14048457493848),
 .UNSPECIFIED.);
#576=B_SPLINE_CURVE_WITH_KNOTS('',3,(#13701,#13702,#13703,#13704,#13705),
 .UNSPECIFIED.,.F.,.F.,(4,1,4),(0.,0.0626444714739308,0.123969666229396),
 .UNSPECIFIED.);
#577=B_SPLINE_CURVE_WITH_KNOTS('',3,(#13707,#13708,#13709,#13710,#13711),
 .UNSPECIFIED.,.F.,.F.,(4,1,4),(0.,0.0621245003994965,0.125967320464279),
 .UNSPECIFIED.);
#578=B_SPLINE_CURVE_WITH_KNOTS('',3,(#13713,#13714,#13715,#13716,#13717),
 .UNSPECIFIED.,.F.,.F.,(4,1,4),(0.,0.0697225884424718,0.133632077890817),
 .UNSPECIFIED.);
#579=B_SPLINE_CURVE_WITH_KNOTS('',3,(#13719,#13720,#13721,#13722,#13723),
 .UNSPECIFIED.,.F.,.F.,(4,1,4),(0.,0.0632121018739253,0.130716198195836),
 .UNSPECIFIED.);
#580=B_SPLINE_CURVE_WITH_KNOTS('',3,(#13727,#13728,#13729,#13730,#13731),
 .UNSPECIFIED.,.F.,.F.,(4,1,4),(0.,0.0517466569672304,0.0952745303357007),
 .UNSPECIFIED.);
#581=B_SPLINE_CURVE_WITH_KNOTS('',3,(#13733,#13734,#13735,#13736,#13737),
 .UNSPECIFIED.,.F.,.F.,(4,1,4),(0.,0.0417546632018478,0.0880481616069618),
 .UNSPECIFIED.);
#582=B_SPLINE_CURVE_WITH_KNOTS('',3,(#13739,#13740,#13741,#13742,#13743),
 .UNSPECIFIED.,.F.,.F.,(4,1,4),(0.,0.0533564577112734,0.101487537212323),
 .UNSPECIFIED.);
#583=B_SPLINE_CURVE_WITH_KNOTS('',3,(#13745,#13746,#13747,#13748,#13749),
 .UNSPECIFIED.,.F.,.F.,(4,1,4),(0.,0.0461857390285471,0.0931860026738573),
 .UNSPECIFIED.);
#584=B_SPLINE_CURVE_WITH_KNOTS('',3,(#13751,#13752,#13753,#13754,#13755),
 .UNSPECIFIED.,.F.,.F.,(4,1,4),(0.,0.0487222242119251,0.0976093587307881),
 .UNSPECIFIED.);
#585=B_SPLINE_CURVE_WITH_KNOTS('',3,(#13757,#13758,#13759,#13760,#13761),
 .UNSPECIFIED.,.F.,.F.,(4,1,4),(0.,0.0599093602297893,0.113387044139146),
 .UNSPECIFIED.);
#586=B_SPLINE_CURVE_WITH_KNOTS('',3,(#13763,#13764,#13765,#13766,#13767),
 .UNSPECIFIED.,.F.,.F.,(4,1,4),(0.,0.0478719970481904,0.0929633596588639),
 .UNSPECIFIED.);
#587=B_SPLINE_CURVE_WITH_KNOTS('',3,(#13768,#13769,#13770,#13771,#13772),
 .UNSPECIFIED.,.F.,.F.,(4,1,4),(0.,0.0444930069441298,0.0889664265480779),
 .UNSPECIFIED.);
#588=B_SPLINE_CURVE_WITH_KNOTS('',3,(#13779,#13780,#13781,#13782,#13783),
 .UNSPECIFIED.,.F.,.F.,(4,1,4),(0.,0.0514465536346328,0.0894306169236947),
 .UNSPECIFIED.);
#589=B_SPLINE_CURVE_WITH_KNOTS('',3,(#13785,#13786,#13787,#13788,#13789),
 .UNSPECIFIED.,.F.,.F.,(4,1,4),(0.,0.0421750718066883,0.082213681923165),
 .UNSPECIFIED.);
#590=B_SPLINE_CURVE_WITH_KNOTS('',3,(#13791,#13792,#13793,#13794,#13795),
 .UNSPECIFIED.,.F.,.F.,(4,1,4),(0.,0.0514283609922499,0.104800544120813),
 .UNSPECIFIED.);
#591=B_SPLINE_CURVE_WITH_KNOTS('',3,(#13797,#13798,#13799,#13800,#13801),
 .UNSPECIFIED.,.F.,.F.,(4,1,4),(0.,0.0576298971104862,0.0737113432049253),
 .UNSPECIFIED.);
#592=B_SPLINE_CURVE_WITH_KNOTS('',3,(#13805,#13806,#13807,#13808,#13809),
 .UNSPECIFIED.,.F.,.F.,(4,1,4),(0.0460088764103865,0.0696620095936508,0.124385442324236),
 .UNSPECIFIED.);
#593=B_SPLINE_CURVE_WITH_KNOTS('',3,(#13811,#13812,#13813,#13814,#13815),
 .UNSPECIFIED.,.F.,.F.,(4,1,4),(0.,0.0452831476560211,0.0854442415783651),
 .UNSPECIFIED.);
#594=B_SPLINE_CURVE_WITH_KNOTS('',3,(#13817,#13818,#13819,#13820,#13821),
 .UNSPECIFIED.,.F.,.F.,(4,1,4),(0.,0.0355417106590204,0.0865097387953922),
 .UNSPECIFIED.);
#595=B_SPLINE_CURVE_WITH_KNOTS('',3,(#13855,#13856,#13857,#13858,#13859,
#13860,#13861),.UNSPECIFIED.,.F.,.F.,(4,3,4),(0.,0.0483766449138074,0.0980515717971624),
 .UNSPECIFIED.);
#596=B_SPLINE_CURVE_WITH_KNOTS('',3,(#13863,#13864,#13865,#13866,#13867,
#13868,#13869),.UNSPECIFIED.,.F.,.F.,(4,3,4),(0.,0.0591909529468869,0.12845029242305),
 .UNSPECIFIED.);
#597=B_SPLINE_CURVE_WITH_KNOTS('',3,(#13871,#13872,#13873,#13874,#13875,
#13876,#13877),.UNSPECIFIED.,.F.,.F.,(4,3,4),(0.,0.0515370844177016,0.0997570377401376),
 .UNSPECIFIED.);
#598=B_SPLINE_CURVE_WITH_KNOTS('',3,(#13879,#13880,#13881,#13882,#13883,
#13884,#13885),.UNSPECIFIED.,.F.,.F.,(4,3,4),(0.,0.0451702217602562,0.0877111631005959),
 .UNSPECIFIED.);
#599=B_SPLINE_CURVE_WITH_KNOTS('',3,(#13887,#13888,#13889,#13890,#13891,
#13892,#13893),.UNSPECIFIED.,.F.,.F.,(4,3,4),(0.,0.0408292271261246,0.080536396678726),
 .UNSPECIFIED.);
#600=B_SPLINE_CURVE_WITH_KNOTS('',3,(#13895,#13896,#13897,#13898,#13899,
#13900,#13901),.UNSPECIFIED.,.F.,.F.,(4,3,4),(0.,0.0388258378291797,0.0760664740459006),
 .UNSPECIFIED.);
#601=B_SPLINE_CURVE_WITH_KNOTS('',3,(#13903,#13904,#13905,#13906,#13907,
#13908,#13909),.UNSPECIFIED.,.F.,.F.,(4,3,4),(0.,0.0427117214928897,0.0915782853782398),
 .UNSPECIFIED.);
#602=B_SPLINE_CURVE_WITH_KNOTS('',3,(#13911,#13912,#13913,#13914,#13915,
#13916,#13917),.UNSPECIFIED.,.F.,.F.,(4,3,4),(0.,0.0500636215938793,0.127780464302225),
 .UNSPECIFIED.);
#603=B_SPLINE_CURVE_WITH_KNOTS('',3,(#13919,#13920,#13921,#13922,#13923,
#13924,#13925),.UNSPECIFIED.,.F.,.F.,(4,3,4),(0.,0.0715739233780658,0.112504319967144),
 .UNSPECIFIED.);
#604=B_SPLINE_CURVE_WITH_KNOTS('',3,(#13927,#13928,#13929,#13930,#13931,
#13932,#13933),.UNSPECIFIED.,.F.,.F.,(4,3,4),(0.,0.0257309990224428,0.0519420008791573),
 .UNSPECIFIED.);
#605=B_SPLINE_CURVE_WITH_KNOTS('',3,(#13935,#13936,#13937,#13938,#13939,
#13940,#13941),.UNSPECIFIED.,.F.,.F.,(4,3,4),(0.,0.0323426928005576,0.0671287486605091),
 .UNSPECIFIED.);
#606=B_SPLINE_CURVE_WITH_KNOTS('',3,(#13943,#13944,#13945,#13946,#13947,
#13948,#13949),.UNSPECIFIED.,.F.,.F.,(4,3,4),(0.,0.0446598911331512,0.104047388086739),
 .UNSPECIFIED.);
#607=B_SPLINE_CURVE_WITH_KNOTS('',3,(#13951,#13952,#13953,#13954,#13955,
#13956,#13957),.UNSPECIFIED.,.F.,.F.,(4,3,4),(0.,0.0525267758960235,0.0945775318718832),
 .UNSPECIFIED.);
#608=B_SPLINE_CURVE_WITH_KNOTS('',3,(#13959,#13960,#13961,#13962,#13963,
#13964,#13965),.UNSPECIFIED.,.F.,.F.,(4,3,4),(0.,0.0423255642769165,0.0902481161830564),
 .UNSPECIFIED.);
#609=B_SPLINE_CURVE_WITH_KNOTS('',3,(#13969,#13970,#13971,#13972,#13973,
#13974,#13975),.UNSPECIFIED.,.F.,.F.,(4,3,4),(0.,0.0427928268429707,0.0843328277187137),
 .UNSPECIFIED.);
#610=B_SPLINE_CURVE_WITH_KNOTS('',3,(#13977,#13978,#13979,#13980,#13981,
#13982,#13983),.UNSPECIFIED.,.F.,.F.,(4,3,4),(0.,0.0438013903717806,0.090047714693486),
 .UNSPECIFIED.);
#611=B_SPLINE_CURVE_WITH_KNOTS('',3,(#13985,#13986,#13987,#13988,#13989,
#13990,#13991),.UNSPECIFIED.,.F.,.F.,(4,3,4),(0.,0.0514868562450828,0.108185517941827),
 .UNSPECIFIED.);
#612=B_SPLINE_CURVE_WITH_KNOTS('',3,(#13993,#13994,#13995,#13996,#13997,
#13998,#13999),.UNSPECIFIED.,.F.,.F.,(4,3,4),(0.,0.0487123154401671,0.0944491149477395),
 .UNSPECIFIED.);
#613=B_SPLINE_CURVE_WITH_KNOTS('',3,(#14001,#14002,#14003,#14004,#14005,
#14006,#14007),.UNSPECIFIED.,.F.,.F.,(4,3,4),(0.,0.0426427145293776,0.0824750211187367),
 .UNSPECIFIED.);
#614=B_SPLINE_CURVE_WITH_KNOTS('',3,(#14009,#14010,#14011,#14012,#14013,
#14014,#14015),.UNSPECIFIED.,.F.,.F.,(4,3,4),(0.,0.038277600209384,0.0757980822277968),
 .UNSPECIFIED.);
#615=B_SPLINE_CURVE_WITH_KNOTS('',3,(#14017,#14018,#14019,#14020,#14021,
#14022,#14023),.UNSPECIFIED.,.F.,.F.,(4,3,4),(0.,0.0335099196354482,0.0662024693732263),
 .UNSPECIFIED.);
#616=B_SPLINE_CURVE_WITH_KNOTS('',3,(#14025,#14026,#14027,#14028,#14029,
#14030,#14031),.UNSPECIFIED.,.F.,.F.,(4,3,4),(0.,0.0368636178183715,0.0779505323464001),
 .UNSPECIFIED.);
#617=B_SPLINE_CURVE_WITH_KNOTS('',3,(#14033,#14034,#14035,#14036,#14037,
#14038,#14039),.UNSPECIFIED.,.F.,.F.,(4,3,4),(0.,0.0456183776477986,0.11345087311066),
 .UNSPECIFIED.);
#618=B_SPLINE_CURVE_WITH_KNOTS('',3,(#14041,#14042,#14043,#14044,#14045,
#14046,#14047),.UNSPECIFIED.,.F.,.F.,(4,3,4),(0.,0.0612489702172248,0.0966758456779174),
 .UNSPECIFIED.);
#619=B_SPLINE_CURVE_WITH_KNOTS('',3,(#14049,#14050,#14051,#14052,#14053,
#14054,#14055),.UNSPECIFIED.,.F.,.F.,(4,3,4),(0.,0.0307368589492176,0.0555219709064453),
 .UNSPECIFIED.);
#620=B_SPLINE_CURVE_WITH_KNOTS('',3,(#14057,#14058,#14059,#14060,#14061,
#14062,#14063),.UNSPECIFIED.,.F.,.F.,(4,3,4),(0.,0.0226248655454488,0.0459542451312677),
 .UNSPECIFIED.);
#621=B_SPLINE_CURVE_WITH_KNOTS('',3,(#14065,#14066,#14067,#14068,#14069,
#14070,#14071),.UNSPECIFIED.,.F.,.F.,(4,3,4),(0.,0.023413316207564,0.0473607737527197),
 .UNSPECIFIED.);
#622=B_SPLINE_CURVE_WITH_KNOTS('',3,(#14073,#14074,#14075,#14076,#14077,
#14078,#14079),.UNSPECIFIED.,.F.,.F.,(4,3,4),(0.,0.0276384496788793,0.0592141398598041),
 .UNSPECIFIED.);
#623=B_SPLINE_CURVE_WITH_KNOTS('',3,(#14081,#14082,#14083,#14084,#14085,
#14086,#14087),.UNSPECIFIED.,.F.,.F.,(4,3,4),(0.,0.0349587503538567,0.0736192427207659),
 .UNSPECIFIED.);
#624=B_SPLINE_CURVE_WITH_KNOTS('',3,(#14089,#14090,#14091,#14092,#14093,
#14094,#14095),.UNSPECIFIED.,.F.,.F.,(4,3,4),(0.,0.0409989099595927,0.0792126359695076),
 .UNSPECIFIED.);
#625=B_SPLINE_CURVE_WITH_KNOTS('',3,(#14097,#14098,#14099,#14100,#14101,
#14102,#14103),.UNSPECIFIED.,.F.,.F.,(4,3,4),(0.,0.0348285468446046,0.0653584968073419),
 .UNSPECIFIED.);
#626=B_SPLINE_CURVE_WITH_KNOTS('',3,(#14105,#14106,#14107,#14108,#14109,
#14110,#14111),.UNSPECIFIED.,.F.,.F.,(4,3,4),(0.,0.0335583948348565,0.0720598669964578),
 .UNSPECIFIED.);
#627=B_SPLINE_CURVE_WITH_KNOTS('',3,(#14114,#14115,#14116,#14117,#14118,
#14119,#14120),.UNSPECIFIED.,.F.,.F.,(4,3,4),(0.,0.0487418485170319,0.0961181517469555),
 .UNSPECIFIED.);
#628=B_SPLINE_CURVE_WITH_KNOTS('',3,(#14171,#14172,#14173,#14174,#14175,
#14176,#14177),.UNSPECIFIED.,.F.,.F.,(4,3,4),(0.,0.0554915555318894,0.104241061206059),
 .UNSPECIFIED.);
#629=B_SPLINE_CURVE_WITH_KNOTS('',3,(#14179,#14180,#14181,#14182,#14183,
#14184,#14185),.UNSPECIFIED.,.F.,.F.,(4,3,4),(0.,0.0497761113134195,0.100536234891687),
 .UNSPECIFIED.);
#630=B_SPLINE_CURVE_WITH_KNOTS('',3,(#14197,#14198,#14199,#14200,#14201,
#14202,#14203),.UNSPECIFIED.,.F.,.F.,(4,3,4),(0.,0.0430453526813097,0.0813514959517468),
 .UNSPECIFIED.);
#631=B_SPLINE_CURVE_WITH_KNOTS('',3,(#14205,#14206,#14207,#14208,#14209,
#14210,#14211),.UNSPECIFIED.,.F.,.F.,(4,3,4),(0.,0.0343151387008459,0.0654546204256136),
 .UNSPECIFIED.);
#632=B_SPLINE_CURVE_WITH_KNOTS('',3,(#14213,#14214,#14215,#14216,#14217,
#14218,#14219),.UNSPECIFIED.,.F.,.F.,(4,3,4),(0.,0.0331244356041083,0.0694021478676202),
 .UNSPECIFIED.);
#633=B_SPLINE_CURVE_WITH_KNOTS('',3,(#14221,#14222,#14223,#14224,#14225,
#14226,#14227),.UNSPECIFIED.,.F.,.F.,(4,3,4),(0.,0.0412796219776483,0.0883205119603723),
 .UNSPECIFIED.);
#634=B_SPLINE_CURVE_WITH_KNOTS('',3,(#14229,#14230,#14231,#14232,#14233,
#14234,#14235),.UNSPECIFIED.,.F.,.F.,(4,3,4),(0.,0.0523103829109276,0.110624510542811),
 .UNSPECIFIED.);
#635=B_SPLINE_CURVE_WITH_KNOTS('',3,(#14237,#14238,#14239,#14240,#14241,
#14242,#14243),.UNSPECIFIED.,.F.,.F.,(4,3,4),(0.,0.0637979942323891,0.121854159931825),
 .UNSPECIFIED.);
#636=B_SPLINE_CURVE_WITH_KNOTS('',3,(#14245,#14246,#14247,#14248,#14249,
#14250,#14251),.UNSPECIFIED.,.F.,.F.,(4,3,4),(0.,0.053952790683384,0.105940613424692),
 .UNSPECIFIED.);
#637=B_SPLINE_CURVE_WITH_KNOTS('',3,(#14253,#14254,#14255,#14256,#14257,
#14258,#14259),.UNSPECIFIED.,.F.,.F.,(4,3,4),(0.,0.0422122616285325,0.0866769710709175),
 .UNSPECIFIED.);
#638=B_SPLINE_CURVE_WITH_KNOTS('',3,(#14261,#14262,#14263,#14264,#14265,
#14266,#14267),.UNSPECIFIED.,.F.,.F.,(4,3,4),(0.,0.0427138725942046,0.100566596791656),
 .UNSPECIFIED.);
#639=B_SPLINE_CURVE_WITH_KNOTS('',3,(#14275,#14276,#14277,#14278,#14279,
#14280,#14281),.UNSPECIFIED.,.F.,.F.,(4,3,4),(0.,0.0524390417747975,0.107929986181286),
 .UNSPECIFIED.);
#640=B_SPLINE_CURVE_WITH_KNOTS('',3,(#14283,#14284,#14285,#14286,#14287,
#14288,#14289),.UNSPECIFIED.,.F.,.F.,(4,3,4),(0.,0.0450131254899575,0.090046076021692),
 .UNSPECIFIED.);
#641=B_SPLINE_CURVE_WITH_KNOTS('',3,(#14291,#14292,#14293,#14294,#14295,
#14296,#14297),.UNSPECIFIED.,.F.,.F.,(4,3,4),(0.,0.0481743718645488,0.0993194970986267),
 .UNSPECIFIED.);
#642=B_SPLINE_CURVE_WITH_KNOTS('',3,(#14299,#14300,#14301,#14302,#14303,
#14304,#14305),.UNSPECIFIED.,.F.,.F.,(4,3,4),(0.,0.058184317095105,0.123366369827292),
 .UNSPECIFIED.);
#643=B_SPLINE_CURVE_WITH_KNOTS('',3,(#14307,#14308,#14309,#14310,#14311,
#14312,#14313),.UNSPECIFIED.,.F.,.F.,(4,3,4),(0.,0.0490912556006981,0.0980169123355852),
 .UNSPECIFIED.);
#644=B_SPLINE_CURVE_WITH_KNOTS('',3,(#14315,#14316,#14317,#14318,#14319,
#14320,#14321),.UNSPECIFIED.,.F.,.F.,(4,3,4),(0.,0.0477547829438373,0.0946819652901658),
 .UNSPECIFIED.);
#645=B_SPLINE_CURVE_WITH_KNOTS('',3,(#14323,#14324,#14325,#14326,#14327,
#14328,#14329),.UNSPECIFIED.,.F.,.F.,(4,3,4),(0.,0.0525925607300663,0.11089486293503),
 .UNSPECIFIED.);
#646=B_SPLINE_CURVE_WITH_KNOTS('',3,(#14331,#14332,#14333,#14334,#14335,
#14336,#14337),.UNSPECIFIED.,.F.,.F.,(4,3,4),(0.,0.0472230343526801,0.0898160973679312),
 .UNSPECIFIED.);
#647=B_SPLINE_CURVE_WITH_KNOTS('',3,(#14339,#14340,#14341,#14342,#14343,
#14344,#14345),.UNSPECIFIED.,.F.,.F.,(4,3,4),(0.,0.0487658952839692,0.106739599480309),
 .UNSPECIFIED.);
#648=B_SPLINE_CURVE_WITH_KNOTS('',3,(#14349,#14350,#14351,#14352,#14353,
#14354,#14355),.UNSPECIFIED.,.F.,.F.,(4,3,4),(0.,0.0687536334330365,0.133135825293606),
 .UNSPECIFIED.);
#649=B_SPLINE_CURVE_WITH_KNOTS('',3,(#14357,#14358,#14359,#14360,#14361,
#14362,#14363),.UNSPECIFIED.,.F.,.F.,(4,3,4),(0.,0.0693399015598762,0.144986843208632),
 .UNSPECIFIED.);
#650=B_SPLINE_CURVE_WITH_KNOTS('',3,(#14365,#14366,#14367,#14368,#14369,
#14370,#14371),.UNSPECIFIED.,.F.,.F.,(4,3,4),(0.,0.0645044372194744,0.127272747449885),
 .UNSPECIFIED.);
#651=B_SPLINE_CURVE_WITH_KNOTS('',3,(#14373,#14374,#14375,#14376,#14377,
#14378,#14379),.UNSPECIFIED.,.F.,.F.,(4,3,4),(0.,0.0634366691882283,0.128238038824465),
 .UNSPECIFIED.);
#652=B_SPLINE_CURVE_WITH_KNOTS('',3,(#14381,#14382,#14383,#14384,#14385,
#14386,#14387),.UNSPECIFIED.,.F.,.F.,(4,3,4),(0.,0.0723819201695963,0.151793563478906),
 .UNSPECIFIED.);
#653=B_SPLINE_CURVE_WITH_KNOTS('',3,(#14389,#14390,#14391,#14392,#14393,
#14394,#14395),.UNSPECIFIED.,.F.,.F.,(4,3,4),(0.,0.0700988056968225,0.138234255725581),
 .UNSPECIFIED.);
#654=B_SPLINE_CURVE_WITH_KNOTS('',3,(#14397,#14398,#14399,#14400,#14401,
#14402,#14403),.UNSPECIFIED.,.F.,.F.,(4,3,4),(0.,0.0649051331886249,0.125937580667077),
 .UNSPECIFIED.);
#655=B_SPLINE_CURVE_WITH_KNOTS('',3,(#14405,#14406,#14407,#14408,#14409,
#14410,#14411),.UNSPECIFIED.,.F.,.F.,(4,3,4),(0.,0.0703242629141291,0.152367198440732),
 .UNSPECIFIED.);
#656=B_SPLINE_CURVE_WITH_KNOTS('',3,(#14413,#14414,#14415,#14416,#14417,
#14418,#14419),.UNSPECIFIED.,.F.,.F.,(4,3,4),(0.,0.0743335160318319,0.143799722039321),
 .UNSPECIFIED.);
#657=B_SPLINE_CURVE_WITH_KNOTS('',3,(#14421,#14422,#14423,#14424,#14425,
#14426,#14427),.UNSPECIFIED.,.F.,.F.,(4,3,4),(0.,0.0763439455853112,0.161344318182925),
 .UNSPECIFIED.);
#658=B_SPLINE_CURVE_WITH_KNOTS('',3,(#14430,#14431,#14432,#14433,#14434,
#14435,#14436),.UNSPECIFIED.,.F.,.F.,(4,3,4),(0.,0.0601504949423953,0.112614452927612),
 .UNSPECIFIED.);
#659=B_SPLINE_CURVE_WITH_KNOTS('',3,(#14500,#14501,#14502,#14503),
 .UNSPECIFIED.,.F.,.F.,(4,4),(-1.7,-1.5),.UNSPECIFIED.);
#660=B_SPLINE_CURVE_WITH_KNOTS('',3,(#14540,#14541,#14542,#14543),
 .UNSPECIFIED.,.F.,.F.,(4,4),(-0.15,-0.0499999999999968),.UNSPECIFIED.);
#661=B_SPLINE_CURVE_WITH_KNOTS('',3,(#14545,#14546,#14547,#14548),
 .UNSPECIFIED.,.F.,.F.,(4,4),(-0.0999999999999988,0.),.UNSPECIFIED.);
#662=B_SPLINE_CURVE_WITH_KNOTS('',3,(#14552,#14553,#14554,#14555),
 .UNSPECIFIED.,.F.,.F.,(4,4),(-0.0999999999999996,0.),.UNSPECIFIED.);
#663=B_SPLINE_CURVE_WITH_KNOTS('',3,(#14558,#14559,#14560,#14561),
 .UNSPECIFIED.,.F.,.F.,(4,4),(-0.149999999999999,-0.0499999999999998),
 .UNSPECIFIED.);
#664=B_SPLINE_CURVE_WITH_KNOTS('',3,(#14567,#14568,#14569,#14570),
 .UNSPECIFIED.,.F.,.F.,(4,4),(-0.0565471480277095,0.),.UNSPECIFIED.);
#665=B_SPLINE_CURVE_WITH_KNOTS('',3,(#14572,#14573,#14574,#14575),
 .UNSPECIFIED.,.F.,.F.,(4,4),(-0.12190408557203,-0.0639168404034121),
 .UNSPECIFIED.);
#666=B_SPLINE_CURVE_WITH_KNOTS('',3,(#14576,#14577,#14578,#14579),
 .UNSPECIFIED.,.F.,.F.,(4,4),(-0.00272931689886701,0.),.UNSPECIFIED.);
#667=B_SPLINE_CURVE_WITH_KNOTS('',3,(#14580,#14581,#14582,#14583),
 .UNSPECIFIED.,.F.,.F.,(4,4),(-0.0537848183051293,-0.0502096452543479),
 .UNSPECIFIED.);
#668=B_SPLINE_CURVE_WITH_KNOTS('',3,(#14597,#14598,#14599,#14600,#14601,
#14602,#14603),.UNSPECIFIED.,.F.,.F.,(4,3,4),(0.,0.0618530297041725,0.140590896348277),
 .UNSPECIFIED.);
#669=B_SPLINE_CURVE_WITH_KNOTS('',3,(#14617,#14618,#14619,#14620,#14621,
#14622,#14623),.UNSPECIFIED.,.F.,.F.,(4,3,4),(0.,0.0529881956152223,0.0984525572790265),
 .UNSPECIFIED.);
#670=B_SPLINE_CURVE_WITH_KNOTS('',3,(#14629,#14630,#14631,#14632,#14633,
#14634,#14635),.UNSPECIFIED.,.F.,.F.,(4,3,4),(0.,0.0524400374898207,0.0890082295027532),
 .UNSPECIFIED.);
#671=B_SPLINE_CURVE_WITH_KNOTS('',3,(#14636,#14637,#14638,#14639,#14640,
#14641,#14642),.UNSPECIFIED.,.F.,.F.,(4,3,4),(0.,0.0442839751603279,0.094215826863825),
 .UNSPECIFIED.);
#672=B_SPLINE_CURVE_WITH_KNOTS('',3,(#14644,#14645,#14646,#14647,#14648,
#14649,#14650),.UNSPECIFIED.,.F.,.F.,(4,3,4),(0.,0.0394758304587624,0.0745276034853706),
 .UNSPECIFIED.);
#673=B_SPLINE_CURVE_WITH_KNOTS('',3,(#14652,#14653,#14654,#14655,#14656,
#14657,#14658),.UNSPECIFIED.,.F.,.F.,(4,3,4),(0.,0.026838260549388,0.0570074678149842),
 .UNSPECIFIED.);
#674=B_SPLINE_CURVE_WITH_KNOTS('',3,(#14660,#14661,#14662,#14663,#14664,
#14665,#14666),.UNSPECIFIED.,.F.,.F.,(4,3,4),(0.,0.0384291338181257,0.088118626567167),
 .UNSPECIFIED.);
#675=B_SPLINE_CURVE_WITH_KNOTS('',3,(#14744,#14745,#14746,#14747),
 .UNSPECIFIED.,.F.,.F.,(4,4),(1.5,1.7),.UNSPECIFIED.);
#676=B_SPLINE_CURVE_WITH_KNOTS('',3,(#14749,#14750,#14751,#14752),
 .UNSPECIFIED.,.F.,.F.,(4,4),(1.05,1.25),.UNSPECIFIED.);
#677=B_SPLINE_CURVE_WITH_KNOTS('',3,(#14799,#14800,#14801,#14802),
 .UNSPECIFIED.,.F.,.F.,(4,4),(1.05,1.25),.UNSPECIFIED.);
#678=PLANE('',#8175);
#679=PLANE('',#8176);
#680=PLANE('',#8179);
#681=PLANE('',#8180);
#682=PLANE('',#8181);
#683=PLANE('',#8183);
#684=PLANE('',#8188);
#685=PLANE('',#8189);
#686=PLANE('',#8190);
#687=PLANE('',#8191);
#688=PLANE('',#8192);
#689=PLANE('',#8193);
#690=PLANE('',#8194);
#691=PLANE('',#8195);
#692=PLANE('',#8196);
#693=PLANE('',#8197);
#694=PLANE('',#8198);
#695=PLANE('',#8199);
#696=PLANE('',#8200);
#697=PLANE('',#8201);
#698=PLANE('',#8202);
#699=PLANE('',#8203);
#700=PLANE('',#8204);
#701=PLANE('',#8205);
#702=PLANE('',#8206);
#703=PLANE('',#8207);
#704=PLANE('',#8208);
#705=PLANE('',#8209);
#706=PLANE('',#8210);
#707=PLANE('',#8211);
#708=PLANE('',#8212);
#709=PLANE('',#8213);
#710=PLANE('',#8214);
#711=PLANE('',#8215);
#712=PLANE('',#8216);
#713=PLANE('',#8217);
#714=PLANE('',#8218);
#715=PLANE('',#8219);
#716=PLANE('',#8220);
#717=PLANE('',#8221);
#718=PLANE('',#8222);
#719=PLANE('',#8223);
#720=PLANE('',#8224);
#721=PLANE('',#8225);
#722=PLANE('',#8226);
#723=PLANE('',#8227);
#724=PLANE('',#8228);
#725=PLANE('',#8229);
#726=PLANE('',#8230);
#727=PLANE('',#8231);
#728=PLANE('',#8232);
#729=PLANE('',#8233);
#730=PLANE('',#8234);
#731=PLANE('',#8235);
#732=PLANE('',#8236);
#733=PLANE('',#8237);
#734=PLANE('',#8238);
#735=PLANE('',#8239);
#736=PLANE('',#8240);
#737=PLANE('',#8241);
#738=PLANE('',#8242);
#739=PLANE('',#8243);
#740=PLANE('',#8244);
#741=PLANE('',#8245);
#742=PLANE('',#8246);
#743=PLANE('',#8247);
#744=PLANE('',#8248);
#745=PLANE('',#8249);
#746=PLANE('',#8250);
#747=PLANE('',#8251);
#748=PLANE('',#8252);
#749=PLANE('',#8253);
#750=PLANE('',#8254);
#751=PLANE('',#8255);
#752=PLANE('',#8256);
#753=PLANE('',#8257);
#754=PLANE('',#8258);
#755=PLANE('',#8259);
#756=PLANE('',#8260);
#757=PLANE('',#8292);
#758=PLANE('',#8293);
#759=PLANE('',#8296);
#760=PLANE('',#8299);
#761=PLANE('',#8300);
#762=PLANE('',#8301);
#763=PLANE('',#8302);
#764=PLANE('',#8305);
#765=PLANE('',#8308);
#766=PLANE('',#8309);
#767=PLANE('',#8310);
#768=PLANE('',#8311);
#769=PLANE('',#8312);
#770=PLANE('',#8313);
#771=PLANE('',#8314);
#772=PLANE('',#8315);
#773=PLANE('',#8316);
#774=PLANE('',#8317);
#775=PLANE('',#8318);
#776=PLANE('',#8319);
#777=PLANE('',#8320);
#778=PLANE('',#8321);
#779=PLANE('',#8322);
#780=PLANE('',#8323);
#781=PLANE('',#8324);
#782=PLANE('',#8325);
#783=PLANE('',#8326);
#784=PLANE('',#8327);
#785=PLANE('',#8328);
#786=PLANE('',#8329);
#787=PLANE('',#8330);
#788=PLANE('',#8331);
#789=PLANE('',#8332);
#790=PLANE('',#8333);
#791=PLANE('',#8334);
#792=PLANE('',#8335);
#793=PLANE('',#8336);
#794=PLANE('',#8337);
#795=PLANE('',#8338);
#796=PLANE('',#8339);
#797=PLANE('',#8340);
#798=PLANE('',#8341);
#799=PLANE('',#8342);
#800=PLANE('',#8343);
#801=PLANE('',#8344);
#802=PLANE('',#8345);
#803=PLANE('',#8346);
#804=PLANE('',#8347);
#805=PLANE('',#8348);
#806=PLANE('',#8349);
#807=PLANE('',#8350);
#808=PLANE('',#8351);
#809=PLANE('',#8352);
#810=PLANE('',#8353);
#811=PLANE('',#8354);
#812=PLANE('',#8355);
#813=PLANE('',#8356);
#814=PLANE('',#8357);
#815=PLANE('',#8358);
#816=PLANE('',#8359);
#817=PLANE('',#8360);
#818=PLANE('',#8361);
#819=PLANE('',#8362);
#820=PLANE('',#8363);
#821=PLANE('',#8364);
#822=PLANE('',#8365);
#823=PLANE('',#8366);
#824=PLANE('',#8367);
#825=PLANE('',#8368);
#826=PLANE('',#8369);
#827=PLANE('',#8370);
#828=PLANE('',#8371);
#829=PLANE('',#8372);
#830=PLANE('',#8373);
#831=PLANE('',#8374);
#832=PLANE('',#8375);
#833=PLANE('',#8376);
#834=PLANE('',#8377);
#835=PLANE('',#8378);
#836=PLANE('',#8379);
#837=PLANE('',#8380);
#838=PLANE('',#8381);
#839=PLANE('',#8382);
#840=PLANE('',#8383);
#841=PLANE('',#8384);
#842=PLANE('',#8385);
#843=PLANE('',#8386);
#844=PLANE('',#8387);
#845=PLANE('',#8388);
#846=PLANE('',#8389);
#847=PLANE('',#8390);
#848=PLANE('',#8391);
#849=PLANE('',#8392);
#850=PLANE('',#8393);
#851=PLANE('',#8396);
#852=PLANE('',#8397);
#853=PLANE('',#8401);
#854=PLANE('',#8405);
#855=PLANE('',#8406);
#856=PLANE('',#8407);
#857=PLANE('',#8408);
#858=PLANE('',#8409);
#859=PLANE('',#8412);
#860=PLANE('',#8413);
#861=PLANE('',#8414);
#862=PLANE('',#8415);
#863=PLANE('',#8416);
#864=PLANE('',#8419);
#865=PLANE('',#8422);
#866=PLANE('',#8423);
#867=PLANE('',#8424);
#868=PLANE('',#8427);
#869=PLANE('',#8428);
#870=PLANE('',#8429);
#871=FACE_OUTER_BOUND('',#1281,.T.);
#872=FACE_OUTER_BOUND('',#1282,.T.);
#873=FACE_OUTER_BOUND('',#1283,.T.);
#874=FACE_OUTER_BOUND('',#1302,.T.);
#875=FACE_OUTER_BOUND('',#1303,.T.);
#876=FACE_OUTER_BOUND('',#1304,.T.);
#877=FACE_OUTER_BOUND('',#1305,.T.);
#878=FACE_OUTER_BOUND('',#1324,.T.);
#879=FACE_OUTER_BOUND('',#1325,.T.);
#880=FACE_OUTER_BOUND('',#1326,.T.);
#881=FACE_OUTER_BOUND('',#1327,.T.);
#882=FACE_OUTER_BOUND('',#1328,.T.);
#883=FACE_OUTER_BOUND('',#1329,.T.);
#884=FACE_OUTER_BOUND('',#1330,.T.);
#885=FACE_OUTER_BOUND('',#1331,.T.);
#886=FACE_OUTER_BOUND('',#1332,.T.);
#887=FACE_OUTER_BOUND('',#1333,.T.);
#888=FACE_OUTER_BOUND('',#1334,.T.);
#889=FACE_OUTER_BOUND('',#1335,.T.);
#890=FACE_OUTER_BOUND('',#1336,.T.);
#891=FACE_OUTER_BOUND('',#1337,.T.);
#892=FACE_OUTER_BOUND('',#1338,.T.);
#893=FACE_OUTER_BOUND('',#1339,.T.);
#894=FACE_OUTER_BOUND('',#1340,.T.);
#895=FACE_OUTER_BOUND('',#1341,.T.);
#896=FACE_OUTER_BOUND('',#1342,.T.);
#897=FACE_OUTER_BOUND('',#1343,.T.);
#898=FACE_OUTER_BOUND('',#1344,.T.);
#899=FACE_OUTER_BOUND('',#1345,.T.);
#900=FACE_OUTER_BOUND('',#1346,.T.);
#901=FACE_OUTER_BOUND('',#1347,.T.);
#902=FACE_OUTER_BOUND('',#1348,.T.);
#903=FACE_OUTER_BOUND('',#1349,.T.);
#904=FACE_OUTER_BOUND('',#1350,.T.);
#905=FACE_OUTER_BOUND('',#1351,.T.);
#906=FACE_OUTER_BOUND('',#1352,.T.);
#907=FACE_OUTER_BOUND('',#1353,.T.);
#908=FACE_OUTER_BOUND('',#1354,.T.);
#909=FACE_OUTER_BOUND('',#1355,.T.);
#910=FACE_OUTER_BOUND('',#1356,.T.);
#911=FACE_OUTER_BOUND('',#1357,.T.);
#912=FACE_OUTER_BOUND('',#1358,.T.);
#913=FACE_OUTER_BOUND('',#1359,.T.);
#914=FACE_OUTER_BOUND('',#1360,.T.);
#915=FACE_OUTER_BOUND('',#1361,.T.);
#916=FACE_OUTER_BOUND('',#1362,.T.);
#917=FACE_OUTER_BOUND('',#1363,.T.);
#918=FACE_OUTER_BOUND('',#1364,.T.);
#919=FACE_OUTER_BOUND('',#1365,.T.);
#920=FACE_OUTER_BOUND('',#1366,.T.);
#921=FACE_OUTER_BOUND('',#1367,.T.);
#922=FACE_OUTER_BOUND('',#1368,.T.);
#923=FACE_OUTER_BOUND('',#1369,.T.);
#924=FACE_OUTER_BOUND('',#1370,.T.);
#925=FACE_OUTER_BOUND('',#1371,.T.);
#926=FACE_OUTER_BOUND('',#1372,.T.);
#927=FACE_OUTER_BOUND('',#1373,.T.);
#928=FACE_OUTER_BOUND('',#1374,.T.);
#929=FACE_OUTER_BOUND('',#1375,.T.);
#930=FACE_OUTER_BOUND('',#1376,.T.);
#931=FACE_OUTER_BOUND('',#1377,.T.);
#932=FACE_OUTER_BOUND('',#1378,.T.);
#933=FACE_OUTER_BOUND('',#1379,.T.);
#934=FACE_OUTER_BOUND('',#1380,.T.);
#935=FACE_OUTER_BOUND('',#1381,.T.);
#936=FACE_OUTER_BOUND('',#1382,.T.);
#937=FACE_OUTER_BOUND('',#1383,.T.);
#938=FACE_OUTER_BOUND('',#1384,.T.);
#939=FACE_OUTER_BOUND('',#1385,.T.);
#940=FACE_OUTER_BOUND('',#1386,.T.);
#941=FACE_OUTER_BOUND('',#1387,.T.);
#942=FACE_OUTER_BOUND('',#1388,.T.);
#943=FACE_OUTER_BOUND('',#1389,.T.);
#944=FACE_OUTER_BOUND('',#1390,.T.);
#945=FACE_OUTER_BOUND('',#1391,.T.);
#946=FACE_OUTER_BOUND('',#1392,.T.);
#947=FACE_OUTER_BOUND('',#1393,.T.);
#948=FACE_OUTER_BOUND('',#1394,.T.);
#949=FACE_OUTER_BOUND('',#1395,.T.);
#950=FACE_OUTER_BOUND('',#1396,.T.);
#951=FACE_OUTER_BOUND('',#1397,.T.);
#952=FACE_OUTER_BOUND('',#1398,.T.);
#953=FACE_OUTER_BOUND('',#1399,.T.);
#954=FACE_OUTER_BOUND('',#1400,.T.);
#955=FACE_OUTER_BOUND('',#1401,.T.);
#956=FACE_OUTER_BOUND('',#1402,.T.);
#957=FACE_OUTER_BOUND('',#1403,.T.);
#958=FACE_OUTER_BOUND('',#1404,.T.);
#959=FACE_OUTER_BOUND('',#1405,.T.);
#960=FACE_OUTER_BOUND('',#1406,.T.);
#961=FACE_OUTER_BOUND('',#1407,.T.);
#962=FACE_OUTER_BOUND('',#1408,.T.);
#963=FACE_OUTER_BOUND('',#1409,.T.);
#964=FACE_OUTER_BOUND('',#1410,.T.);
#965=FACE_OUTER_BOUND('',#1411,.T.);
#966=FACE_OUTER_BOUND('',#1412,.T.);
#967=FACE_OUTER_BOUND('',#1413,.T.);
#968=FACE_OUTER_BOUND('',#1414,.T.);
#969=FACE_OUTER_BOUND('',#1415,.T.);
#970=FACE_OUTER_BOUND('',#1416,.T.);
#971=FACE_OUTER_BOUND('',#1417,.T.);
#972=FACE_OUTER_BOUND('',#1418,.T.);
#973=FACE_OUTER_BOUND('',#1419,.T.);
#974=FACE_OUTER_BOUND('',#1420,.T.);
#975=FACE_OUTER_BOUND('',#1421,.T.);
#976=FACE_OUTER_BOUND('',#1422,.T.);
#977=FACE_OUTER_BOUND('',#1423,.T.);
#978=FACE_OUTER_BOUND('',#1424,.T.);
#979=FACE_OUTER_BOUND('',#1425,.T.);
#980=FACE_OUTER_BOUND('',#1426,.T.);
#981=FACE_OUTER_BOUND('',#1427,.T.);
#982=FACE_OUTER_BOUND('',#1428,.T.);
#983=FACE_OUTER_BOUND('',#1429,.T.);
#984=FACE_OUTER_BOUND('',#1430,.T.);
#985=FACE_OUTER_BOUND('',#1431,.T.);
#986=FACE_OUTER_BOUND('',#1432,.T.);
#987=FACE_OUTER_BOUND('',#1433,.T.);
#988=FACE_OUTER_BOUND('',#1434,.T.);
#989=FACE_OUTER_BOUND('',#1435,.T.);
#990=FACE_OUTER_BOUND('',#1436,.T.);
#991=FACE_OUTER_BOUND('',#1437,.T.);
#992=FACE_OUTER_BOUND('',#1438,.T.);
#993=FACE_OUTER_BOUND('',#1439,.T.);
#994=FACE_OUTER_BOUND('',#1440,.T.);
#995=FACE_OUTER_BOUND('',#1441,.T.);
#996=FACE_OUTER_BOUND('',#1442,.T.);
#997=FACE_OUTER_BOUND('',#1443,.T.);
#998=FACE_OUTER_BOUND('',#1444,.T.);
#999=FACE_OUTER_BOUND('',#1445,.T.);
#1000=FACE_OUTER_BOUND('',#1446,.T.);
#1001=FACE_OUTER_BOUND('',#1447,.T.);
#1002=FACE_OUTER_BOUND('',#1448,.T.);
#1003=FACE_OUTER_BOUND('',#1449,.T.);
#1004=FACE_OUTER_BOUND('',#1450,.T.);
#1005=FACE_OUTER_BOUND('',#1451,.T.);
#1006=FACE_OUTER_BOUND('',#1452,.T.);
#1007=FACE_OUTER_BOUND('',#1453,.T.);
#1008=FACE_OUTER_BOUND('',#1454,.T.);
#1009=FACE_OUTER_BOUND('',#1455,.T.);
#1010=FACE_OUTER_BOUND('',#1456,.T.);
#1011=FACE_OUTER_BOUND('',#1457,.T.);
#1012=FACE_OUTER_BOUND('',#1458,.T.);
#1013=FACE_OUTER_BOUND('',#1459,.T.);
#1014=FACE_OUTER_BOUND('',#1460,.T.);
#1015=FACE_OUTER_BOUND('',#1461,.T.);
#1016=FACE_OUTER_BOUND('',#1462,.T.);
#1017=FACE_OUTER_BOUND('',#1463,.T.);
#1018=FACE_OUTER_BOUND('',#1464,.T.);
#1019=FACE_OUTER_BOUND('',#1465,.T.);
#1020=FACE_OUTER_BOUND('',#1466,.T.);
#1021=FACE_OUTER_BOUND('',#1467,.T.);
#1022=FACE_OUTER_BOUND('',#1468,.T.);
#1023=FACE_OUTER_BOUND('',#1469,.T.);
#1024=FACE_OUTER_BOUND('',#1470,.T.);
#1025=FACE_OUTER_BOUND('',#1471,.T.);
#1026=FACE_OUTER_BOUND('',#1472,.T.);
#1027=FACE_OUTER_BOUND('',#1473,.T.);
#1028=FACE_OUTER_BOUND('',#1474,.T.);
#1029=FACE_OUTER_BOUND('',#1475,.T.);
#1030=FACE_OUTER_BOUND('',#1476,.T.);
#1031=FACE_OUTER_BOUND('',#1477,.T.);
#1032=FACE_OUTER_BOUND('',#1478,.T.);
#1033=FACE_OUTER_BOUND('',#1479,.T.);
#1034=FACE_OUTER_BOUND('',#1480,.T.);
#1035=FACE_OUTER_BOUND('',#1481,.T.);
#1036=FACE_OUTER_BOUND('',#1482,.T.);
#1037=FACE_OUTER_BOUND('',#1483,.T.);
#1038=FACE_OUTER_BOUND('',#1484,.T.);
#1039=FACE_OUTER_BOUND('',#1485,.T.);
#1040=FACE_OUTER_BOUND('',#1486,.T.);
#1041=FACE_OUTER_BOUND('',#1487,.T.);
#1042=FACE_OUTER_BOUND('',#1488,.T.);
#1043=FACE_OUTER_BOUND('',#1489,.T.);
#1044=FACE_OUTER_BOUND('',#1490,.T.);
#1045=FACE_OUTER_BOUND('',#1491,.T.);
#1046=FACE_OUTER_BOUND('',#1492,.T.);
#1047=FACE_OUTER_BOUND('',#1493,.T.);
#1048=FACE_OUTER_BOUND('',#1494,.T.);
#1049=FACE_OUTER_BOUND('',#1495,.T.);
#1050=FACE_OUTER_BOUND('',#1496,.T.);
#1051=FACE_OUTER_BOUND('',#1497,.T.);
#1052=FACE_OUTER_BOUND('',#1498,.T.);
#1053=FACE_OUTER_BOUND('',#1499,.T.);
#1054=FACE_OUTER_BOUND('',#1510,.T.);
#1055=FACE_OUTER_BOUND('',#1511,.T.);
#1056=FACE_OUTER_BOUND('',#1521,.T.);
#1057=FACE_OUTER_BOUND('',#1522,.T.);
#1058=FACE_OUTER_BOUND('',#1523,.T.);
#1059=FACE_OUTER_BOUND('',#1524,.T.);
#1060=FACE_OUTER_BOUND('',#1525,.T.);
#1061=FACE_OUTER_BOUND('',#1526,.T.);
#1062=FACE_OUTER_BOUND('',#1527,.T.);
#1063=FACE_OUTER_BOUND('',#1528,.T.);
#1064=FACE_OUTER_BOUND('',#1529,.T.);
#1065=FACE_OUTER_BOUND('',#1530,.T.);
#1066=FACE_OUTER_BOUND('',#1531,.T.);
#1067=FACE_OUTER_BOUND('',#1532,.T.);
#1068=FACE_OUTER_BOUND('',#1533,.T.);
#1069=FACE_OUTER_BOUND('',#1534,.T.);
#1070=FACE_OUTER_BOUND('',#1535,.T.);
#1071=FACE_OUTER_BOUND('',#1536,.T.);
#1072=FACE_OUTER_BOUND('',#1537,.T.);
#1073=FACE_OUTER_BOUND('',#1538,.T.);
#1074=FACE_OUTER_BOUND('',#1539,.T.);
#1075=FACE_OUTER_BOUND('',#1540,.T.);
#1076=FACE_OUTER_BOUND('',#1541,.T.);
#1077=FACE_OUTER_BOUND('',#1542,.T.);
#1078=FACE_OUTER_BOUND('',#1543,.T.);
#1079=FACE_OUTER_BOUND('',#1544,.T.);
#1080=FACE_OUTER_BOUND('',#1545,.T.);
#1081=FACE_OUTER_BOUND('',#1546,.T.);
#1082=FACE_OUTER_BOUND('',#1547,.T.);
#1083=FACE_OUTER_BOUND('',#1548,.T.);
#1084=FACE_OUTER_BOUND('',#1549,.T.);
#1085=FACE_OUTER_BOUND('',#1550,.T.);
#1086=FACE_OUTER_BOUND('',#1551,.T.);
#1087=FACE_OUTER_BOUND('',#1552,.T.);
#1088=FACE_OUTER_BOUND('',#1553,.T.);
#1089=FACE_OUTER_BOUND('',#1554,.T.);
#1090=FACE_OUTER_BOUND('',#1555,.T.);
#1091=FACE_OUTER_BOUND('',#1556,.T.);
#1092=FACE_OUTER_BOUND('',#1557,.T.);
#1093=FACE_OUTER_BOUND('',#1558,.T.);
#1094=FACE_OUTER_BOUND('',#1559,.T.);
#1095=FACE_OUTER_BOUND('',#1560,.T.);
#1096=FACE_OUTER_BOUND('',#1561,.T.);
#1097=FACE_OUTER_BOUND('',#1562,.T.);
#1098=FACE_OUTER_BOUND('',#1563,.T.);
#1099=FACE_OUTER_BOUND('',#1564,.T.);
#1100=FACE_OUTER_BOUND('',#1565,.T.);
#1101=FACE_OUTER_BOUND('',#1566,.T.);
#1102=FACE_OUTER_BOUND('',#1567,.T.);
#1103=FACE_OUTER_BOUND('',#1568,.T.);
#1104=FACE_OUTER_BOUND('',#1569,.T.);
#1105=FACE_OUTER_BOUND('',#1570,.T.);
#1106=FACE_OUTER_BOUND('',#1571,.T.);
#1107=FACE_OUTER_BOUND('',#1572,.T.);
#1108=FACE_OUTER_BOUND('',#1573,.T.);
#1109=FACE_OUTER_BOUND('',#1574,.T.);
#1110=FACE_OUTER_BOUND('',#1575,.T.);
#1111=FACE_OUTER_BOUND('',#1576,.T.);
#1112=FACE_OUTER_BOUND('',#1577,.T.);
#1113=FACE_OUTER_BOUND('',#1578,.T.);
#1114=FACE_OUTER_BOUND('',#1579,.T.);
#1115=FACE_OUTER_BOUND('',#1580,.T.);
#1116=FACE_OUTER_BOUND('',#1581,.T.);
#1117=FACE_OUTER_BOUND('',#1582,.T.);
#1118=FACE_OUTER_BOUND('',#1583,.T.);
#1119=FACE_OUTER_BOUND('',#1584,.T.);
#1120=FACE_OUTER_BOUND('',#1585,.T.);
#1121=FACE_OUTER_BOUND('',#1586,.T.);
#1122=FACE_OUTER_BOUND('',#1587,.T.);
#1123=FACE_OUTER_BOUND('',#1588,.T.);
#1124=FACE_OUTER_BOUND('',#1589,.T.);
#1125=FACE_OUTER_BOUND('',#1590,.T.);
#1126=FACE_OUTER_BOUND('',#1591,.T.);
#1127=FACE_OUTER_BOUND('',#1592,.T.);
#1128=FACE_OUTER_BOUND('',#1593,.T.);
#1129=FACE_OUTER_BOUND('',#1594,.T.);
#1130=FACE_OUTER_BOUND('',#1595,.T.);
#1131=FACE_OUTER_BOUND('',#1596,.T.);
#1132=FACE_OUTER_BOUND('',#1597,.T.);
#1133=FACE_OUTER_BOUND('',#1598,.T.);
#1134=FACE_OUTER_BOUND('',#1599,.T.);
#1135=FACE_OUTER_BOUND('',#1600,.T.);
#1136=FACE_OUTER_BOUND('',#1601,.T.);
#1137=FACE_OUTER_BOUND('',#1602,.T.);
#1138=FACE_OUTER_BOUND('',#1603,.T.);
#1139=FACE_OUTER_BOUND('',#1604,.T.);
#1140=FACE_OUTER_BOUND('',#1605,.T.);
#1141=FACE_OUTER_BOUND('',#1606,.T.);
#1142=FACE_OUTER_BOUND('',#1607,.T.);
#1143=FACE_OUTER_BOUND('',#1608,.T.);
#1144=FACE_OUTER_BOUND('',#1609,.T.);
#1145=FACE_OUTER_BOUND('',#1610,.T.);
#1146=FACE_OUTER_BOUND('',#1611,.T.);
#1147=FACE_OUTER_BOUND('',#1612,.T.);
#1148=FACE_OUTER_BOUND('',#1613,.T.);
#1149=FACE_OUTER_BOUND('',#1614,.T.);
#1150=FACE_OUTER_BOUND('',#1615,.T.);
#1151=FACE_OUTER_BOUND('',#1616,.T.);
#1152=FACE_OUTER_BOUND('',#1617,.T.);
#1153=FACE_OUTER_BOUND('',#1618,.T.);
#1154=FACE_OUTER_BOUND('',#1619,.T.);
#1155=FACE_OUTER_BOUND('',#1620,.T.);
#1156=FACE_OUTER_BOUND('',#1621,.T.);
#1157=FACE_OUTER_BOUND('',#1622,.T.);
#1158=FACE_OUTER_BOUND('',#1623,.T.);
#1159=FACE_OUTER_BOUND('',#1624,.T.);
#1160=FACE_OUTER_BOUND('',#1625,.T.);
#1161=FACE_OUTER_BOUND('',#1626,.T.);
#1162=FACE_OUTER_BOUND('',#1627,.T.);
#1163=FACE_OUTER_BOUND('',#1628,.T.);
#1164=FACE_OUTER_BOUND('',#1629,.T.);
#1165=FACE_OUTER_BOUND('',#1630,.T.);
#1166=FACE_OUTER_BOUND('',#1631,.T.);
#1167=FACE_OUTER_BOUND('',#1632,.T.);
#1168=FACE_OUTER_BOUND('',#1633,.T.);
#1169=FACE_OUTER_BOUND('',#1634,.T.);
#1170=FACE_OUTER_BOUND('',#1635,.T.);
#1171=FACE_OUTER_BOUND('',#1636,.T.);
#1172=FACE_OUTER_BOUND('',#1637,.T.);
#1173=FACE_OUTER_BOUND('',#1638,.T.);
#1174=FACE_OUTER_BOUND('',#1639,.T.);
#1175=FACE_OUTER_BOUND('',#1640,.T.);
#1176=FACE_OUTER_BOUND('',#1641,.T.);
#1177=FACE_OUTER_BOUND('',#1642,.T.);
#1178=FACE_OUTER_BOUND('',#1643,.T.);
#1179=FACE_OUTER_BOUND('',#1644,.T.);
#1180=FACE_OUTER_BOUND('',#1645,.T.);
#1181=FACE_OUTER_BOUND('',#1646,.T.);
#1182=FACE_OUTER_BOUND('',#1647,.T.);
#1183=FACE_OUTER_BOUND('',#1648,.T.);
#1184=FACE_OUTER_BOUND('',#1649,.T.);
#1185=FACE_OUTER_BOUND('',#1650,.T.);
#1186=FACE_OUTER_BOUND('',#1651,.T.);
#1187=FACE_OUTER_BOUND('',#1652,.T.);
#1188=FACE_OUTER_BOUND('',#1653,.T.);
#1189=FACE_OUTER_BOUND('',#1654,.T.);
#1190=FACE_OUTER_BOUND('',#1655,.T.);
#1191=FACE_OUTER_BOUND('',#1656,.T.);
#1192=FACE_OUTER_BOUND('',#1657,.T.);
#1193=FACE_OUTER_BOUND('',#1658,.T.);
#1194=FACE_OUTER_BOUND('',#1659,.T.);
#1195=FACE_OUTER_BOUND('',#1660,.T.);
#1196=FACE_OUTER_BOUND('',#1661,.T.);
#1197=FACE_OUTER_BOUND('',#1662,.T.);
#1198=FACE_OUTER_BOUND('',#1663,.T.);
#1199=FACE_OUTER_BOUND('',#1664,.T.);
#1200=FACE_OUTER_BOUND('',#1665,.T.);
#1201=FACE_OUTER_BOUND('',#1666,.T.);
#1202=FACE_OUTER_BOUND('',#1667,.T.);
#1203=FACE_OUTER_BOUND('',#1668,.T.);
#1204=FACE_OUTER_BOUND('',#1669,.T.);
#1205=FACE_OUTER_BOUND('',#1670,.T.);
#1206=FACE_OUTER_BOUND('',#1671,.T.);
#1207=FACE_OUTER_BOUND('',#1672,.T.);
#1208=FACE_OUTER_BOUND('',#1673,.T.);
#1209=FACE_OUTER_BOUND('',#1674,.T.);
#1210=FACE_OUTER_BOUND('',#1675,.T.);
#1211=FACE_OUTER_BOUND('',#1676,.T.);
#1212=FACE_OUTER_BOUND('',#1677,.T.);
#1213=FACE_OUTER_BOUND('',#1678,.T.);
#1214=FACE_OUTER_BOUND('',#1679,.T.);
#1215=FACE_OUTER_BOUND('',#1680,.T.);
#1216=FACE_OUTER_BOUND('',#1681,.T.);
#1217=FACE_OUTER_BOUND('',#1682,.T.);
#1218=FACE_OUTER_BOUND('',#1683,.T.);
#1219=FACE_OUTER_BOUND('',#1684,.T.);
#1220=FACE_OUTER_BOUND('',#1685,.T.);
#1221=FACE_OUTER_BOUND('',#1686,.T.);
#1222=FACE_OUTER_BOUND('',#1687,.T.);
#1223=FACE_OUTER_BOUND('',#1688,.T.);
#1224=FACE_OUTER_BOUND('',#1689,.T.);
#1225=FACE_OUTER_BOUND('',#1690,.T.);
#1226=FACE_OUTER_BOUND('',#1691,.T.);
#1227=FACE_OUTER_BOUND('',#1692,.T.);
#1228=FACE_OUTER_BOUND('',#1693,.T.);
#1229=FACE_OUTER_BOUND('',#1694,.T.);
#1230=FACE_OUTER_BOUND('',#1695,.T.);
#1231=FACE_OUTER_BOUND('',#1696,.T.);
#1232=FACE_OUTER_BOUND('',#1697,.T.);
#1233=FACE_OUTER_BOUND('',#1698,.T.);
#1234=FACE_OUTER_BOUND('',#1699,.T.);
#1235=FACE_OUTER_BOUND('',#1700,.T.);
#1236=FACE_OUTER_BOUND('',#1701,.T.);
#1237=FACE_OUTER_BOUND('',#1702,.T.);
#1238=FACE_OUTER_BOUND('',#1703,.T.);
#1239=FACE_OUTER_BOUND('',#1704,.T.);
#1240=FACE_OUTER_BOUND('',#1705,.T.);
#1241=FACE_OUTER_BOUND('',#1706,.T.);
#1242=FACE_OUTER_BOUND('',#1707,.T.);
#1243=FACE_OUTER_BOUND('',#1708,.T.);
#1244=FACE_OUTER_BOUND('',#1709,.T.);
#1245=FACE_OUTER_BOUND('',#1710,.T.);
#1246=FACE_OUTER_BOUND('',#1711,.T.);
#1247=FACE_OUTER_BOUND('',#1712,.T.);
#1248=FACE_OUTER_BOUND('',#1713,.T.);
#1249=FACE_OUTER_BOUND('',#1714,.T.);
#1250=FACE_OUTER_BOUND('',#1715,.T.);
#1251=FACE_OUTER_BOUND('',#1716,.T.);
#1252=FACE_OUTER_BOUND('',#1717,.T.);
#1253=FACE_OUTER_BOUND('',#1718,.T.);
#1254=FACE_OUTER_BOUND('',#1719,.T.);
#1255=FACE_OUTER_BOUND('',#1720,.T.);
#1256=FACE_OUTER_BOUND('',#1721,.T.);
#1257=FACE_OUTER_BOUND('',#1722,.T.);
#1258=FACE_OUTER_BOUND('',#1723,.T.);
#1259=FACE_OUTER_BOUND('',#1724,.T.);
#1260=FACE_OUTER_BOUND('',#1725,.T.);
#1261=FACE_OUTER_BOUND('',#1726,.T.);
#1262=FACE_OUTER_BOUND('',#1727,.T.);
#1263=FACE_OUTER_BOUND('',#1728,.T.);
#1264=FACE_OUTER_BOUND('',#1729,.T.);
#1265=FACE_OUTER_BOUND('',#1730,.T.);
#1266=FACE_OUTER_BOUND('',#1731,.T.);
#1267=FACE_OUTER_BOUND('',#1732,.T.);
#1268=FACE_OUTER_BOUND('',#1733,.T.);
#1269=FACE_OUTER_BOUND('',#1734,.T.);
#1270=FACE_OUTER_BOUND('',#1735,.T.);
#1271=FACE_OUTER_BOUND('',#1736,.T.);
#1272=FACE_OUTER_BOUND('',#1737,.T.);
#1273=FACE_OUTER_BOUND('',#1738,.T.);
#1274=FACE_OUTER_BOUND('',#1739,.T.);
#1275=FACE_OUTER_BOUND('',#1740,.T.);
#1276=FACE_OUTER_BOUND('',#1741,.T.);
#1277=FACE_OUTER_BOUND('',#1742,.T.);
#1278=FACE_OUTER_BOUND('',#1743,.T.);
#1279=FACE_OUTER_BOUND('',#1744,.T.);
#1280=FACE_OUTER_BOUND('',#1745,.T.);
#1281=EDGE_LOOP('',(#5309,#5310,#5311,#5312));
#1282=EDGE_LOOP('',(#5313,#5314,#5315,#5316,#5317,#5318));
#1283=EDGE_LOOP('',(#5319,#5320,#5321,#5322,#5323,#5324,#5325,#5326,#5327,
#5328,#5329,#5330,#5331,#5332,#5333,#5334,#5335,#5336,#5337,#5338));
#1284=EDGE_LOOP('',(#5339,#5340,#5341,#5342,#5343,#5344,#5345,#5346,#5347,
#5348,#5349,#5350,#5351,#5352,#5353,#5354,#5355,#5356,#5357,#5358,#5359));
#1285=EDGE_LOOP('',(#5360,#5361,#5362,#5363,#5364,#5365,#5366,#5367,#5368,
#5369,#5370,#5371,#5372));
#1286=EDGE_LOOP('',(#5373,#5374,#5375,#5376,#5377,#5378,#5379,#5380,#5381,
#5382,#5383,#5384,#5385,#5386,#5387,#5388,#5389,#5390,#5391,#5392,#5393,
#5394,#5395,#5396,#5397,#5398,#5399,#5400,#5401,#5402,#5403,#5404,#5405,
#5406,#5407));
#1287=EDGE_LOOP('',(#5408,#5409,#5410,#5411,#5412,#5413,#5414,#5415,#5416));
#1288=EDGE_LOOP('',(#5417,#5418,#5419,#5420,#5421,#5422,#5423,#5424,#5425,
#5426,#5427,#5428,#5429,#5430));
#1289=EDGE_LOOP('',(#5431,#5432,#5433,#5434,#5435,#5436,#5437,#5438,#5439,
#5440,#5441,#5442,#5443));
#1290=EDGE_LOOP('',(#5444,#5445,#5446,#5447));
#1291=EDGE_LOOP('',(#5448,#5449,#5450,#5451,#5452,#5453,#5454,#5455,#5456,
#5457,#5458,#5459,#5460,#5461,#5462,#5463,#5464,#5465));
#1292=EDGE_LOOP('',(#5466,#5467,#5468,#5469));
#1293=EDGE_LOOP('',(#5470,#5471,#5472,#5473));
#1294=EDGE_LOOP('',(#5474,#5475,#5476,#5477,#5478,#5479,#5480,#5481,#5482,
#5483,#5484,#5485,#5486,#5487,#5488,#5489,#5490));
#1295=EDGE_LOOP('',(#5491,#5492,#5493,#5494));
#1296=EDGE_LOOP('',(#5495,#5496,#5497,#5498,#5499,#5500,#5501,#5502,#5503,
#5504));
#1297=EDGE_LOOP('',(#5505,#5506,#5507,#5508,#5509,#5510,#5511,#5512,#5513,
#5514,#5515,#5516,#5517,#5518,#5519));
#1298=EDGE_LOOP('',(#5520,#5521,#5522,#5523,#5524,#5525));
#1299=EDGE_LOOP('',(#5526,#5527,#5528,#5529,#5530,#5531,#5532,#5533));
#1300=EDGE_LOOP('',(#5534,#5535,#5536,#5537,#5538,#5539,#5540,#5541,#5542,
#5543,#5544));
#1301=EDGE_LOOP('',(#5545,#5546,#5547,#5548,#5549,#5550,#5551,#5552,#5553,
#5554,#5555,#5556));
#1302=EDGE_LOOP('',(#5557,#5558,#5559,#5560));
#1303=EDGE_LOOP('',(#5561,#5562,#5563,#5564,#5565));
#1304=EDGE_LOOP('',(#5566,#5567,#5568,#5569,#5570));
#1305=EDGE_LOOP('',(#5571,#5572,#5573,#5574,#5575,#5576,#5577,#5578,#5579,
#5580,#5581,#5582,#5583,#5584,#5585,#5586,#5587,#5588));
#1306=EDGE_LOOP('',(#5589,#5590,#5591,#5592,#5593,#5594,#5595,#5596,#5597,
#5598,#5599,#5600,#5601,#5602));
#1307=EDGE_LOOP('',(#5603,#5604,#5605,#5606,#5607,#5608,#5609,#5610,#5611,
#5612,#5613,#5614,#5615));
#1308=EDGE_LOOP('',(#5616,#5617,#5618,#5619,#5620,#5621,#5622,#5623,#5624,
#5625,#5626,#5627,#5628,#5629,#5630,#5631,#5632,#5633,#5634,#5635,#5636));
#1309=EDGE_LOOP('',(#5637,#5638,#5639,#5640,#5641,#5642,#5643,#5644,#5645,
#5646));
#1310=EDGE_LOOP('',(#5647,#5648,#5649,#5650,#5651,#5652,#5653,#5654,#5655));
#1311=EDGE_LOOP('',(#5656,#5657,#5658,#5659,#5660,#5661));
#1312=EDGE_LOOP('',(#5662,#5663,#5664,#5665,#5666,#5667,#5668,#5669,#5670,
#5671,#5672,#5673,#5674,#5675,#5676));
#1313=EDGE_LOOP('',(#5677,#5678,#5679,#5680,#5681,#5682,#5683,#5684,#5685,
#5686,#5687));
#1314=EDGE_LOOP('',(#5688,#5689,#5690,#5691));
#1315=EDGE_LOOP('',(#5692,#5693,#5694,#5695,#5696,#5697,#5698,#5699,#5700,
#5701,#5702,#5703,#5704,#5705,#5706,#5707,#5708));
#1316=EDGE_LOOP('',(#5709,#5710,#5711,#5712));
#1317=EDGE_LOOP('',(#5713,#5714,#5715,#5716));
#1318=EDGE_LOOP('',(#5717,#5718,#5719,#5720,#5721,#5722,#5723,#5724,#5725,
#5726,#5727,#5728,#5729,#5730,#5731,#5732,#5733,#5734));
#1319=EDGE_LOOP('',(#5735,#5736,#5737,#5738));
#1320=EDGE_LOOP('',(#5739,#5740,#5741,#5742,#5743,#5744,#5745,#5746,#5747,
#5748,#5749,#5750,#5751));
#1321=EDGE_LOOP('',(#5752,#5753,#5754,#5755,#5756,#5757,#5758,#5759));
#1322=EDGE_LOOP('',(#5760,#5761,#5762,#5763,#5764,#5765,#5766,#5767,#5768,
#5769,#5770,#5771,#5772,#5773,#5774,#5775,#5776,#5777,#5778,#5779,#5780,
#5781,#5782,#5783,#5784,#5785,#5786,#5787,#5788,#5789,#5790,#5791,#5792,
#5793,#5794));
#1323=EDGE_LOOP('',(#5795,#5796,#5797,#5798,#5799,#5800,#5801,#5802,#5803,
#5804,#5805,#5806));
#1324=EDGE_LOOP('',(#5807,#5808,#5809,#5810));
#1325=EDGE_LOOP('',(#5811,#5812,#5813,#5814));
#1326=EDGE_LOOP('',(#5815,#5816,#5817,#5818));
#1327=EDGE_LOOP('',(#5819,#5820,#5821,#5822));
#1328=EDGE_LOOP('',(#5823,#5824,#5825,#5826));
#1329=EDGE_LOOP('',(#5827,#5828,#5829,#5830));
#1330=EDGE_LOOP('',(#5831,#5832,#5833,#5834));
#1331=EDGE_LOOP('',(#5835,#5836,#5837,#5838));
#1332=EDGE_LOOP('',(#5839,#5840,#5841,#5842));
#1333=EDGE_LOOP('',(#5843,#5844,#5845,#5846));
#1334=EDGE_LOOP('',(#5847,#5848,#5849,#5850));
#1335=EDGE_LOOP('',(#5851,#5852,#5853,#5854));
#1336=EDGE_LOOP('',(#5855,#5856,#5857,#5858));
#1337=EDGE_LOOP('',(#5859,#5860,#5861,#5862));
#1338=EDGE_LOOP('',(#5863,#5864,#5865,#5866));
#1339=EDGE_LOOP('',(#5867,#5868,#5869,#5870));
#1340=EDGE_LOOP('',(#5871,#5872,#5873,#5874));
#1341=EDGE_LOOP('',(#5875,#5876,#5877,#5878));
#1342=EDGE_LOOP('',(#5879,#5880,#5881,#5882));
#1343=EDGE_LOOP('',(#5883,#5884,#5885,#5886));
#1344=EDGE_LOOP('',(#5887,#5888,#5889,#5890));
#1345=EDGE_LOOP('',(#5891,#5892,#5893,#5894));
#1346=EDGE_LOOP('',(#5895,#5896,#5897,#5898));
#1347=EDGE_LOOP('',(#5899,#5900,#5901,#5902));
#1348=EDGE_LOOP('',(#5903,#5904,#5905,#5906));
#1349=EDGE_LOOP('',(#5907,#5908,#5909,#5910));
#1350=EDGE_LOOP('',(#5911,#5912,#5913,#5914));
#1351=EDGE_LOOP('',(#5915,#5916,#5917,#5918));
#1352=EDGE_LOOP('',(#5919,#5920,#5921,#5922));
#1353=EDGE_LOOP('',(#5923,#5924,#5925,#5926));
#1354=EDGE_LOOP('',(#5927,#5928,#5929,#5930));
#1355=EDGE_LOOP('',(#5931,#5932,#5933,#5934));
#1356=EDGE_LOOP('',(#5935,#5936,#5937,#5938));
#1357=EDGE_LOOP('',(#5939,#5940,#5941,#5942));
#1358=EDGE_LOOP('',(#5943,#5944,#5945,#5946));
#1359=EDGE_LOOP('',(#5947,#5948,#5949,#5950));
#1360=EDGE_LOOP('',(#5951,#5952,#5953,#5954));
#1361=EDGE_LOOP('',(#5955,#5956,#5957,#5958));
#1362=EDGE_LOOP('',(#5959,#5960,#5961,#5962));
#1363=EDGE_LOOP('',(#5963,#5964,#5965,#5966));
#1364=EDGE_LOOP('',(#5967,#5968,#5969,#5970));
#1365=EDGE_LOOP('',(#5971,#5972,#5973,#5974));
#1366=EDGE_LOOP('',(#5975,#5976,#5977,#5978));
#1367=EDGE_LOOP('',(#5979,#5980,#5981,#5982));
#1368=EDGE_LOOP('',(#5983,#5984,#5985,#5986));
#1369=EDGE_LOOP('',(#5987,#5988,#5989,#5990));
#1370=EDGE_LOOP('',(#5991,#5992,#5993,#5994));
#1371=EDGE_LOOP('',(#5995,#5996,#5997,#5998));
#1372=EDGE_LOOP('',(#5999,#6000,#6001,#6002));
#1373=EDGE_LOOP('',(#6003,#6004,#6005,#6006));
#1374=EDGE_LOOP('',(#6007,#6008,#6009,#6010));
#1375=EDGE_LOOP('',(#6011,#6012,#6013,#6014));
#1376=EDGE_LOOP('',(#6015,#6016,#6017,#6018));
#1377=EDGE_LOOP('',(#6019,#6020,#6021,#6022));
#1378=EDGE_LOOP('',(#6023,#6024,#6025,#6026));
#1379=EDGE_LOOP('',(#6027,#6028,#6029,#6030));
#1380=EDGE_LOOP('',(#6031,#6032,#6033,#6034));
#1381=EDGE_LOOP('',(#6035,#6036,#6037,#6038));
#1382=EDGE_LOOP('',(#6039,#6040,#6041,#6042));
#1383=EDGE_LOOP('',(#6043,#6044,#6045,#6046));
#1384=EDGE_LOOP('',(#6047,#6048,#6049,#6050));
#1385=EDGE_LOOP('',(#6051,#6052,#6053,#6054));
#1386=EDGE_LOOP('',(#6055,#6056,#6057,#6058));
#1387=EDGE_LOOP('',(#6059,#6060,#6061,#6062));
#1388=EDGE_LOOP('',(#6063,#6064,#6065,#6066));
#1389=EDGE_LOOP('',(#6067,#6068,#6069,#6070));
#1390=EDGE_LOOP('',(#6071,#6072,#6073,#6074));
#1391=EDGE_LOOP('',(#6075,#6076,#6077,#6078));
#1392=EDGE_LOOP('',(#6079,#6080,#6081,#6082));
#1393=EDGE_LOOP('',(#6083,#6084,#6085,#6086));
#1394=EDGE_LOOP('',(#6087,#6088,#6089,#6090));
#1395=EDGE_LOOP('',(#6091,#6092,#6093,#6094));
#1396=EDGE_LOOP('',(#6095,#6096,#6097,#6098));
#1397=EDGE_LOOP('',(#6099,#6100,#6101,#6102));
#1398=EDGE_LOOP('',(#6103,#6104,#6105,#6106));
#1399=EDGE_LOOP('',(#6107,#6108,#6109,#6110));
#1400=EDGE_LOOP('',(#6111,#6112,#6113,#6114));
#1401=EDGE_LOOP('',(#6115,#6116,#6117,#6118));
#1402=EDGE_LOOP('',(#6119,#6120,#6121,#6122));
#1403=EDGE_LOOP('',(#6123,#6124,#6125,#6126));
#1404=EDGE_LOOP('',(#6127,#6128,#6129,#6130));
#1405=EDGE_LOOP('',(#6131,#6132,#6133,#6134));
#1406=EDGE_LOOP('',(#6135,#6136,#6137,#6138));
#1407=EDGE_LOOP('',(#6139,#6140,#6141,#6142));
#1408=EDGE_LOOP('',(#6143,#6144,#6145,#6146));
#1409=EDGE_LOOP('',(#6147,#6148,#6149,#6150));
#1410=EDGE_LOOP('',(#6151,#6152,#6153,#6154));
#1411=EDGE_LOOP('',(#6155,#6156,#6157,#6158));
#1412=EDGE_LOOP('',(#6159,#6160,#6161,#6162));
#1413=EDGE_LOOP('',(#6163,#6164,#6165,#6166));
#1414=EDGE_LOOP('',(#6167,#6168,#6169,#6170));
#1415=EDGE_LOOP('',(#6171,#6172,#6173,#6174));
#1416=EDGE_LOOP('',(#6175,#6176,#6177,#6178));
#1417=EDGE_LOOP('',(#6179,#6180,#6181,#6182));
#1418=EDGE_LOOP('',(#6183,#6184,#6185,#6186));
#1419=EDGE_LOOP('',(#6187,#6188,#6189,#6190));
#1420=EDGE_LOOP('',(#6191,#6192,#6193,#6194));
#1421=EDGE_LOOP('',(#6195,#6196,#6197,#6198));
#1422=EDGE_LOOP('',(#6199,#6200,#6201,#6202));
#1423=EDGE_LOOP('',(#6203,#6204,#6205,#6206));
#1424=EDGE_LOOP('',(#6207,#6208,#6209,#6210));
#1425=EDGE_LOOP('',(#6211,#6212,#6213,#6214));
#1426=EDGE_LOOP('',(#6215,#6216,#6217,#6218));
#1427=EDGE_LOOP('',(#6219,#6220,#6221,#6222));
#1428=EDGE_LOOP('',(#6223,#6224,#6225,#6226));
#1429=EDGE_LOOP('',(#6227,#6228,#6229,#6230));
#1430=EDGE_LOOP('',(#6231,#6232,#6233,#6234));
#1431=EDGE_LOOP('',(#6235,#6236,#6237,#6238));
#1432=EDGE_LOOP('',(#6239,#6240,#6241,#6242));
#1433=EDGE_LOOP('',(#6243,#6244,#6245,#6246));
#1434=EDGE_LOOP('',(#6247,#6248,#6249,#6250));
#1435=EDGE_LOOP('',(#6251,#6252,#6253,#6254));
#1436=EDGE_LOOP('',(#6255,#6256,#6257,#6258));
#1437=EDGE_LOOP('',(#6259,#6260,#6261,#6262));
#1438=EDGE_LOOP('',(#6263,#6264,#6265,#6266));
#1439=EDGE_LOOP('',(#6267,#6268,#6269,#6270));
#1440=EDGE_LOOP('',(#6271,#6272,#6273,#6274));
#1441=EDGE_LOOP('',(#6275,#6276,#6277,#6278));
#1442=EDGE_LOOP('',(#6279,#6280,#6281,#6282));
#1443=EDGE_LOOP('',(#6283,#6284,#6285,#6286));
#1444=EDGE_LOOP('',(#6287,#6288,#6289,#6290));
#1445=EDGE_LOOP('',(#6291,#6292,#6293,#6294));
#1446=EDGE_LOOP('',(#6295,#6296,#6297,#6298));
#1447=EDGE_LOOP('',(#6299,#6300,#6301,#6302));
#1448=EDGE_LOOP('',(#6303,#6304,#6305,#6306));
#1449=EDGE_LOOP('',(#6307,#6308,#6309,#6310));
#1450=EDGE_LOOP('',(#6311,#6312,#6313,#6314));
#1451=EDGE_LOOP('',(#6315,#6316,#6317,#6318));
#1452=EDGE_LOOP('',(#6319,#6320,#6321,#6322));
#1453=EDGE_LOOP('',(#6323,#6324,#6325,#6326));
#1454=EDGE_LOOP('',(#6327,#6328,#6329,#6330));
#1455=EDGE_LOOP('',(#6331,#6332,#6333,#6334));
#1456=EDGE_LOOP('',(#6335,#6336,#6337,#6338));
#1457=EDGE_LOOP('',(#6339,#6340,#6341,#6342));
#1458=EDGE_LOOP('',(#6343,#6344,#6345,#6346));
#1459=EDGE_LOOP('',(#6347,#6348,#6349,#6350));
#1460=EDGE_LOOP('',(#6351,#6352,#6353,#6354));
#1461=EDGE_LOOP('',(#6355,#6356,#6357,#6358));
#1462=EDGE_LOOP('',(#6359,#6360,#6361,#6362));
#1463=EDGE_LOOP('',(#6363,#6364,#6365,#6366));
#1464=EDGE_LOOP('',(#6367,#6368,#6369,#6370));
#1465=EDGE_LOOP('',(#6371,#6372,#6373,#6374));
#1466=EDGE_LOOP('',(#6375,#6376,#6377,#6378));
#1467=EDGE_LOOP('',(#6379,#6380,#6381,#6382));
#1468=EDGE_LOOP('',(#6383,#6384,#6385,#6386));
#1469=EDGE_LOOP('',(#6387,#6388,#6389,#6390));
#1470=EDGE_LOOP('',(#6391,#6392,#6393,#6394));
#1471=EDGE_LOOP('',(#6395,#6396,#6397,#6398));
#1472=EDGE_LOOP('',(#6399,#6400,#6401,#6402));
#1473=EDGE_LOOP('',(#6403,#6404,#6405,#6406));
#1474=EDGE_LOOP('',(#6407,#6408,#6409,#6410,#6411,#6412));
#1475=EDGE_LOOP('',(#6413,#6414,#6415,#6416));
#1476=EDGE_LOOP('',(#6417,#6418,#6419,#6420));
#1477=EDGE_LOOP('',(#6421,#6422,#6423,#6424));
#1478=EDGE_LOOP('',(#6425,#6426,#6427,#6428));
#1479=EDGE_LOOP('',(#6429,#6430,#6431,#6432));
#1480=EDGE_LOOP('',(#6433,#6434,#6435,#6436));
#1481=EDGE_LOOP('',(#6437,#6438,#6439,#6440));
#1482=EDGE_LOOP('',(#6441,#6442,#6443,#6444));
#1483=EDGE_LOOP('',(#6445,#6446,#6447,#6448));
#1484=EDGE_LOOP('',(#6449,#6450,#6451,#6452));
#1485=EDGE_LOOP('',(#6453,#6454,#6455,#6456));
#1486=EDGE_LOOP('',(#6457,#6458,#6459,#6460));
#1487=EDGE_LOOP('',(#6461,#6462,#6463,#6464));
#1488=EDGE_LOOP('',(#6465,#6466,#6467,#6468));
#1489=EDGE_LOOP('',(#6469,#6470,#6471,#6472));
#1490=EDGE_LOOP('',(#6473,#6474,#6475,#6476));
#1491=EDGE_LOOP('',(#6477,#6478,#6479,#6480));
#1492=EDGE_LOOP('',(#6481,#6482,#6483,#6484));
#1493=EDGE_LOOP('',(#6485,#6486,#6487,#6488));
#1494=EDGE_LOOP('',(#6489,#6490,#6491,#6492));
#1495=EDGE_LOOP('',(#6493,#6494,#6495,#6496));
#1496=EDGE_LOOP('',(#6497,#6498,#6499,#6500));
#1497=EDGE_LOOP('',(#6501,#6502,#6503,#6504));
#1498=EDGE_LOOP('',(#6505,#6506,#6507,#6508));
#1499=EDGE_LOOP('',(#6509,#6510,#6511,#6512));
#1500=EDGE_LOOP('',(#6513,#6514,#6515,#6516));
#1501=EDGE_LOOP('',(#6517,#6518,#6519,#6520));
#1502=EDGE_LOOP('',(#6521,#6522,#6523,#6524,#6525,#6526,#6527,#6528,#6529,
#6530,#6531,#6532,#6533,#6534,#6535,#6536,#6537,#6538,#6539,#6540,#6541,
#6542,#6543,#6544,#6545,#6546,#6547,#6548,#6549,#6550,#6551,#6552,#6553,
#6554,#6555));
#1503=EDGE_LOOP('',(#6556,#6557,#6558,#6559,#6560,#6561,#6562,#6563,#6564,
#6565,#6566,#6567));
#1504=EDGE_LOOP('',(#6568,#6569,#6570,#6571));
#1505=EDGE_LOOP('',(#6572,#6573,#6574,#6575));
#1506=EDGE_LOOP('',(#6576,#6577,#6578,#6579,#6580,#6581,#6582,#6583,#6584,
#6585,#6586));
#1507=EDGE_LOOP('',(#6587,#6588,#6589,#6590,#6591,#6592,#6593,#6594,#6595,
#6596,#6597,#6598,#6599,#6600,#6601));
#1508=EDGE_LOOP('',(#6602,#6603,#6604,#6605,#6606,#6607,#6608,#6609,#6610,
#6611,#6612,#6613,#6614,#6615,#6616,#6617,#6618,#6619,#6620,#6621,#6622,
#6623));
#1509=EDGE_LOOP('',(#6624,#6625,#6626,#6627,#6628,#6629,#6630,#6631,#6632,
#6633,#6634,#6635,#6636));
#1510=EDGE_LOOP('',(#6637,#6638,#6639,#6640));
#1511=EDGE_LOOP('',(#6641,#6642,#6643,#6644));
#1512=EDGE_LOOP('',(#6645,#6646,#6647,#6648));
#1513=EDGE_LOOP('',(#6649,#6650,#6651,#6652));
#1514=EDGE_LOOP('',(#6653,#6654,#6655,#6656,#6657,#6658,#6659,#6660,#6661,
#6662,#6663,#6664,#6665,#6666,#6667,#6668,#6669,#6670,#6671,#6672,#6673,
#6674,#6675,#6676,#6677,#6678,#6679,#6680,#6681,#6682,#6683,#6684,#6685,
#6686,#6687));
#1515=EDGE_LOOP('',(#6688,#6689,#6690,#6691,#6692,#6693,#6694,#6695,#6696,
#6697,#6698,#6699));
#1516=EDGE_LOOP('',(#6700,#6701,#6702,#6703));
#1517=EDGE_LOOP('',(#6704,#6705,#6706,#6707));
#1518=EDGE_LOOP('',(#6708,#6709,#6710,#6711,#6712,#6713,#6714,#6715,#6716,
#6717,#6718));
#1519=EDGE_LOOP('',(#6719,#6720,#6721,#6722,#6723,#6724,#6725,#6726,#6727,
#6728,#6729,#6730));
#1520=EDGE_LOOP('',(#6731,#6732,#6733,#6734,#6735,#6736,#6737,#6738,#6739,
#6740,#6741,#6742,#6743,#6744,#6745,#6746,#6747,#6748,#6749,#6750,#6751,
#6752));
#1521=EDGE_LOOP('',(#6753,#6754,#6755,#6756,#6757));
#1522=EDGE_LOOP('',(#6758,#6759,#6760,#6761));
#1523=EDGE_LOOP('',(#6762,#6763,#6764,#6765));
#1524=EDGE_LOOP('',(#6766,#6767,#6768,#6769));
#1525=EDGE_LOOP('',(#6770,#6771,#6772,#6773));
#1526=EDGE_LOOP('',(#6774,#6775,#6776,#6777));
#1527=EDGE_LOOP('',(#6778,#6779,#6780,#6781));
#1528=EDGE_LOOP('',(#6782,#6783,#6784,#6785));
#1529=EDGE_LOOP('',(#6786,#6787,#6788,#6789));
#1530=EDGE_LOOP('',(#6790,#6791,#6792,#6793));
#1531=EDGE_LOOP('',(#6794,#6795,#6796,#6797));
#1532=EDGE_LOOP('',(#6798,#6799,#6800,#6801));
#1533=EDGE_LOOP('',(#6802,#6803,#6804,#6805));
#1534=EDGE_LOOP('',(#6806,#6807,#6808,#6809));
#1535=EDGE_LOOP('',(#6810,#6811,#6812,#6813));
#1536=EDGE_LOOP('',(#6814,#6815,#6816,#6817));
#1537=EDGE_LOOP('',(#6818,#6819,#6820,#6821));
#1538=EDGE_LOOP('',(#6822,#6823,#6824,#6825,#6826,#6827));
#1539=EDGE_LOOP('',(#6828,#6829,#6830,#6831,#6832,#6833));
#1540=EDGE_LOOP('',(#6834,#6835,#6836,#6837,#6838,#6839));
#1541=EDGE_LOOP('',(#6840,#6841,#6842,#6843,#6844,#6845,#6846,#6847,#6848,
#6849));
#1542=EDGE_LOOP('',(#6850,#6851,#6852,#6853));
#1543=EDGE_LOOP('',(#6854,#6855,#6856,#6857));
#1544=EDGE_LOOP('',(#6858,#6859,#6860,#6861));
#1545=EDGE_LOOP('',(#6862,#6863,#6864,#6865,#6866,#6867,#6868,#6869));
#1546=EDGE_LOOP('',(#6870,#6871,#6872,#6873));
#1547=EDGE_LOOP('',(#6874,#6875,#6876,#6877));
#1548=EDGE_LOOP('',(#6878,#6879,#6880,#6881));
#1549=EDGE_LOOP('',(#6882,#6883,#6884,#6885));
#1550=EDGE_LOOP('',(#6886,#6887,#6888,#6889,#6890,#6891));
#1551=EDGE_LOOP('',(#6892,#6893,#6894,#6895));
#1552=EDGE_LOOP('',(#6896,#6897,#6898,#6899));
#1553=EDGE_LOOP('',(#6900,#6901,#6902,#6903));
#1554=EDGE_LOOP('',(#6904,#6905,#6906,#6907));
#1555=EDGE_LOOP('',(#6908,#6909,#6910,#6911));
#1556=EDGE_LOOP('',(#6912,#6913,#6914,#6915));
#1557=EDGE_LOOP('',(#6916,#6917,#6918,#6919));
#1558=EDGE_LOOP('',(#6920,#6921,#6922,#6923));
#1559=EDGE_LOOP('',(#6924,#6925,#6926,#6927));
#1560=EDGE_LOOP('',(#6928,#6929,#6930,#6931));
#1561=EDGE_LOOP('',(#6932,#6933,#6934,#6935));
#1562=EDGE_LOOP('',(#6936,#6937,#6938,#6939));
#1563=EDGE_LOOP('',(#6940,#6941,#6942,#6943));
#1564=EDGE_LOOP('',(#6944,#6945,#6946,#6947));
#1565=EDGE_LOOP('',(#6948,#6949,#6950,#6951));
#1566=EDGE_LOOP('',(#6952,#6953,#6954,#6955));
#1567=EDGE_LOOP('',(#6956,#6957,#6958,#6959));
#1568=EDGE_LOOP('',(#6960,#6961,#6962,#6963));
#1569=EDGE_LOOP('',(#6964,#6965,#6966,#6967));
#1570=EDGE_LOOP('',(#6968,#6969,#6970,#6971));
#1571=EDGE_LOOP('',(#6972,#6973,#6974,#6975));
#1572=EDGE_LOOP('',(#6976,#6977,#6978,#6979));
#1573=EDGE_LOOP('',(#6980,#6981,#6982,#6983));
#1574=EDGE_LOOP('',(#6984,#6985,#6986,#6987));
#1575=EDGE_LOOP('',(#6988,#6989,#6990,#6991));
#1576=EDGE_LOOP('',(#6992,#6993,#6994,#6995));
#1577=EDGE_LOOP('',(#6996,#6997,#6998,#6999));
#1578=EDGE_LOOP('',(#7000,#7001,#7002,#7003));
#1579=EDGE_LOOP('',(#7004,#7005,#7006,#7007));
#1580=EDGE_LOOP('',(#7008,#7009,#7010,#7011));
#1581=EDGE_LOOP('',(#7012,#7013,#7014,#7015));
#1582=EDGE_LOOP('',(#7016,#7017,#7018,#7019));
#1583=EDGE_LOOP('',(#7020,#7021,#7022,#7023));
#1584=EDGE_LOOP('',(#7024,#7025,#7026,#7027));
#1585=EDGE_LOOP('',(#7028,#7029,#7030,#7031));
#1586=EDGE_LOOP('',(#7032,#7033,#7034,#7035));
#1587=EDGE_LOOP('',(#7036,#7037,#7038,#7039));
#1588=EDGE_LOOP('',(#7040,#7041,#7042,#7043));
#1589=EDGE_LOOP('',(#7044,#7045,#7046,#7047));
#1590=EDGE_LOOP('',(#7048,#7049,#7050,#7051));
#1591=EDGE_LOOP('',(#7052,#7053,#7054,#7055));
#1592=EDGE_LOOP('',(#7056,#7057,#7058,#7059));
#1593=EDGE_LOOP('',(#7060,#7061,#7062,#7063));
#1594=EDGE_LOOP('',(#7064,#7065,#7066,#7067));
#1595=EDGE_LOOP('',(#7068,#7069,#7070,#7071));
#1596=EDGE_LOOP('',(#7072,#7073,#7074,#7075));
#1597=EDGE_LOOP('',(#7076,#7077,#7078,#7079));
#1598=EDGE_LOOP('',(#7080,#7081,#7082,#7083));
#1599=EDGE_LOOP('',(#7084,#7085,#7086,#7087));
#1600=EDGE_LOOP('',(#7088,#7089,#7090,#7091));
#1601=EDGE_LOOP('',(#7092,#7093,#7094,#7095));
#1602=EDGE_LOOP('',(#7096,#7097,#7098,#7099));
#1603=EDGE_LOOP('',(#7100,#7101,#7102,#7103));
#1604=EDGE_LOOP('',(#7104,#7105,#7106,#7107));
#1605=EDGE_LOOP('',(#7108,#7109,#7110,#7111));
#1606=EDGE_LOOP('',(#7112,#7113,#7114,#7115));
#1607=EDGE_LOOP('',(#7116,#7117,#7118,#7119));
#1608=EDGE_LOOP('',(#7120,#7121,#7122,#7123));
#1609=EDGE_LOOP('',(#7124,#7125,#7126,#7127));
#1610=EDGE_LOOP('',(#7128,#7129,#7130,#7131));
#1611=EDGE_LOOP('',(#7132,#7133,#7134,#7135));
#1612=EDGE_LOOP('',(#7136,#7137,#7138,#7139));
#1613=EDGE_LOOP('',(#7140,#7141,#7142,#7143));
#1614=EDGE_LOOP('',(#7144,#7145,#7146,#7147));
#1615=EDGE_LOOP('',(#7148,#7149,#7150,#7151));
#1616=EDGE_LOOP('',(#7152,#7153,#7154,#7155));
#1617=EDGE_LOOP('',(#7156,#7157,#7158,#7159));
#1618=EDGE_LOOP('',(#7160,#7161,#7162,#7163));
#1619=EDGE_LOOP('',(#7164,#7165,#7166,#7167));
#1620=EDGE_LOOP('',(#7168,#7169,#7170,#7171));
#1621=EDGE_LOOP('',(#7172,#7173,#7174,#7175));
#1622=EDGE_LOOP('',(#7176,#7177,#7178,#7179));
#1623=EDGE_LOOP('',(#7180,#7181,#7182,#7183));
#1624=EDGE_LOOP('',(#7184,#7185,#7186,#7187));
#1625=EDGE_LOOP('',(#7188,#7189,#7190,#7191));
#1626=EDGE_LOOP('',(#7192,#7193,#7194,#7195));
#1627=EDGE_LOOP('',(#7196,#7197,#7198,#7199));
#1628=EDGE_LOOP('',(#7200,#7201,#7202,#7203));
#1629=EDGE_LOOP('',(#7204,#7205,#7206,#7207));
#1630=EDGE_LOOP('',(#7208,#7209,#7210,#7211));
#1631=EDGE_LOOP('',(#7212,#7213,#7214,#7215));
#1632=EDGE_LOOP('',(#7216,#7217,#7218,#7219));
#1633=EDGE_LOOP('',(#7220,#7221,#7222,#7223));
#1634=EDGE_LOOP('',(#7224,#7225,#7226,#7227));
#1635=EDGE_LOOP('',(#7228,#7229,#7230,#7231));
#1636=EDGE_LOOP('',(#7232,#7233,#7234,#7235));
#1637=EDGE_LOOP('',(#7236,#7237,#7238,#7239));
#1638=EDGE_LOOP('',(#7240,#7241,#7242,#7243));
#1639=EDGE_LOOP('',(#7244,#7245,#7246,#7247));
#1640=EDGE_LOOP('',(#7248,#7249,#7250,#7251));
#1641=EDGE_LOOP('',(#7252,#7253,#7254,#7255));
#1642=EDGE_LOOP('',(#7256,#7257,#7258,#7259));
#1643=EDGE_LOOP('',(#7260,#7261,#7262,#7263));
#1644=EDGE_LOOP('',(#7264,#7265,#7266,#7267));
#1645=EDGE_LOOP('',(#7268,#7269,#7270,#7271,#7272,#7273,#7274,#7275));
#1646=EDGE_LOOP('',(#7276,#7277,#7278,#7279));
#1647=EDGE_LOOP('',(#7280,#7281,#7282,#7283));
#1648=EDGE_LOOP('',(#7284,#7285,#7286,#7287));
#1649=EDGE_LOOP('',(#7288,#7289,#7290,#7291));
#1650=EDGE_LOOP('',(#7292,#7293,#7294,#7295));
#1651=EDGE_LOOP('',(#7296,#7297,#7298,#7299,#7300,#7301));
#1652=EDGE_LOOP('',(#7302,#7303,#7304,#7305));
#1653=EDGE_LOOP('',(#7306,#7307,#7308,#7309));
#1654=EDGE_LOOP('',(#7310,#7311,#7312,#7313));
#1655=EDGE_LOOP('',(#7314,#7315,#7316,#7317));
#1656=EDGE_LOOP('',(#7318,#7319,#7320,#7321));
#1657=EDGE_LOOP('',(#7322,#7323,#7324,#7325));
#1658=EDGE_LOOP('',(#7326,#7327,#7328,#7329));
#1659=EDGE_LOOP('',(#7330,#7331,#7332,#7333));
#1660=EDGE_LOOP('',(#7334,#7335,#7336,#7337));
#1661=EDGE_LOOP('',(#7338,#7339,#7340,#7341));
#1662=EDGE_LOOP('',(#7342,#7343,#7344,#7345));
#1663=EDGE_LOOP('',(#7346,#7347,#7348,#7349));
#1664=EDGE_LOOP('',(#7350,#7351,#7352,#7353));
#1665=EDGE_LOOP('',(#7354,#7355,#7356,#7357));
#1666=EDGE_LOOP('',(#7358,#7359,#7360,#7361));
#1667=EDGE_LOOP('',(#7362,#7363,#7364,#7365));
#1668=EDGE_LOOP('',(#7366,#7367,#7368,#7369));
#1669=EDGE_LOOP('',(#7370,#7371,#7372,#7373));
#1670=EDGE_LOOP('',(#7374,#7375,#7376,#7377));
#1671=EDGE_LOOP('',(#7378,#7379,#7380,#7381));
#1672=EDGE_LOOP('',(#7382,#7383,#7384,#7385));
#1673=EDGE_LOOP('',(#7386,#7387,#7388,#7389));
#1674=EDGE_LOOP('',(#7390,#7391,#7392,#7393));
#1675=EDGE_LOOP('',(#7394,#7395,#7396,#7397));
#1676=EDGE_LOOP('',(#7398,#7399,#7400,#7401));
#1677=EDGE_LOOP('',(#7402,#7403,#7404,#7405));
#1678=EDGE_LOOP('',(#7406,#7407,#7408,#7409));
#1679=EDGE_LOOP('',(#7410,#7411,#7412,#7413));
#1680=EDGE_LOOP('',(#7414,#7415,#7416,#7417));
#1681=EDGE_LOOP('',(#7418,#7419,#7420,#7421));
#1682=EDGE_LOOP('',(#7422,#7423,#7424,#7425));
#1683=EDGE_LOOP('',(#7426,#7427,#7428,#7429));
#1684=EDGE_LOOP('',(#7430,#7431,#7432,#7433));
#1685=EDGE_LOOP('',(#7434,#7435,#7436,#7437));
#1686=EDGE_LOOP('',(#7438,#7439,#7440,#7441));
#1687=EDGE_LOOP('',(#7442,#7443,#7444,#7445));
#1688=EDGE_LOOP('',(#7446,#7447,#7448,#7449));
#1689=EDGE_LOOP('',(#7450,#7451,#7452,#7453));
#1690=EDGE_LOOP('',(#7454,#7455,#7456,#7457));
#1691=EDGE_LOOP('',(#7458,#7459,#7460,#7461));
#1692=EDGE_LOOP('',(#7462,#7463,#7464,#7465));
#1693=EDGE_LOOP('',(#7466,#7467,#7468,#7469));
#1694=EDGE_LOOP('',(#7470,#7471,#7472,#7473));
#1695=EDGE_LOOP('',(#7474,#7475,#7476,#7477));
#1696=EDGE_LOOP('',(#7478,#7479,#7480,#7481));
#1697=EDGE_LOOP('',(#7482,#7483,#7484,#7485));
#1698=EDGE_LOOP('',(#7486,#7487,#7488,#7489));
#1699=EDGE_LOOP('',(#7490,#7491,#7492,#7493));
#1700=EDGE_LOOP('',(#7494,#7495,#7496,#7497));
#1701=EDGE_LOOP('',(#7498,#7499,#7500,#7501));
#1702=EDGE_LOOP('',(#7502,#7503,#7504,#7505));
#1703=EDGE_LOOP('',(#7506,#7507,#7508,#7509));
#1704=EDGE_LOOP('',(#7510,#7511,#7512,#7513));
#1705=EDGE_LOOP('',(#7514,#7515,#7516,#7517));
#1706=EDGE_LOOP('',(#7518,#7519,#7520,#7521));
#1707=EDGE_LOOP('',(#7522,#7523,#7524,#7525));
#1708=EDGE_LOOP('',(#7526,#7527,#7528,#7529));
#1709=EDGE_LOOP('',(#7530,#7531,#7532,#7533));
#1710=EDGE_LOOP('',(#7534,#7535,#7536,#7537));
#1711=EDGE_LOOP('',(#7538,#7539,#7540,#7541));
#1712=EDGE_LOOP('',(#7542,#7543,#7544,#7545));
#1713=EDGE_LOOP('',(#7546,#7547,#7548,#7549));
#1714=EDGE_LOOP('',(#7550,#7551,#7552,#7553));
#1715=EDGE_LOOP('',(#7554,#7555,#7556,#7557));
#1716=EDGE_LOOP('',(#7558,#7559,#7560,#7561));
#1717=EDGE_LOOP('',(#7562,#7563,#7564,#7565));
#1718=EDGE_LOOP('',(#7566,#7567,#7568,#7569));
#1719=EDGE_LOOP('',(#7570,#7571,#7572,#7573));
#1720=EDGE_LOOP('',(#7574,#7575,#7576,#7577));
#1721=EDGE_LOOP('',(#7578,#7579,#7580,#7581));
#1722=EDGE_LOOP('',(#7582,#7583,#7584,#7585));
#1723=EDGE_LOOP('',(#7586,#7587,#7588,#7589));
#1724=EDGE_LOOP('',(#7590,#7591,#7592,#7593));
#1725=EDGE_LOOP('',(#7594,#7595,#7596,#7597));
#1726=EDGE_LOOP('',(#7598,#7599,#7600,#7601));
#1727=EDGE_LOOP('',(#7602,#7603,#7604,#7605));
#1728=EDGE_LOOP('',(#7606,#7607,#7608,#7609,#7610));
#1729=EDGE_LOOP('',(#7611,#7612,#7613,#7614,#7615,#7616,#7617,#7618,#7619,
#7620,#7621));
#1730=EDGE_LOOP('',(#7622,#7623,#7624,#7625,#7626,#7627,#7628,#7629,#7630,
#7631,#7632,#7633,#7634,#7635,#7636,#7637,#7638,#7639,#7640,#7641,#7642,
#7643,#7644,#7645,#7646,#7647,#7648,#7649,#7650,#7651,#7652,#7653,#7654,
#7655,#7656,#7657));
#1731=EDGE_LOOP('',(#7658,#7659,#7660,#7661));
#1732=EDGE_LOOP('',(#7662,#7663,#7664,#7665));
#1733=EDGE_LOOP('',(#7666,#7667,#7668,#7669));
#1734=EDGE_LOOP('',(#7670,#7671,#7672,#7673));
#1735=EDGE_LOOP('',(#7674,#7675,#7676,#7677));
#1736=EDGE_LOOP('',(#7678,#7679,#7680,#7681));
#1737=EDGE_LOOP('',(#7682,#7683,#7684,#7685));
#1738=EDGE_LOOP('',(#7686,#7687,#7688,#7689));
#1739=EDGE_LOOP('',(#7690,#7691,#7692,#7693));
#1740=EDGE_LOOP('',(#7694,#7695,#7696,#7697));
#1741=EDGE_LOOP('',(#7698,#7699,#7700,#7701,#7702));
#1742=EDGE_LOOP('',(#7703,#7704,#7705,#7706));
#1743=EDGE_LOOP('',(#7707,#7708,#7709,#7710));
#1744=EDGE_LOOP('',(#7711,#7712,#7713,#7714,#7715));
#1745=EDGE_LOOP('',(#7716,#7717,#7718,#7719,#7720,#7721,#7722,#7723,#7724,
#7725,#7726));
#1746=ELLIPSE('',#8174,1.4142135623731,1.);
#1747=ELLIPSE('',#8263,1.23567308753418,1.);
#1748=ELLIPSE('',#8265,1.41421356237315,1.);
#1749=ELLIPSE('',#8266,1.41421356237313,1.);
#1750=ELLIPSE('',#8268,1.23567308753418,1.);
#1751=ELLIPSE('',#8289,1.4142135623731,1.);
#1752=LINE('',#9711,#2509);
#1753=LINE('',#9714,#2510);
#1754=LINE('',#9717,#2511);
#1755=LINE('',#9719,#2512);
#1756=LINE('',#9721,#2513);
#1757=LINE('',#9723,#2514);
#1758=LINE('',#9724,#2515);
#1759=LINE('',#9728,#2516);
#1760=LINE('',#9730,#2517);
#1761=LINE('',#9731,#2518);
#1762=LINE('',#9733,#2519);
#1763=LINE('',#9735,#2520);
#1764=LINE('',#9737,#2521);
#1765=LINE('',#9739,#2522);
#1766=LINE('',#9741,#2523);
#1767=LINE('',#9745,#2524);
#1768=LINE('',#9747,#2525);
#1769=LINE('',#9749,#2526);
#1770=LINE('',#9753,#2527);
#1771=LINE('',#9755,#2528);
#1772=LINE('',#9757,#2529);
#1773=LINE('',#9759,#2530);
#1774=LINE('',#9761,#2531);
#1775=LINE('',#9762,#2532);
#1776=LINE('',#9829,#2533);
#1777=LINE('',#9871,#2534);
#1778=LINE('',#9873,#2535);
#1779=LINE('',#9906,#2536);
#1780=LINE('',#9909,#2537);
#1781=LINE('',#9943,#2538);
#1782=LINE('',#9945,#2539);
#1783=LINE('',#9947,#2540);
#1784=LINE('',#9949,#2541);
#1785=LINE('',#10095,#2542);
#1786=LINE('',#10241,#2543);
#1787=LINE('',#10251,#2544);
#1788=LINE('',#10253,#2545);
#1789=LINE('',#10271,#2546);
#1790=LINE('',#10273,#2547);
#1791=LINE('',#10275,#2548);
#1792=LINE('',#10277,#2549);
#1793=LINE('',#10278,#2550);
#1794=LINE('',#10281,#2551);
#1795=LINE('',#10323,#2552);
#1796=LINE('',#10325,#2553);
#1797=LINE('',#10327,#2554);
#1798=LINE('',#10329,#2555);
#1799=LINE('',#10363,#2556);
#1800=LINE('',#10397,#2557);
#1801=LINE('',#10423,#2558);
#1802=LINE('',#10425,#2559);
#1803=LINE('',#10427,#2560);
#1804=LINE('',#10428,#2561);
#1805=LINE('',#10431,#2562);
#1806=LINE('',#10433,#2563);
#1807=LINE('',#10435,#2564);
#1808=LINE('',#10436,#2565);
#1809=LINE('',#10439,#2566);
#1810=LINE('',#10481,#2567);
#1811=LINE('',#10483,#2568);
#1812=LINE('',#10485,#2569);
#1813=LINE('',#10527,#2570);
#1814=LINE('',#10529,#2571);
#1815=LINE('',#10531,#2572);
#1816=LINE('',#10532,#2573);
#1817=LINE('',#10535,#2574);
#1818=LINE('',#10537,#2575);
#1819=LINE('',#10539,#2576);
#1820=LINE('',#10540,#2577);
#1821=LINE('',#10543,#2578);
#1822=LINE('',#10545,#2579);
#1823=LINE('',#10547,#2580);
#1824=LINE('',#10548,#2581);
#1825=LINE('',#10551,#2582);
#1826=LINE('',#10593,#2583);
#1827=LINE('',#10595,#2584);
#1828=LINE('',#10597,#2585);
#1829=LINE('',#10631,#2586);
#1830=LINE('',#10633,#2587);
#1831=LINE('',#10635,#2588);
#1832=LINE('',#10636,#2589);
#1833=LINE('',#10639,#2590);
#1834=LINE('',#10641,#2591);
#1835=LINE('',#10643,#2592);
#1836=LINE('',#10644,#2593);
#1837=LINE('',#10647,#2594);
#1838=LINE('',#10681,#2595);
#1839=LINE('',#10715,#2596);
#1840=LINE('',#10717,#2597);
#1841=LINE('',#10719,#2598);
#1842=LINE('',#10721,#2599);
#1843=LINE('',#10723,#2600);
#1844=LINE('',#10725,#2601);
#1845=LINE('',#10727,#2602);
#1846=LINE('',#10729,#2603);
#1847=LINE('',#10731,#2604);
#1848=LINE('',#10749,#2605);
#1849=LINE('',#10751,#2606);
#1850=LINE('',#10753,#2607);
#1851=LINE('',#10754,#2608);
#1852=LINE('',#10757,#2609);
#1853=LINE('',#10759,#2610);
#1854=LINE('',#10761,#2611);
#1855=LINE('',#10763,#2612);
#1856=LINE('',#10765,#2613);
#1857=LINE('',#10766,#2614);
#1858=LINE('',#10769,#2615);
#1859=LINE('',#10771,#2616);
#1860=LINE('',#10773,#2617);
#1861=LINE('',#10775,#2618);
#1862=LINE('',#10777,#2619);
#1863=LINE('',#10779,#2620);
#1864=LINE('',#10781,#2621);
#1865=LINE('',#10782,#2622);
#1866=LINE('',#10825,#2623);
#1867=LINE('',#10858,#2624);
#1868=LINE('',#10861,#2625);
#1869=LINE('',#10863,#2626);
#1870=LINE('',#10865,#2627);
#1871=LINE('',#10867,#2628);
#1872=LINE('',#10893,#2629);
#1873=LINE('',#10927,#2630);
#1874=LINE('',#10929,#2631);
#1875=LINE('',#10930,#2632);
#1876=LINE('',#10932,#2633);
#1877=LINE('',#10935,#2634);
#1878=LINE('',#10938,#2635);
#1879=LINE('',#10941,#2636);
#1880=LINE('',#10943,#2637);
#1881=LINE('',#10945,#2638);
#1882=LINE('',#10949,#2639);
#1883=LINE('',#10953,#2640);
#1884=LINE('',#10955,#2641);
#1885=LINE('',#10957,#2642);
#1886=LINE('',#10961,#2643);
#1887=LINE('',#10965,#2644);
#1888=LINE('',#10966,#2645);
#1889=LINE('',#10969,#2646);
#1890=LINE('',#10971,#2647);
#1891=LINE('',#10973,#2648);
#1892=LINE('',#10975,#2649);
#1893=LINE('',#11017,#2650);
#1894=LINE('',#11083,#2651);
#1895=LINE('',#11085,#2652);
#1896=LINE('',#11087,#2653);
#1897=LINE('',#11089,#2654);
#1898=LINE('',#11122,#2655);
#1899=LINE('',#11125,#2656);
#1900=LINE('',#11159,#2657);
#1901=LINE('',#11161,#2658);
#1902=LINE('',#11203,#2659);
#1903=LINE('',#11300,#2660);
#1904=LINE('',#11333,#2661);
#1905=LINE('',#11336,#2662);
#1906=LINE('',#11338,#2663);
#1907=LINE('',#11340,#2664);
#1908=LINE('',#11342,#2665);
#1909=LINE('',#11344,#2666);
#1910=LINE('',#11362,#2667);
#1911=LINE('',#11363,#2668);
#1912=LINE('',#11366,#2669);
#1913=LINE('',#11368,#2670);
#1914=LINE('',#11370,#2671);
#1915=LINE('',#11372,#2672);
#1916=LINE('',#11374,#2673);
#1917=LINE('',#11375,#2674);
#1918=LINE('',#11378,#2675);
#1919=LINE('',#11380,#2676);
#1920=LINE('',#11382,#2677);
#1921=LINE('',#11384,#2678);
#1922=LINE('',#11386,#2679);
#1923=LINE('',#11404,#2680);
#1924=LINE('',#11406,#2681);
#1925=LINE('',#11408,#2682);
#1926=LINE('',#11410,#2683);
#1927=LINE('',#11412,#2684);
#1928=LINE('',#11414,#2685);
#1929=LINE('',#11416,#2686);
#1930=LINE('',#11417,#2687);
#1931=LINE('',#11420,#2688);
#1932=LINE('',#11454,#2689);
#1933=LINE('',#11496,#2690);
#1934=LINE('',#11498,#2691);
#1935=LINE('',#11500,#2692);
#1936=LINE('',#11501,#2693);
#1937=LINE('',#11504,#2694);
#1938=LINE('',#11506,#2695);
#1939=LINE('',#11508,#2696);
#1940=LINE('',#11510,#2697);
#1941=LINE('',#11512,#2698);
#1942=LINE('',#11546,#2699);
#1943=LINE('',#11548,#2700);
#1944=LINE('',#11550,#2701);
#1945=LINE('',#11592,#2702);
#1946=LINE('',#11594,#2703);
#1947=LINE('',#11596,#2704);
#1948=LINE('',#11597,#2705);
#1949=LINE('',#11600,#2706);
#1950=LINE('',#11602,#2707);
#1951=LINE('',#11604,#2708);
#1952=LINE('',#11605,#2709);
#1953=LINE('',#11608,#2710);
#1954=LINE('',#11610,#2711);
#1955=LINE('',#11612,#2712);
#1956=LINE('',#11614,#2713);
#1957=LINE('',#11616,#2714);
#1958=LINE('',#11658,#2715);
#1959=LINE('',#11660,#2716);
#1960=LINE('',#11662,#2717);
#1961=LINE('',#11704,#2718);
#1962=LINE('',#11706,#2719);
#1963=LINE('',#11708,#2720);
#1964=LINE('',#11709,#2721);
#1965=LINE('',#11712,#2722);
#1966=LINE('',#11714,#2723);
#1967=LINE('',#11716,#2724);
#1968=LINE('',#11718,#2725);
#1969=LINE('',#11720,#2726);
#1970=LINE('',#11745,#2727);
#1971=LINE('',#11779,#2728);
#1972=LINE('',#11781,#2729);
#1973=LINE('',#11783,#2730);
#1974=LINE('',#11785,#2731);
#1975=LINE('',#11787,#2732);
#1976=LINE('',#11789,#2733);
#1977=LINE('',#11791,#2734);
#1978=LINE('',#11792,#2735);
#1979=LINE('',#11811,#2736);
#1980=LINE('',#11955,#2737);
#1981=LINE('',#12059,#2738);
#1982=LINE('',#12085,#2739);
#1983=LINE('',#12087,#2740);
#1984=LINE('',#12089,#2741);
#1985=LINE('',#12091,#2742);
#1986=LINE('',#12133,#2743);
#1987=LINE('',#12134,#2744);
#1988=LINE('',#12145,#2745);
#1989=LINE('',#12156,#2746);
#1990=LINE('',#12158,#2747);
#1991=LINE('',#12169,#2748);
#1992=LINE('',#12180,#2749);
#1993=LINE('',#12191,#2750);
#1994=LINE('',#12202,#2751);
#1995=LINE('',#12213,#2752);
#1996=LINE('',#12224,#2753);
#1997=LINE('',#12226,#2754);
#1998=LINE('',#12227,#2755);
#1999=LINE('',#12229,#2756);
#2000=LINE('',#12245,#2757);
#2001=LINE('',#12256,#2758);
#2002=LINE('',#12267,#2759);
#2003=LINE('',#12278,#2760);
#2004=LINE('',#12279,#2761);
#2005=LINE('',#12290,#2762);
#2006=LINE('',#12301,#2763);
#2007=LINE('',#12312,#2764);
#2008=LINE('',#12314,#2765);
#2009=LINE('',#12325,#2766);
#2010=LINE('',#12336,#2767);
#2011=LINE('',#12347,#2768);
#2012=LINE('',#12358,#2769);
#2013=LINE('',#12369,#2770);
#2014=LINE('',#12380,#2771);
#2015=LINE('',#12391,#2772);
#2016=LINE('',#12402,#2773);
#2017=LINE('',#12413,#2774);
#2018=LINE('',#12424,#2775);
#2019=LINE('',#12435,#2776);
#2020=LINE('',#12446,#2777);
#2021=LINE('',#12448,#2778);
#2022=LINE('',#12449,#2779);
#2023=LINE('',#12451,#2780);
#2024=LINE('',#12462,#2781);
#2025=LINE('',#12473,#2782);
#2026=LINE('',#12475,#2783);
#2027=LINE('',#12476,#2784);
#2028=LINE('',#12478,#2785);
#2029=LINE('',#12480,#2786);
#2030=LINE('',#12491,#2787);
#2031=LINE('',#12502,#2788);
#2032=LINE('',#12513,#2789);
#2033=LINE('',#12524,#2790);
#2034=LINE('',#12535,#2791);
#2035=LINE('',#12536,#2792);
#2036=LINE('',#12547,#2793);
#2037=LINE('',#12549,#2794);
#2038=LINE('',#12560,#2795);
#2039=LINE('',#12571,#2796);
#2040=LINE('',#12582,#2797);
#2041=LINE('',#12584,#2798);
#2042=LINE('',#12585,#2799);
#2043=LINE('',#12587,#2800);
#2044=LINE('',#12598,#2801);
#2045=LINE('',#12599,#2802);
#2046=LINE('',#12610,#2803);
#2047=LINE('',#12612,#2804);
#2048=LINE('',#12614,#2805);
#2049=LINE('',#12616,#2806);
#2050=LINE('',#12627,#2807);
#2051=LINE('',#12638,#2808);
#2052=LINE('',#12649,#2809);
#2053=LINE('',#12660,#2810);
#2054=LINE('',#12662,#2811);
#2055=LINE('',#12663,#2812);
#2056=LINE('',#12665,#2813);
#2057=LINE('',#12667,#2814);
#2058=LINE('',#12668,#2815);
#2059=LINE('',#12670,#2816);
#2060=LINE('',#12681,#2817);
#2061=LINE('',#12682,#2818);
#2062=LINE('',#12684,#2819);
#2063=LINE('',#12686,#2820);
#2064=LINE('',#12688,#2821);
#2065=LINE('',#12699,#2822);
#2066=LINE('',#12710,#2823);
#2067=LINE('',#12721,#2824);
#2068=LINE('',#12732,#2825);
#2069=LINE('',#12734,#2826);
#2070=LINE('',#12735,#2827);
#2071=LINE('',#12737,#2828);
#2072=LINE('',#12752,#2829);
#2073=LINE('',#12768,#2830);
#2074=LINE('',#12779,#2831);
#2075=LINE('',#12790,#2832);
#2076=LINE('',#12792,#2833);
#2077=LINE('',#12793,#2834);
#2078=LINE('',#12795,#2835);
#2079=LINE('',#12797,#2836);
#2080=LINE('',#12799,#2837);
#2081=LINE('',#12801,#2838);
#2082=LINE('',#12803,#2839);
#2083=LINE('',#12805,#2840);
#2084=LINE('',#12807,#2841);
#2085=LINE('',#12808,#2842);
#2086=LINE('',#12810,#2843);
#2087=LINE('',#12812,#2844);
#2088=LINE('',#12814,#2845);
#2089=LINE('',#12815,#2846);
#2090=LINE('',#12817,#2847);
#2091=LINE('',#12819,#2848);
#2092=LINE('',#12821,#2849);
#2093=LINE('',#12836,#2850);
#2094=LINE('',#12852,#2851);
#2095=LINE('',#12863,#2852);
#2096=LINE('',#12874,#2853);
#2097=LINE('',#12894,#2854);
#2098=LINE('',#12905,#2855);
#2099=LINE('',#12916,#2856);
#2100=LINE('',#12918,#2857);
#2101=LINE('',#12920,#2858);
#2102=LINE('',#12931,#2859);
#2103=LINE('',#12975,#2860);
#2104=LINE('',#12986,#2861);
#2105=LINE('',#12997,#2862);
#2106=LINE('',#12999,#2863);
#2107=LINE('',#13000,#2864);
#2108=LINE('',#13031,#2865);
#2109=LINE('',#13042,#2866);
#2110=LINE('',#13044,#2867);
#2111=LINE('',#13046,#2868);
#2112=LINE('',#13048,#2869);
#2113=LINE('',#13050,#2870);
#2114=LINE('',#13052,#2871);
#2115=LINE('',#13063,#2872);
#2116=LINE('',#13065,#2873);
#2117=LINE('',#13067,#2874);
#2118=LINE('',#13069,#2875);
#2119=LINE('',#13071,#2876);
#2120=LINE('',#13073,#2877);
#2121=LINE('',#13084,#2878);
#2122=LINE('',#13086,#2879);
#2123=LINE('',#13088,#2880);
#2124=LINE('',#13090,#2881);
#2125=LINE('',#13092,#2882);
#2126=LINE('',#13094,#2883);
#2127=LINE('',#13124,#2884);
#2128=LINE('',#13126,#2885);
#2129=LINE('',#13128,#2886);
#2130=LINE('',#13130,#2887);
#2131=LINE('',#13132,#2888);
#2132=LINE('',#13134,#2889);
#2133=LINE('',#13136,#2890);
#2134=LINE('',#13147,#2891);
#2135=LINE('',#13158,#2892);
#2136=LINE('',#13174,#2893);
#2137=LINE('',#13190,#2894);
#2138=LINE('',#13193,#2895);
#2139=LINE('',#13195,#2896);
#2140=LINE('',#13197,#2897);
#2141=LINE('',#13198,#2898);
#2142=LINE('',#13202,#2899);
#2143=LINE('',#13207,#2900);
#2144=LINE('',#13213,#2901);
#2145=LINE('',#13217,#2902);
#2146=LINE('',#13225,#2903);
#2147=LINE('',#13231,#2904);
#2148=LINE('',#13239,#2905);
#2149=LINE('',#13246,#2906);
#2150=LINE('',#13250,#2907);
#2151=LINE('',#13253,#2908);
#2152=LINE('',#13255,#2909);
#2153=LINE('',#13256,#2910);
#2154=LINE('',#13259,#2911);
#2155=LINE('',#13260,#2912);
#2156=LINE('',#13263,#2913);
#2157=LINE('',#13267,#2914);
#2158=LINE('',#13268,#2915);
#2159=LINE('',#13271,#2916);
#2160=LINE('',#13275,#2917);
#2161=LINE('',#13276,#2918);
#2162=LINE('',#13278,#2919);
#2163=LINE('',#13281,#2920);
#2164=LINE('',#13282,#2921);
#2165=LINE('',#13285,#2922);
#2166=LINE('',#13286,#2923);
#2167=LINE('',#13290,#2924);
#2168=LINE('',#13293,#2925);
#2169=LINE('',#13294,#2926);
#2170=LINE('',#13297,#2927);
#2171=LINE('',#13299,#2928);
#2172=LINE('',#13301,#2929);
#2173=LINE('',#13302,#2930);
#2174=LINE('',#13305,#2931);
#2175=LINE('',#13307,#2932);
#2176=LINE('',#13309,#2933);
#2177=LINE('',#13310,#2934);
#2178=LINE('',#13325,#2935);
#2179=LINE('',#13435,#2936);
#2180=LINE('',#13515,#2937);
#2181=LINE('',#13517,#2938);
#2182=LINE('',#13519,#2939);
#2183=LINE('',#13521,#2940);
#2184=LINE('',#13523,#2941);
#2185=LINE('',#13525,#2942);
#2186=LINE('',#13527,#2943);
#2187=LINE('',#13529,#2944);
#2188=LINE('',#13531,#2945);
#2189=LINE('',#13533,#2946);
#2190=LINE('',#13535,#2947);
#2191=LINE('',#13536,#2948);
#2192=LINE('',#13539,#2949);
#2193=LINE('',#13541,#2950);
#2194=LINE('',#13543,#2951);
#2195=LINE('',#13544,#2952);
#2196=LINE('',#13547,#2953);
#2197=LINE('',#13549,#2954);
#2198=LINE('',#13551,#2955);
#2199=LINE('',#13552,#2956);
#2200=LINE('',#13555,#2957);
#2201=LINE('',#13557,#2958);
#2202=LINE('',#13559,#2959);
#2203=LINE('',#13561,#2960);
#2204=LINE('',#13563,#2961);
#2205=LINE('',#13565,#2962);
#2206=LINE('',#13579,#2963);
#2207=LINE('',#13581,#2964);
#2208=LINE('',#13582,#2965);
#2209=LINE('',#13585,#2966);
#2210=LINE('',#13587,#2967);
#2211=LINE('',#13589,#2968);
#2212=LINE('',#13615,#2969);
#2213=LINE('',#13647,#2970);
#2214=LINE('',#13648,#2971);
#2215=LINE('',#13663,#2972);
#2216=LINE('',#13725,#2973);
#2217=LINE('',#13775,#2974);
#2218=LINE('',#13777,#2975);
#2219=LINE('',#13803,#2976);
#2220=LINE('',#13823,#2977);
#2221=LINE('',#13825,#2978);
#2222=LINE('',#13826,#2979);
#2223=LINE('',#13829,#2980);
#2224=LINE('',#13832,#2981);
#2225=LINE('',#13835,#2982);
#2226=LINE('',#13836,#2983);
#2227=LINE('',#13839,#2984);
#2228=LINE('',#13841,#2985);
#2229=LINE('',#13843,#2986);
#2230=LINE('',#13844,#2987);
#2231=LINE('',#13847,#2988);
#2232=LINE('',#13849,#2989);
#2233=LINE('',#13851,#2990);
#2234=LINE('',#13852,#2991);
#2235=LINE('',#13967,#2992);
#2236=LINE('',#14113,#2993);
#2237=LINE('',#14123,#2994);
#2238=LINE('',#14125,#2995);
#2239=LINE('',#14127,#2996);
#2240=LINE('',#14129,#2997);
#2241=LINE('',#14131,#2998);
#2242=LINE('',#14133,#2999);
#2243=LINE('',#14135,#3000);
#2244=LINE('',#14137,#3001);
#2245=LINE('',#14139,#3002);
#2246=LINE('',#14141,#3003);
#2247=LINE('',#14143,#3004);
#2248=LINE('',#14144,#3005);
#2249=LINE('',#14147,#3006);
#2250=LINE('',#14149,#3007);
#2251=LINE('',#14151,#3008);
#2252=LINE('',#14152,#3009);
#2253=LINE('',#14155,#3010);
#2254=LINE('',#14157,#3011);
#2255=LINE('',#14159,#3012);
#2256=LINE('',#14160,#3013);
#2257=LINE('',#14163,#3014);
#2258=LINE('',#14165,#3015);
#2259=LINE('',#14167,#3016);
#2260=LINE('',#14169,#3017);
#2261=LINE('',#14187,#3018);
#2262=LINE('',#14189,#3019);
#2263=LINE('',#14191,#3020);
#2264=LINE('',#14193,#3021);
#2265=LINE('',#14194,#3022);
#2266=LINE('',#14269,#3023);
#2267=LINE('',#14271,#3024);
#2268=LINE('',#14272,#3025);
#2269=LINE('',#14347,#3026);
#2270=LINE('',#14429,#3027);
#2271=LINE('',#14439,#3028);
#2272=LINE('',#14441,#3029);
#2273=LINE('',#14442,#3030);
#2274=LINE('',#14445,#3031);
#2275=LINE('',#14446,#3032);
#2276=LINE('',#14449,#3033);
#2277=LINE('',#14450,#3034);
#2278=LINE('',#14452,#3035);
#2279=LINE('',#14455,#3036);
#2280=LINE('',#14456,#3037);
#2281=LINE('',#14467,#3038);
#2282=LINE('',#14478,#3039);
#2283=LINE('',#14489,#3040);
#2284=LINE('',#14514,#3041);
#2285=LINE('',#14529,#3042);
#2286=LINE('',#14531,#3043);
#2287=LINE('',#14533,#3044);
#2288=LINE('',#14534,#3045);
#2289=LINE('',#14536,#3046);
#2290=LINE('',#14537,#3047);
#2291=LINE('',#14549,#3048);
#2292=LINE('',#14557,#3049);
#2293=LINE('',#14563,#3050);
#2294=LINE('',#14564,#3051);
#2295=LINE('',#14595,#3052);
#2296=LINE('',#14604,#3053);
#2297=LINE('',#14616,#3054);
#2298=LINE('',#14627,#3055);
#2299=LINE('',#14668,#3056);
#2300=LINE('',#14669,#3057);
#2301=LINE('',#14680,#3058);
#2302=LINE('',#14691,#3059);
#2303=LINE('',#14693,#3060);
#2304=LINE('',#14695,#3061);
#2305=LINE('',#14697,#3062);
#2306=LINE('',#14708,#3063);
#2307=LINE('',#14719,#3064);
#2308=LINE('',#14740,#3065);
#2309=LINE('',#14741,#3066);
#2310=LINE('',#14743,#3067);
#2311=LINE('',#14763,#3068);
#2312=LINE('',#14774,#3069);
#2313=LINE('',#14775,#3070);
#2314=LINE('',#14797,#3071);
#2315=LINE('',#14813,#3072);
#2316=LINE('',#14824,#3073);
#2317=LINE('',#14836,#3074);
#2318=LINE('',#14837,#3075);
#2319=LINE('',#14839,#3076);
#2320=LINE('',#14840,#3077);
#2321=LINE('',#14843,#3078);
#2322=LINE('',#14846,#3079);
#2323=LINE('',#14847,#3080);
#2324=LINE('',#14849,#3081);
#2325=LINE('',#14851,#3082);
#2326=LINE('',#14854,#3083);
#2327=LINE('',#14855,#3084);
#2328=LINE('',#14857,#3085);
#2329=LINE('',#14859,#3086);
#2330=LINE('',#14871,#3087);
#2331=LINE('',#14872,#3088);
#2332=LINE('',#14883,#3089);
#2333=LINE('',#14894,#3090);
#2334=LINE('',#14905,#3091);
#2335=LINE('',#14916,#3092);
#2336=LINE('',#14927,#3093);
#2337=LINE('',#14938,#3094);
#2338=LINE('',#14949,#3095);
#2339=LINE('',#14960,#3096);
#2340=LINE('',#14971,#3097);
#2341=LINE('',#14982,#3098);
#2342=LINE('',#14993,#3099);
#2343=LINE('',#15004,#3100);
#2344=LINE('',#15015,#3101);
#2345=LINE('',#15026,#3102);
#2346=LINE('',#15028,#3103);
#2347=LINE('',#15039,#3104);
#2348=LINE('',#15050,#3105);
#2349=LINE('',#15061,#3106);
#2350=LINE('',#15072,#3107);
#2351=LINE('',#15083,#3108);
#2352=LINE('',#15094,#3109);
#2353=LINE('',#15105,#3110);
#2354=LINE('',#15116,#3111);
#2355=LINE('',#15127,#3112);
#2356=LINE('',#15138,#3113);
#2357=LINE('',#15149,#3114);
#2358=LINE('',#15160,#3115);
#2359=LINE('',#15171,#3116);
#2360=LINE('',#15182,#3117);
#2361=LINE('',#15193,#3118);
#2362=LINE('',#15195,#3119);
#2363=LINE('',#15206,#3120);
#2364=LINE('',#15217,#3121);
#2365=LINE('',#15229,#3122);
#2366=LINE('',#15230,#3123);
#2367=LINE('',#15232,#3124);
#2368=LINE('',#15234,#3125);
#2369=LINE('',#15236,#3126);
#2370=LINE('',#15238,#3127);
#2371=LINE('',#15240,#3128);
#2372=LINE('',#15242,#3129);
#2373=LINE('',#15244,#3130);
#2374=LINE('',#15246,#3131);
#2375=LINE('',#15248,#3132);
#2376=LINE('',#15250,#3133);
#2377=LINE('',#15253,#3134);
#2378=LINE('',#15254,#3135);
#2379=LINE('',#15256,#3136);
#2380=LINE('',#15258,#3137);
#2381=LINE('',#15261,#3138);
#2382=LINE('',#15262,#3139);
#2383=LINE('',#15264,#3140);
#2384=LINE('',#15266,#3141);
#2385=LINE('',#15269,#3142);
#2386=LINE('',#15270,#3143);
#2387=LINE('',#15272,#3144);
#2388=LINE('',#15274,#3145);
#2389=LINE('',#15276,#3146);
#2390=LINE('',#15278,#3147);
#2391=LINE('',#15280,#3148);
#2392=LINE('',#15282,#3149);
#2393=LINE('',#15284,#3150);
#2394=LINE('',#15286,#3151);
#2395=LINE('',#15297,#3152);
#2396=LINE('',#15318,#3153);
#2397=LINE('',#15319,#3154);
#2398=LINE('',#15330,#3155);
#2399=LINE('',#15341,#3156);
#2400=LINE('',#15343,#3157);
#2401=LINE('',#15345,#3158);
#2402=LINE('',#15347,#3159);
#2403=LINE('',#15358,#3160);
#2404=LINE('',#15369,#3161);
#2405=LINE('',#15380,#3162);
#2406=LINE('',#15411,#3163);
#2407=LINE('',#15412,#3164);
#2408=LINE('',#15423,#3165);
#2409=LINE('',#15434,#3166);
#2410=LINE('',#15445,#3167);
#2411=LINE('',#15456,#3168);
#2412=LINE('',#15467,#3169);
#2413=LINE('',#15478,#3170);
#2414=LINE('',#15489,#3171);
#2415=LINE('',#15500,#3172);
#2416=LINE('',#15502,#3173);
#2417=LINE('',#15513,#3174);
#2418=LINE('',#15524,#3175);
#2419=LINE('',#15535,#3176);
#2420=LINE('',#15546,#3177);
#2421=LINE('',#15557,#3178);
#2422=LINE('',#15568,#3179);
#2423=LINE('',#15579,#3180);
#2424=LINE('',#15590,#3181);
#2425=LINE('',#15601,#3182);
#2426=LINE('',#15612,#3183);
#2427=LINE('',#15614,#3184);
#2428=LINE('',#15626,#3185);
#2429=LINE('',#15628,#3186);
#2430=LINE('',#15650,#3187);
#2431=LINE('',#15662,#3188);
#2432=LINE('',#15674,#3189);
#2433=LINE('',#15685,#3190);
#2434=LINE('',#15697,#3191);
#2435=LINE('',#15700,#3192);
#2436=LINE('',#15712,#3193);
#2437=LINE('',#15723,#3194);
#2438=LINE('',#15735,#3195);
#2439=LINE('',#15747,#3196);
#2440=LINE('',#15759,#3197);
#2441=LINE('',#15770,#3198);
#2442=LINE('',#15781,#3199);
#2443=LINE('',#15814,#3200);
#2444=LINE('',#15825,#3201);
#2445=LINE('',#15836,#3202);
#2446=LINE('',#15847,#3203);
#2447=LINE('',#15858,#3204);
#2448=LINE('',#15869,#3205);
#2449=LINE('',#15880,#3206);
#2450=LINE('',#15891,#3207);
#2451=LINE('',#15902,#3208);
#2452=LINE('',#15913,#3209);
#2453=LINE('',#15924,#3210);
#2454=LINE('',#15935,#3211);
#2455=LINE('',#15946,#3212);
#2456=LINE('',#15957,#3213);
#2457=LINE('',#15959,#3214);
#2458=LINE('',#15972,#3215);
#2459=LINE('',#15973,#3216);
#2460=LINE('',#15978,#3217);
#2461=LINE('',#15980,#3218);
#2462=LINE('',#15981,#3219);
#2463=LINE('',#15984,#3220);
#2464=LINE('',#15986,#3221);
#2465=LINE('',#15987,#3222);
#2466=LINE('',#15992,#3223);
#2467=LINE('',#15996,#3224);
#2468=LINE('',#15998,#3225);
#2469=LINE('',#15999,#3226);
#2470=LINE('',#16004,#3227);
#2471=LINE('',#16008,#3228);
#2472=LINE('',#16010,#3229);
#2473=LINE('',#16011,#3230);
#2474=LINE('',#16014,#3231);
#2475=LINE('',#16016,#3232);
#2476=LINE('',#16017,#3233);
#2477=LINE('',#16019,#3234);
#2478=LINE('',#16020,#3235);
#2479=LINE('',#16024,#3236);
#2480=LINE('',#16026,#3237);
#2481=LINE('',#16028,#3238);
#2482=LINE('',#16030,#3239);
#2483=LINE('',#16034,#3240);
#2484=LINE('',#16038,#3241);
#2485=LINE('',#16040,#3242);
#2486=LINE('',#16041,#3243);
#2487=LINE('',#16043,#3244);
#2488=LINE('',#16045,#3245);
#2489=LINE('',#16047,#3246);
#2490=LINE('',#16050,#3247);
#2491=LINE('',#16052,#3248);
#2492=LINE('',#16053,#3249);
#2493=LINE('',#16056,#3250);
#2494=LINE('',#16057,#3251);
#2495=LINE('',#16061,#3252);
#2496=LINE('',#16064,#3253);
#2497=LINE('',#16065,#3254);
#2498=LINE('',#16069,#3255);
#2499=LINE('',#16072,#3256);
#2500=LINE('',#16073,#3257);
#2501=LINE('',#16076,#3258);
#2502=LINE('',#16077,#3259);
#2503=LINE('',#16080,#3260);
#2504=LINE('',#16081,#3261);
#2505=LINE('',#16085,#3262);
#2506=LINE('',#16088,#3263);
#2507=LINE('',#16089,#3264);
#2508=LINE('',#16091,#3265);
#2509=VECTOR('',#8436,10.);
#2510=VECTOR('',#8439,10.);
#2511=VECTOR('',#8442,10.);
#2512=VECTOR('',#8443,10.);
#2513=VECTOR('',#8444,10.);
#2514=VECTOR('',#8445,10.);
#2515=VECTOR('',#8446,10.);
#2516=VECTOR('',#8449,10.);
#2517=VECTOR('',#8450,10.);
#2518=VECTOR('',#8451,10.);
#2519=VECTOR('',#8452,10.);
#2520=VECTOR('',#8453,10.);
#2521=VECTOR('',#8454,10.);
#2522=VECTOR('',#8455,10.);
#2523=VECTOR('',#8456,10.);
#2524=VECTOR('',#8459,10.);
#2525=VECTOR('',#8460,10.);
#2526=VECTOR('',#8461,10.);
#2527=VECTOR('',#8464,10.);
#2528=VECTOR('',#8465,10.);
#2529=VECTOR('',#8466,10.);
#2530=VECTOR('',#8467,10.);
#2531=VECTOR('',#8468,10.);
#2532=VECTOR('',#8469,10.);
#2533=VECTOR('',#8470,10.);
#2534=VECTOR('',#8471,10.);
#2535=VECTOR('',#8472,10.);
#2536=VECTOR('',#8473,10.);
#2537=VECTOR('',#8474,10.);
#2538=VECTOR('',#8475,10.);
#2539=VECTOR('',#8476,10.);
#2540=VECTOR('',#8477,10.);
#2541=VECTOR('',#8478,10.);
#2542=VECTOR('',#8479,10.);
#2543=VECTOR('',#8480,10.);
#2544=VECTOR('',#8481,10.);
#2545=VECTOR('',#8482,10.);
#2546=VECTOR('',#8483,10.);
#2547=VECTOR('',#8484,10.);
#2548=VECTOR('',#8485,10.);
#2549=VECTOR('',#8486,10.);
#2550=VECTOR('',#8487,10.);
#2551=VECTOR('',#8488,10.);
#2552=VECTOR('',#8489,10.);
#2553=VECTOR('',#8490,10.);
#2554=VECTOR('',#8491,10.);
#2555=VECTOR('',#8492,10.);
#2556=VECTOR('',#8493,10.);
#2557=VECTOR('',#8494,10.);
#2558=VECTOR('',#8495,10.);
#2559=VECTOR('',#8496,10.);
#2560=VECTOR('',#8497,10.);
#2561=VECTOR('',#8498,10.);
#2562=VECTOR('',#8499,10.);
#2563=VECTOR('',#8500,10.);
#2564=VECTOR('',#8501,10.);
#2565=VECTOR('',#8502,10.);
#2566=VECTOR('',#8503,10.);
#2567=VECTOR('',#8504,10.);
#2568=VECTOR('',#8505,10.);
#2569=VECTOR('',#8506,10.);
#2570=VECTOR('',#8507,10.);
#2571=VECTOR('',#8508,10.);
#2572=VECTOR('',#8509,10.);
#2573=VECTOR('',#8510,10.);
#2574=VECTOR('',#8511,10.);
#2575=VECTOR('',#8512,10.);
#2576=VECTOR('',#8513,10.);
#2577=VECTOR('',#8514,10.);
#2578=VECTOR('',#8515,10.);
#2579=VECTOR('',#8516,10.);
#2580=VECTOR('',#8517,10.);
#2581=VECTOR('',#8518,10.);
#2582=VECTOR('',#8519,10.);
#2583=VECTOR('',#8520,10.);
#2584=VECTOR('',#8521,10.);
#2585=VECTOR('',#8522,10.);
#2586=VECTOR('',#8523,10.);
#2587=VECTOR('',#8524,10.);
#2588=VECTOR('',#8525,10.);
#2589=VECTOR('',#8526,10.);
#2590=VECTOR('',#8527,10.);
#2591=VECTOR('',#8528,10.);
#2592=VECTOR('',#8529,10.);
#2593=VECTOR('',#8530,10.);
#2594=VECTOR('',#8531,10.);
#2595=VECTOR('',#8532,10.);
#2596=VECTOR('',#8533,10.);
#2597=VECTOR('',#8534,10.);
#2598=VECTOR('',#8535,10.);
#2599=VECTOR('',#8536,10.);
#2600=VECTOR('',#8537,10.);
#2601=VECTOR('',#8538,10.);
#2602=VECTOR('',#8539,10.);
#2603=VECTOR('',#8540,10.);
#2604=VECTOR('',#8541,10.);
#2605=VECTOR('',#8542,10.);
#2606=VECTOR('',#8543,10.);
#2607=VECTOR('',#8544,10.);
#2608=VECTOR('',#8545,10.);
#2609=VECTOR('',#8546,10.);
#2610=VECTOR('',#8547,10.);
#2611=VECTOR('',#8548,10.);
#2612=VECTOR('',#8549,10.);
#2613=VECTOR('',#8550,10.);
#2614=VECTOR('',#8551,10.);
#2615=VECTOR('',#8552,10.);
#2616=VECTOR('',#8553,10.);
#2617=VECTOR('',#8554,10.);
#2618=VECTOR('',#8555,10.);
#2619=VECTOR('',#8556,10.);
#2620=VECTOR('',#8557,10.);
#2621=VECTOR('',#8558,10.);
#2622=VECTOR('',#8559,10.);
#2623=VECTOR('',#8560,10.);
#2624=VECTOR('',#8561,10.);
#2625=VECTOR('',#8562,10.);
#2626=VECTOR('',#8563,10.);
#2627=VECTOR('',#8564,10.);
#2628=VECTOR('',#8565,10.);
#2629=VECTOR('',#8566,10.);
#2630=VECTOR('',#8569,10.);
#2631=VECTOR('',#8570,10.);
#2632=VECTOR('',#8571,10.);
#2633=VECTOR('',#8574,10.);
#2634=VECTOR('',#8577,10.);
#2635=VECTOR('',#8580,10.);
#2636=VECTOR('',#8583,10.);
#2637=VECTOR('',#8584,10.);
#2638=VECTOR('',#8585,10.);
#2639=VECTOR('',#8588,10.);
#2640=VECTOR('',#8591,10.);
#2641=VECTOR('',#8592,10.);
#2642=VECTOR('',#8593,10.);
#2643=VECTOR('',#8596,10.);
#2644=VECTOR('',#8599,10.);
#2645=VECTOR('',#8600,10.);
#2646=VECTOR('',#8601,10.);
#2647=VECTOR('',#8602,10.);
#2648=VECTOR('',#8603,10.);
#2649=VECTOR('',#8604,10.);
#2650=VECTOR('',#8605,10.);
#2651=VECTOR('',#8606,10.);
#2652=VECTOR('',#8607,10.);
#2653=VECTOR('',#8608,10.);
#2654=VECTOR('',#8609,10.);
#2655=VECTOR('',#8610,10.);
#2656=VECTOR('',#8611,10.);
#2657=VECTOR('',#8612,10.);
#2658=VECTOR('',#8613,10.);
#2659=VECTOR('',#8614,10.);
#2660=VECTOR('',#8615,10.);
#2661=VECTOR('',#8616,10.);
#2662=VECTOR('',#8617,10.);
#2663=VECTOR('',#8618,10.);
#2664=VECTOR('',#8619,10.);
#2665=VECTOR('',#8620,10.);
#2666=VECTOR('',#8621,10.);
#2667=VECTOR('',#8622,10.);
#2668=VECTOR('',#8623,10.);
#2669=VECTOR('',#8624,10.);
#2670=VECTOR('',#8625,10.);
#2671=VECTOR('',#8626,10.);
#2672=VECTOR('',#8627,10.);
#2673=VECTOR('',#8628,10.);
#2674=VECTOR('',#8629,10.);
#2675=VECTOR('',#8630,10.);
#2676=VECTOR('',#8631,10.);
#2677=VECTOR('',#8632,10.);
#2678=VECTOR('',#8633,10.);
#2679=VECTOR('',#8634,10.);
#2680=VECTOR('',#8635,10.);
#2681=VECTOR('',#8636,10.);
#2682=VECTOR('',#8637,10.);
#2683=VECTOR('',#8638,10.);
#2684=VECTOR('',#8639,10.);
#2685=VECTOR('',#8640,10.);
#2686=VECTOR('',#8641,10.);
#2687=VECTOR('',#8642,10.);
#2688=VECTOR('',#8643,10.);
#2689=VECTOR('',#8644,10.);
#2690=VECTOR('',#8645,10.);
#2691=VECTOR('',#8646,10.);
#2692=VECTOR('',#8647,10.);
#2693=VECTOR('',#8648,10.);
#2694=VECTOR('',#8649,10.);
#2695=VECTOR('',#8650,10.);
#2696=VECTOR('',#8651,10.);
#2697=VECTOR('',#8652,10.);
#2698=VECTOR('',#8653,10.);
#2699=VECTOR('',#8654,10.);
#2700=VECTOR('',#8655,10.);
#2701=VECTOR('',#8656,10.);
#2702=VECTOR('',#8657,10.);
#2703=VECTOR('',#8658,10.);
#2704=VECTOR('',#8659,10.);
#2705=VECTOR('',#8660,10.);
#2706=VECTOR('',#8661,10.);
#2707=VECTOR('',#8662,10.);
#2708=VECTOR('',#8663,10.);
#2709=VECTOR('',#8664,10.);
#2710=VECTOR('',#8665,10.);
#2711=VECTOR('',#8666,10.);
#2712=VECTOR('',#8667,10.);
#2713=VECTOR('',#8668,10.);
#2714=VECTOR('',#8669,10.);
#2715=VECTOR('',#8670,10.);
#2716=VECTOR('',#8671,10.);
#2717=VECTOR('',#8672,10.);
#2718=VECTOR('',#8673,10.);
#2719=VECTOR('',#8674,10.);
#2720=VECTOR('',#8675,10.);
#2721=VECTOR('',#8676,10.);
#2722=VECTOR('',#8677,10.);
#2723=VECTOR('',#8678,10.);
#2724=VECTOR('',#8679,10.);
#2725=VECTOR('',#8680,10.);
#2726=VECTOR('',#8681,10.);
#2727=VECTOR('',#8682,10.);
#2728=VECTOR('',#8683,10.);
#2729=VECTOR('',#8684,10.);
#2730=VECTOR('',#8685,10.);
#2731=VECTOR('',#8686,10.);
#2732=VECTOR('',#8687,10.);
#2733=VECTOR('',#8688,10.);
#2734=VECTOR('',#8689,10.);
#2735=VECTOR('',#8690,10.);
#2736=VECTOR('',#8691,10.);
#2737=VECTOR('',#8692,10.);
#2738=VECTOR('',#8693,10.);
#2739=VECTOR('',#8694,10.);
#2740=VECTOR('',#8695,10.);
#2741=VECTOR('',#8696,10.);
#2742=VECTOR('',#8697,10.);
#2743=VECTOR('',#8698,10.);
#2744=VECTOR('',#8699,10.);
#2745=VECTOR('',#8700,10.);
#2746=VECTOR('',#8701,10.);
#2747=VECTOR('',#8704,10.);
#2748=VECTOR('',#8705,10.);
#2749=VECTOR('',#8706,10.);
#2750=VECTOR('',#8707,10.);
#2751=VECTOR('',#8708,10.);
#2752=VECTOR('',#8709,10.);
#2753=VECTOR('',#8710,10.);
#2754=VECTOR('',#8713,10.);
#2755=VECTOR('',#8714,10.);
#2756=VECTOR('',#8717,10.);
#2757=VECTOR('',#8720,10.);
#2758=VECTOR('',#8721,10.);
#2759=VECTOR('',#8722,10.);
#2760=VECTOR('',#8723,10.);
#2761=VECTOR('',#8724,10.);
#2762=VECTOR('',#8725,10.);
#2763=VECTOR('',#8726,10.);
#2764=VECTOR('',#8727,10.);
#2765=VECTOR('',#8730,10.);
#2766=VECTOR('',#8731,10.);
#2767=VECTOR('',#8732,10.);
#2768=VECTOR('',#8733,10.);
#2769=VECTOR('',#8734,10.);
#2770=VECTOR('',#8735,10.);
#2771=VECTOR('',#8736,10.);
#2772=VECTOR('',#8737,10.);
#2773=VECTOR('',#8738,10.);
#2774=VECTOR('',#8739,10.);
#2775=VECTOR('',#8740,10.);
#2776=VECTOR('',#8741,10.);
#2777=VECTOR('',#8742,10.);
#2778=VECTOR('',#8745,10.);
#2779=VECTOR('',#8746,10.);
#2780=VECTOR('',#8749,10.);
#2781=VECTOR('',#8750,10.);
#2782=VECTOR('',#8751,10.);
#2783=VECTOR('',#8754,10.);
#2784=VECTOR('',#8755,10.);
#2785=VECTOR('',#8758,10.);
#2786=VECTOR('',#8761,10.);
#2787=VECTOR('',#8762,10.);
#2788=VECTOR('',#8763,10.);
#2789=VECTOR('',#8764,10.);
#2790=VECTOR('',#8765,10.);
#2791=VECTOR('',#8766,10.);
#2792=VECTOR('',#8767,10.);
#2793=VECTOR('',#8768,10.);
#2794=VECTOR('',#8771,10.);
#2795=VECTOR('',#8772,10.);
#2796=VECTOR('',#8773,10.);
#2797=VECTOR('',#8774,10.);
#2798=VECTOR('',#8777,10.);
#2799=VECTOR('',#8778,10.);
#2800=VECTOR('',#8781,10.);
#2801=VECTOR('',#8782,10.);
#2802=VECTOR('',#8783,10.);
#2803=VECTOR('',#8784,10.);
#2804=VECTOR('',#8787,10.);
#2805=VECTOR('',#8790,10.);
#2806=VECTOR('',#8793,10.);
#2807=VECTOR('',#8794,10.);
#2808=VECTOR('',#8795,10.);
#2809=VECTOR('',#8796,10.);
#2810=VECTOR('',#8797,10.);
#2811=VECTOR('',#8800,10.);
#2812=VECTOR('',#8801,10.);
#2813=VECTOR('',#8804,10.);
#2814=VECTOR('',#8807,10.);
#2815=VECTOR('',#8808,10.);
#2816=VECTOR('',#8811,10.);
#2817=VECTOR('',#8812,10.);
#2818=VECTOR('',#8813,10.);
#2819=VECTOR('',#8816,10.);
#2820=VECTOR('',#8819,10.);
#2821=VECTOR('',#8822,10.);
#2822=VECTOR('',#8823,10.);
#2823=VECTOR('',#8824,10.);
#2824=VECTOR('',#8825,10.);
#2825=VECTOR('',#8826,10.);
#2826=VECTOR('',#8829,10.);
#2827=VECTOR('',#8830,10.);
#2828=VECTOR('',#8833,10.);
#2829=VECTOR('',#8834,10.);
#2830=VECTOR('',#8837,10.);
#2831=VECTOR('',#8838,10.);
#2832=VECTOR('',#8839,10.);
#2833=VECTOR('',#8842,10.);
#2834=VECTOR('',#8843,10.);
#2835=VECTOR('',#8846,10.);
#2836=VECTOR('',#8849,10.);
#2837=VECTOR('',#8852,10.);
#2838=VECTOR('',#8855,10.);
#2839=VECTOR('',#8858,10.);
#2840=VECTOR('',#8861,10.);
#2841=VECTOR('',#8864,10.);
#2842=VECTOR('',#8865,10.);
#2843=VECTOR('',#8868,10.);
#2844=VECTOR('',#8871,10.);
#2845=VECTOR('',#8874,10.);
#2846=VECTOR('',#8875,10.);
#2847=VECTOR('',#8878,10.);
#2848=VECTOR('',#8881,10.);
#2849=VECTOR('',#8884,10.);
#2850=VECTOR('',#8885,10.);
#2851=VECTOR('',#8888,10.);
#2852=VECTOR('',#8889,10.);
#2853=VECTOR('',#8890,10.);
#2854=VECTOR('',#8893,10.);
#2855=VECTOR('',#8894,10.);
#2856=VECTOR('',#8895,10.);
#2857=VECTOR('',#8898,10.);
#2858=VECTOR('',#8901,10.);
#2859=VECTOR('',#8902,10.);
#2860=VECTOR('',#8905,10.);
#2861=VECTOR('',#8906,10.);
#2862=VECTOR('',#8907,10.);
#2863=VECTOR('',#8910,10.);
#2864=VECTOR('',#8911,10.);
#2865=VECTOR('',#8916,10.);
#2866=VECTOR('',#8917,10.);
#2867=VECTOR('',#8920,10.);
#2868=VECTOR('',#8923,10.);
#2869=VECTOR('',#8926,10.);
#2870=VECTOR('',#8929,10.);
#2871=VECTOR('',#8932,10.);
#2872=VECTOR('',#8933,10.);
#2873=VECTOR('',#8936,10.);
#2874=VECTOR('',#8939,10.);
#2875=VECTOR('',#8942,10.);
#2876=VECTOR('',#8945,10.);
#2877=VECTOR('',#8948,10.);
#2878=VECTOR('',#8949,10.);
#2879=VECTOR('',#8952,10.);
#2880=VECTOR('',#8955,10.);
#2881=VECTOR('',#8958,10.);
#2882=VECTOR('',#8961,10.);
#2883=VECTOR('',#8964,10.);
#2884=VECTOR('',#8967,10.);
#2885=VECTOR('',#8970,10.);
#2886=VECTOR('',#8973,10.);
#2887=VECTOR('',#8976,10.);
#2888=VECTOR('',#8979,10.);
#2889=VECTOR('',#8982,10.);
#2890=VECTOR('',#8985,10.);
#2891=VECTOR('',#8986,10.);
#2892=VECTOR('',#8987,10.);
#2893=VECTOR('',#8990,10.);
#2894=VECTOR('',#8993,10.);
#2895=VECTOR('',#8996,10.);
#2896=VECTOR('',#8997,10.);
#2897=VECTOR('',#8998,10.);
#2898=VECTOR('',#8999,10.);
#2899=VECTOR('',#9002,10.);
#2900=VECTOR('',#9009,10.);
#2901=VECTOR('',#9018,10.);
#2902=VECTOR('',#9023,10.);
#2903=VECTOR('',#9034,10.);
#2904=VECTOR('',#9043,10.);
#2905=VECTOR('',#9054,10.);
#2906=VECTOR('',#9063,10.);
#2907=VECTOR('',#9070,10.);
#2908=VECTOR('',#9073,10.);
#2909=VECTOR('',#9074,10.);
#2910=VECTOR('',#9075,10.);
#2911=VECTOR('',#9078,10.);
#2912=VECTOR('',#9079,10.);
#2913=VECTOR('',#9082,10.);
#2914=VECTOR('',#9087,10.);
#2915=VECTOR('',#9088,10.);
#2916=VECTOR('',#9091,10.);
#2917=VECTOR('',#9096,10.);
#2918=VECTOR('',#9097,10.);
#2919=VECTOR('',#9100,10.);
#2920=VECTOR('',#9103,10.);
#2921=VECTOR('',#9104,10.);
#2922=VECTOR('',#9107,10.);
#2923=VECTOR('',#9108,10.);
#2924=VECTOR('',#9113,10.);
#2925=VECTOR('',#9116,10.);
#2926=VECTOR('',#9117,10.);
#2927=VECTOR('',#9118,10.);
#2928=VECTOR('',#9119,10.);
#2929=VECTOR('',#9120,10.);
#2930=VECTOR('',#9121,10.);
#2931=VECTOR('',#9122,10.);
#2932=VECTOR('',#9123,10.);
#2933=VECTOR('',#9124,10.);
#2934=VECTOR('',#9125,10.);
#2935=VECTOR('',#9126,10.);
#2936=VECTOR('',#9127,10.);
#2937=VECTOR('',#9128,10.);
#2938=VECTOR('',#9129,10.);
#2939=VECTOR('',#9130,10.);
#2940=VECTOR('',#9131,10.);
#2941=VECTOR('',#9132,10.);
#2942=VECTOR('',#9133,10.);
#2943=VECTOR('',#9134,10.);
#2944=VECTOR('',#9135,10.);
#2945=VECTOR('',#9136,10.);
#2946=VECTOR('',#9137,10.);
#2947=VECTOR('',#9138,10.);
#2948=VECTOR('',#9139,10.);
#2949=VECTOR('',#9140,10.);
#2950=VECTOR('',#9141,10.);
#2951=VECTOR('',#9142,10.);
#2952=VECTOR('',#9143,10.);
#2953=VECTOR('',#9144,10.);
#2954=VECTOR('',#9145,10.);
#2955=VECTOR('',#9146,10.);
#2956=VECTOR('',#9147,10.);
#2957=VECTOR('',#9148,10.);
#2958=VECTOR('',#9149,10.);
#2959=VECTOR('',#9150,10.);
#2960=VECTOR('',#9151,10.);
#2961=VECTOR('',#9152,10.);
#2962=VECTOR('',#9153,10.);
#2963=VECTOR('',#9154,10.);
#2964=VECTOR('',#9155,10.);
#2965=VECTOR('',#9156,10.);
#2966=VECTOR('',#9157,10.);
#2967=VECTOR('',#9158,10.);
#2968=VECTOR('',#9159,10.);
#2969=VECTOR('',#9160,10.);
#2970=VECTOR('',#9161,10.);
#2971=VECTOR('',#9162,10.);
#2972=VECTOR('',#9163,10.);
#2973=VECTOR('',#9164,10.);
#2974=VECTOR('',#9165,10.);
#2975=VECTOR('',#9166,10.);
#2976=VECTOR('',#9167,10.);
#2977=VECTOR('',#9168,10.);
#2978=VECTOR('',#9169,10.);
#2979=VECTOR('',#9170,10.);
#2980=VECTOR('',#9173,10.);
#2981=VECTOR('',#9176,10.);
#2982=VECTOR('',#9179,10.);
#2983=VECTOR('',#9180,10.);
#2984=VECTOR('',#9181,10.);
#2985=VECTOR('',#9182,10.);
#2986=VECTOR('',#9183,10.);
#2987=VECTOR('',#9184,10.);
#2988=VECTOR('',#9185,10.);
#2989=VECTOR('',#9186,10.);
#2990=VECTOR('',#9187,10.);
#2991=VECTOR('',#9188,10.);
#2992=VECTOR('',#9189,10.);
#2993=VECTOR('',#9190,10.);
#2994=VECTOR('',#9191,10.);
#2995=VECTOR('',#9192,10.);
#2996=VECTOR('',#9193,10.);
#2997=VECTOR('',#9194,10.);
#2998=VECTOR('',#9195,10.);
#2999=VECTOR('',#9196,10.);
#3000=VECTOR('',#9197,10.);
#3001=VECTOR('',#9198,10.);
#3002=VECTOR('',#9199,10.);
#3003=VECTOR('',#9200,10.);
#3004=VECTOR('',#9201,10.);
#3005=VECTOR('',#9202,10.);
#3006=VECTOR('',#9203,10.);
#3007=VECTOR('',#9204,10.);
#3008=VECTOR('',#9205,10.);
#3009=VECTOR('',#9206,10.);
#3010=VECTOR('',#9207,10.);
#3011=VECTOR('',#9208,10.);
#3012=VECTOR('',#9209,10.);
#3013=VECTOR('',#9210,10.);
#3014=VECTOR('',#9211,10.);
#3015=VECTOR('',#9212,10.);
#3016=VECTOR('',#9213,10.);
#3017=VECTOR('',#9214,10.);
#3018=VECTOR('',#9215,10.);
#3019=VECTOR('',#9216,10.);
#3020=VECTOR('',#9217,10.);
#3021=VECTOR('',#9218,10.);
#3022=VECTOR('',#9219,10.);
#3023=VECTOR('',#9220,10.);
#3024=VECTOR('',#9221,10.);
#3025=VECTOR('',#9222,10.);
#3026=VECTOR('',#9223,10.);
#3027=VECTOR('',#9224,10.);
#3028=VECTOR('',#9227,10.);
#3029=VECTOR('',#9228,10.);
#3030=VECTOR('',#9229,10.);
#3031=VECTOR('',#9232,10.);
#3032=VECTOR('',#9233,10.);
#3033=VECTOR('',#9236,10.);
#3034=VECTOR('',#9237,10.);
#3035=VECTOR('',#9240,10.);
#3036=VECTOR('',#9243,10.);
#3037=VECTOR('',#9244,10.);
#3038=VECTOR('',#9245,10.);
#3039=VECTOR('',#9246,10.);
#3040=VECTOR('',#9247,10.);
#3041=VECTOR('',#9248,10.);
#3042=VECTOR('',#9253,10.);
#3043=VECTOR('',#9254,10.);
#3044=VECTOR('',#9255,10.);
#3045=VECTOR('',#9256,10.);
#3046=VECTOR('',#9259,10.);
#3047=VECTOR('',#9260,10.);
#3048=VECTOR('',#9263,10.);
#3049=VECTOR('',#9266,10.);
#3050=VECTOR('',#9269,10.);
#3051=VECTOR('',#9270,10.);
#3052=VECTOR('',#9273,10.);
#3053=VECTOR('',#9274,10.);
#3054=VECTOR('',#9275,10.);
#3055=VECTOR('',#9278,10.);
#3056=VECTOR('',#9279,10.);
#3057=VECTOR('',#9280,10.);
#3058=VECTOR('',#9281,10.);
#3059=VECTOR('',#9282,10.);
#3060=VECTOR('',#9285,10.);
#3061=VECTOR('',#9288,10.);
#3062=VECTOR('',#9291,10.);
#3063=VECTOR('',#9292,10.);
#3064=VECTOR('',#9293,10.);
#3065=VECTOR('',#9294,10.);
#3066=VECTOR('',#9295,10.);
#3067=VECTOR('',#9298,10.);
#3068=VECTOR('',#9301,10.);
#3069=VECTOR('',#9302,10.);
#3070=VECTOR('',#9303,10.);
#3071=VECTOR('',#9306,10.);
#3072=VECTOR('',#9309,10.);
#3073=VECTOR('',#9310,10.);
#3074=VECTOR('',#9313,10.);
#3075=VECTOR('',#9314,10.);
#3076=VECTOR('',#9317,10.);
#3077=VECTOR('',#9318,10.);
#3078=VECTOR('',#9323,10.);
#3079=VECTOR('',#9328,10.);
#3080=VECTOR('',#9329,10.);
#3081=VECTOR('',#9332,10.);
#3082=VECTOR('',#9335,10.);
#3083=VECTOR('',#9340,10.);
#3084=VECTOR('',#9341,10.);
#3085=VECTOR('',#9344,10.);
#3086=VECTOR('',#9347,10.);
#3087=VECTOR('',#9350,10.);
#3088=VECTOR('',#9351,10.);
#3089=VECTOR('',#9352,10.);
#3090=VECTOR('',#9353,10.);
#3091=VECTOR('',#9354,10.);
#3092=VECTOR('',#9355,10.);
#3093=VECTOR('',#9356,10.);
#3094=VECTOR('',#9357,10.);
#3095=VECTOR('',#9358,10.);
#3096=VECTOR('',#9359,10.);
#3097=VECTOR('',#9360,10.);
#3098=VECTOR('',#9361,10.);
#3099=VECTOR('',#9362,10.);
#3100=VECTOR('',#9363,10.);
#3101=VECTOR('',#9364,10.);
#3102=VECTOR('',#9365,10.);
#3103=VECTOR('',#9368,10.);
#3104=VECTOR('',#9369,10.);
#3105=VECTOR('',#9370,10.);
#3106=VECTOR('',#9371,10.);
#3107=VECTOR('',#9372,10.);
#3108=VECTOR('',#9373,10.);
#3109=VECTOR('',#9374,10.);
#3110=VECTOR('',#9375,10.);
#3111=VECTOR('',#9376,10.);
#3112=VECTOR('',#9377,10.);
#3113=VECTOR('',#9378,10.);
#3114=VECTOR('',#9379,10.);
#3115=VECTOR('',#9380,10.);
#3116=VECTOR('',#9381,10.);
#3117=VECTOR('',#9382,10.);
#3118=VECTOR('',#9383,10.);
#3119=VECTOR('',#9386,10.);
#3120=VECTOR('',#9387,10.);
#3121=VECTOR('',#9388,10.);
#3122=VECTOR('',#9391,10.);
#3123=VECTOR('',#9392,10.);
#3124=VECTOR('',#9395,10.);
#3125=VECTOR('',#9398,10.);
#3126=VECTOR('',#9401,10.);
#3127=VECTOR('',#9404,10.);
#3128=VECTOR('',#9407,10.);
#3129=VECTOR('',#9410,10.);
#3130=VECTOR('',#9413,10.);
#3131=VECTOR('',#9416,10.);
#3132=VECTOR('',#9419,10.);
#3133=VECTOR('',#9422,10.);
#3134=VECTOR('',#9427,10.);
#3135=VECTOR('',#9428,10.);
#3136=VECTOR('',#9431,10.);
#3137=VECTOR('',#9434,10.);
#3138=VECTOR('',#9439,10.);
#3139=VECTOR('',#9440,10.);
#3140=VECTOR('',#9443,10.);
#3141=VECTOR('',#9446,10.);
#3142=VECTOR('',#9451,10.);
#3143=VECTOR('',#9452,10.);
#3144=VECTOR('',#9455,10.);
#3145=VECTOR('',#9458,10.);
#3146=VECTOR('',#9461,10.);
#3147=VECTOR('',#9464,10.);
#3148=VECTOR('',#9467,10.);
#3149=VECTOR('',#9470,10.);
#3150=VECTOR('',#9473,10.);
#3151=VECTOR('',#9476,10.);
#3152=VECTOR('',#9477,10.);
#3153=VECTOR('',#9478,10.);
#3154=VECTOR('',#9479,10.);
#3155=VECTOR('',#9480,10.);
#3156=VECTOR('',#9481,10.);
#3157=VECTOR('',#9484,10.);
#3158=VECTOR('',#9487,10.);
#3159=VECTOR('',#9490,10.);
#3160=VECTOR('',#9491,10.);
#3161=VECTOR('',#9492,10.);
#3162=VECTOR('',#9493,10.);
#3163=VECTOR('',#9494,10.);
#3164=VECTOR('',#9495,10.);
#3165=VECTOR('',#9496,10.);
#3166=VECTOR('',#9497,10.);
#3167=VECTOR('',#9498,10.);
#3168=VECTOR('',#9499,10.);
#3169=VECTOR('',#9500,10.);
#3170=VECTOR('',#9501,10.);
#3171=VECTOR('',#9502,10.);
#3172=VECTOR('',#9503,10.);
#3173=VECTOR('',#9506,10.);
#3174=VECTOR('',#9507,10.);
#3175=VECTOR('',#9508,10.);
#3176=VECTOR('',#9509,10.);
#3177=VECTOR('',#9510,10.);
#3178=VECTOR('',#9511,10.);
#3179=VECTOR('',#9512,10.);
#3180=VECTOR('',#9513,10.);
#3181=VECTOR('',#9514,10.);
#3182=VECTOR('',#9515,10.);
#3183=VECTOR('',#9516,10.);
#3184=VECTOR('',#9519,10.);
#3185=VECTOR('',#9522,10.);
#3186=VECTOR('',#9525,10.);
#3187=VECTOR('',#9528,10.);
#3188=VECTOR('',#9531,10.);
#3189=VECTOR('',#9534,10.);
#3190=VECTOR('',#9535,10.);
#3191=VECTOR('',#9538,10.);
#3192=VECTOR('',#9543,10.);
#3193=VECTOR('',#9546,10.);
#3194=VECTOR('',#9547,10.);
#3195=VECTOR('',#9550,10.);
#3196=VECTOR('',#9553,10.);
#3197=VECTOR('',#9556,10.);
#3198=VECTOR('',#9557,10.);
#3199=VECTOR('',#9558,10.);
#3200=VECTOR('',#9563,10.);
#3201=VECTOR('',#9564,10.);
#3202=VECTOR('',#9565,10.);
#3203=VECTOR('',#9566,10.);
#3204=VECTOR('',#9567,10.);
#3205=VECTOR('',#9568,10.);
#3206=VECTOR('',#9569,10.);
#3207=VECTOR('',#9570,10.);
#3208=VECTOR('',#9571,10.);
#3209=VECTOR('',#9572,10.);
#3210=VECTOR('',#9573,10.);
#3211=VECTOR('',#9574,10.);
#3212=VECTOR('',#9575,10.);
#3213=VECTOR('',#9576,10.);
#3214=VECTOR('',#9579,10.);
#3215=VECTOR('',#9582,10.);
#3216=VECTOR('',#9583,10.);
#3217=VECTOR('',#9590,10.);
#3218=VECTOR('',#9591,10.);
#3219=VECTOR('',#9592,10.);
#3220=VECTOR('',#9595,10.);
#3221=VECTOR('',#9596,10.);
#3222=VECTOR('',#9597,10.);
#3223=VECTOR('',#9602,10.);
#3224=VECTOR('',#9607,10.);
#3225=VECTOR('',#9608,10.);
#3226=VECTOR('',#9609,10.);
#3227=VECTOR('',#9614,10.);
#3228=VECTOR('',#9619,10.);
#3229=VECTOR('',#9620,10.);
#3230=VECTOR('',#9621,10.);
#3231=VECTOR('',#9624,10.);
#3232=VECTOR('',#9625,10.);
#3233=VECTOR('',#9626,10.);
#3234=VECTOR('',#9629,10.);
#3235=VECTOR('',#9630,10.);
#3236=VECTOR('',#9635,10.);
#3237=VECTOR('',#9636,10.);
#3238=VECTOR('',#9637,10.);
#3239=VECTOR('',#9638,10.);
#3240=VECTOR('',#9641,10.);
#3241=VECTOR('',#9644,10.);
#3242=VECTOR('',#9645,10.);
#3243=VECTOR('',#9646,10.);
#3244=VECTOR('',#9649,10.);
#3245=VECTOR('',#9652,10.);
#3246=VECTOR('',#9655,10.);
#3247=VECTOR('',#9658,10.);
#3248=VECTOR('',#9659,10.);
#3249=VECTOR('',#9660,10.);
#3250=VECTOR('',#9663,10.);
#3251=VECTOR('',#9664,10.);
#3252=VECTOR('',#9669,10.);
#3253=VECTOR('',#9672,10.);
#3254=VECTOR('',#9673,10.);
#3255=VECTOR('',#9678,10.);
#3256=VECTOR('',#9681,10.);
#3257=VECTOR('',#9682,10.);
#3258=VECTOR('',#9685,10.);
#3259=VECTOR('',#9686,10.);
#3260=VECTOR('',#9689,10.);
#3261=VECTOR('',#9690,10.);
#3262=VECTOR('',#9695,10.);
#3263=VECTOR('',#9698,10.);
#3264=VECTOR('',#9699,10.);
#3265=VECTOR('',#9702,10.);
#3266=CIRCLE('',#8173,1.);
#3267=CIRCLE('',#8177,8.99999998509846);
#3268=CIRCLE('',#8178,8.99999998509846);
#3269=CIRCLE('',#8182,1.);
#3270=CIRCLE('',#8184,1.99999999999999);
#3271=CIRCLE('',#8185,10.9999999999996);
#3272=CIRCLE('',#8186,10.9999999999996);
#3273=CIRCLE('',#8187,1.99999999999999);
#3274=CIRCLE('',#8262,0.999999999999991);
#3275=CIRCLE('',#8270,1.00000000000001);
#3276=CIRCLE('',#8272,1.);
#3277=CIRCLE('',#8273,11.9999999999996);
#3278=CIRCLE('',#8275,1.);
#3279=CIRCLE('',#8277,1.);
#3280=CIRCLE('',#8278,2.99999999999999);
#3281=CIRCLE('',#8281,1.00000000000001);
#3282=CIRCLE('',#8282,11.9999999999996);
#3283=CIRCLE('',#8284,0.999999999999988);
#3284=CIRCLE('',#8286,0.999999999999996);
#3285=CIRCLE('',#8287,2.99999999999999);
#3286=CIRCLE('',#8295,11.9999999999996);
#3287=CIRCLE('',#8298,2.99999999999999);
#3288=CIRCLE('',#8304,11.9999999999996);
#3289=CIRCLE('',#8307,8.99999998509846);
#3290=CIRCLE('',#8395,2.99999999999999);
#3291=CIRCLE('',#8399,0.999999999999996);
#3292=CIRCLE('',#8400,0.999999999999996);
#3293=CIRCLE('',#8403,9.99999999999962);
#3294=CIRCLE('',#8404,9.99999999999962);
#3295=CIRCLE('',#8410,0.999999999999996);
#3296=CIRCLE('',#8411,9.99999999999962);
#3297=CIRCLE('',#8418,0.999999999999996);
#3298=CIRCLE('',#8421,9.99999999999962);
#3299=CIRCLE('',#8426,8.99999998509846);
#3300=VERTEX_POINT('',#9707);
#3301=VERTEX_POINT('',#9708);
#3302=VERTEX_POINT('',#9710);
#3303=VERTEX_POINT('',#9712);
#3304=VERTEX_POINT('',#9716);
#3305=VERTEX_POINT('',#9718);
#3306=VERTEX_POINT('',#9720);
#3307=VERTEX_POINT('',#9722);
#3308=VERTEX_POINT('',#9726);
#3309=VERTEX_POINT('',#9727);
#3310=VERTEX_POINT('',#9729);
#3311=VERTEX_POINT('',#9732);
#3312=VERTEX_POINT('',#9734);
#3313=VERTEX_POINT('',#9736);
#3314=VERTEX_POINT('',#9738);
#3315=VERTEX_POINT('',#9740);
#3316=VERTEX_POINT('',#9742);
#3317=VERTEX_POINT('',#9744);
#3318=VERTEX_POINT('',#9746);
#3319=VERTEX_POINT('',#9748);
#3320=VERTEX_POINT('',#9750);
#3321=VERTEX_POINT('',#9752);
#3322=VERTEX_POINT('',#9754);
#3323=VERTEX_POINT('',#9756);
#3324=VERTEX_POINT('',#9758);
#3325=VERTEX_POINT('',#9760);
#3326=VERTEX_POINT('',#9763);
#3327=VERTEX_POINT('',#9764);
#3328=VERTEX_POINT('',#9772);
#3329=VERTEX_POINT('',#9780);
#3330=VERTEX_POINT('',#9788);
#3331=VERTEX_POINT('',#9796);
#3332=VERTEX_POINT('',#9804);
#3333=VERTEX_POINT('',#9812);
#3334=VERTEX_POINT('',#9820);
#3335=VERTEX_POINT('',#9828);
#3336=VERTEX_POINT('',#9830);
#3337=VERTEX_POINT('',#9838);
#3338=VERTEX_POINT('',#9846);
#3339=VERTEX_POINT('',#9854);
#3340=VERTEX_POINT('',#9862);
#3341=VERTEX_POINT('',#9870);
#3342=VERTEX_POINT('',#9872);
#3343=VERTEX_POINT('',#9874);
#3344=VERTEX_POINT('',#9882);
#3345=VERTEX_POINT('',#9890);
#3346=VERTEX_POINT('',#9898);
#3347=VERTEX_POINT('',#9907);
#3348=VERTEX_POINT('',#9908);
#3349=VERTEX_POINT('',#9910);
#3350=VERTEX_POINT('',#9918);
#3351=VERTEX_POINT('',#9926);
#3352=VERTEX_POINT('',#9934);
#3353=VERTEX_POINT('',#9942);
#3354=VERTEX_POINT('',#9944);
#3355=VERTEX_POINT('',#9946);
#3356=VERTEX_POINT('',#9948);
#3357=VERTEX_POINT('',#9950);
#3358=VERTEX_POINT('',#9958);
#3359=VERTEX_POINT('',#9966);
#3360=VERTEX_POINT('',#9981);
#3361=VERTEX_POINT('',#9982);
#3362=VERTEX_POINT('',#9990);
#3363=VERTEX_POINT('',#9998);
#3364=VERTEX_POINT('',#10006);
#3365=VERTEX_POINT('',#10014);
#3366=VERTEX_POINT('',#10022);
#3367=VERTEX_POINT('',#10030);
#3368=VERTEX_POINT('',#10038);
#3369=VERTEX_POINT('',#10046);
#3370=VERTEX_POINT('',#10054);
#3371=VERTEX_POINT('',#10062);
#3372=VERTEX_POINT('',#10070);
#3373=VERTEX_POINT('',#10078);
#3374=VERTEX_POINT('',#10086);
#3375=VERTEX_POINT('',#10094);
#3376=VERTEX_POINT('',#10096);
#3377=VERTEX_POINT('',#10104);
#3378=VERTEX_POINT('',#10112);
#3379=VERTEX_POINT('',#10120);
#3380=VERTEX_POINT('',#10128);
#3381=VERTEX_POINT('',#10136);
#3382=VERTEX_POINT('',#10144);
#3383=VERTEX_POINT('',#10152);
#3384=VERTEX_POINT('',#10160);
#3385=VERTEX_POINT('',#10168);
#3386=VERTEX_POINT('',#10176);
#3387=VERTEX_POINT('',#10184);
#3388=VERTEX_POINT('',#10192);
#3389=VERTEX_POINT('',#10200);
#3390=VERTEX_POINT('',#10208);
#3391=VERTEX_POINT('',#10216);
#3392=VERTEX_POINT('',#10224);
#3393=VERTEX_POINT('',#10232);
#3394=VERTEX_POINT('',#10240);
#3395=VERTEX_POINT('',#10249);
#3396=VERTEX_POINT('',#10250);
#3397=VERTEX_POINT('',#10252);
#3398=VERTEX_POINT('',#10254);
#3399=VERTEX_POINT('',#10262);
#3400=VERTEX_POINT('',#10270);
#3401=VERTEX_POINT('',#10272);
#3402=VERTEX_POINT('',#10274);
#3403=VERTEX_POINT('',#10276);
#3404=VERTEX_POINT('',#10279);
#3405=VERTEX_POINT('',#10280);
#3406=VERTEX_POINT('',#10282);
#3407=VERTEX_POINT('',#10290);
#3408=VERTEX_POINT('',#10298);
#3409=VERTEX_POINT('',#10306);
#3410=VERTEX_POINT('',#10314);
#3411=VERTEX_POINT('',#10322);
#3412=VERTEX_POINT('',#10324);
#3413=VERTEX_POINT('',#10326);
#3414=VERTEX_POINT('',#10328);
#3415=VERTEX_POINT('',#10330);
#3416=VERTEX_POINT('',#10338);
#3417=VERTEX_POINT('',#10346);
#3418=VERTEX_POINT('',#10361);
#3419=VERTEX_POINT('',#10362);
#3420=VERTEX_POINT('',#10364);
#3421=VERTEX_POINT('',#10372);
#3422=VERTEX_POINT('',#10380);
#3423=VERTEX_POINT('',#10388);
#3424=VERTEX_POINT('',#10396);
#3425=VERTEX_POINT('',#10398);
#3426=VERTEX_POINT('',#10406);
#3427=VERTEX_POINT('',#10414);
#3428=VERTEX_POINT('',#10422);
#3429=VERTEX_POINT('',#10424);
#3430=VERTEX_POINT('',#10426);
#3431=VERTEX_POINT('',#10429);
#3432=VERTEX_POINT('',#10430);
#3433=VERTEX_POINT('',#10432);
#3434=VERTEX_POINT('',#10434);
#3435=VERTEX_POINT('',#10437);
#3436=VERTEX_POINT('',#10438);
#3437=VERTEX_POINT('',#10440);
#3438=VERTEX_POINT('',#10448);
#3439=VERTEX_POINT('',#10456);
#3440=VERTEX_POINT('',#10464);
#3441=VERTEX_POINT('',#10472);
#3442=VERTEX_POINT('',#10480);
#3443=VERTEX_POINT('',#10482);
#3444=VERTEX_POINT('',#10484);
#3445=VERTEX_POINT('',#10486);
#3446=VERTEX_POINT('',#10494);
#3447=VERTEX_POINT('',#10502);
#3448=VERTEX_POINT('',#10510);
#3449=VERTEX_POINT('',#10518);
#3450=VERTEX_POINT('',#10526);
#3451=VERTEX_POINT('',#10528);
#3452=VERTEX_POINT('',#10530);
#3453=VERTEX_POINT('',#10533);
#3454=VERTEX_POINT('',#10534);
#3455=VERTEX_POINT('',#10536);
#3456=VERTEX_POINT('',#10538);
#3457=VERTEX_POINT('',#10541);
#3458=VERTEX_POINT('',#10542);
#3459=VERTEX_POINT('',#10544);
#3460=VERTEX_POINT('',#10546);
#3461=VERTEX_POINT('',#10549);
#3462=VERTEX_POINT('',#10550);
#3463=VERTEX_POINT('',#10552);
#3464=VERTEX_POINT('',#10560);
#3465=VERTEX_POINT('',#10568);
#3466=VERTEX_POINT('',#10576);
#3467=VERTEX_POINT('',#10584);
#3468=VERTEX_POINT('',#10592);
#3469=VERTEX_POINT('',#10594);
#3470=VERTEX_POINT('',#10596);
#3471=VERTEX_POINT('',#10598);
#3472=VERTEX_POINT('',#10606);
#3473=VERTEX_POINT('',#10614);
#3474=VERTEX_POINT('',#10622);
#3475=VERTEX_POINT('',#10630);
#3476=VERTEX_POINT('',#10632);
#3477=VERTEX_POINT('',#10634);
#3478=VERTEX_POINT('',#10637);
#3479=VERTEX_POINT('',#10638);
#3480=VERTEX_POINT('',#10640);
#3481=VERTEX_POINT('',#10642);
#3482=VERTEX_POINT('',#10645);
#3483=VERTEX_POINT('',#10646);
#3484=VERTEX_POINT('',#10648);
#3485=VERTEX_POINT('',#10656);
#3486=VERTEX_POINT('',#10664);
#3487=VERTEX_POINT('',#10672);
#3488=VERTEX_POINT('',#10680);
#3489=VERTEX_POINT('',#10682);
#3490=VERTEX_POINT('',#10690);
#3491=VERTEX_POINT('',#10698);
#3492=VERTEX_POINT('',#10713);
#3493=VERTEX_POINT('',#10714);
#3494=VERTEX_POINT('',#10716);
#3495=VERTEX_POINT('',#10718);
#3496=VERTEX_POINT('',#10720);
#3497=VERTEX_POINT('',#10722);
#3498=VERTEX_POINT('',#10724);
#3499=VERTEX_POINT('',#10726);
#3500=VERTEX_POINT('',#10728);
#3501=VERTEX_POINT('',#10730);
#3502=VERTEX_POINT('',#10732);
#3503=VERTEX_POINT('',#10740);
#3504=VERTEX_POINT('',#10748);
#3505=VERTEX_POINT('',#10750);
#3506=VERTEX_POINT('',#10752);
#3507=VERTEX_POINT('',#10755);
#3508=VERTEX_POINT('',#10756);
#3509=VERTEX_POINT('',#10758);
#3510=VERTEX_POINT('',#10760);
#3511=VERTEX_POINT('',#10762);
#3512=VERTEX_POINT('',#10764);
#3513=VERTEX_POINT('',#10767);
#3514=VERTEX_POINT('',#10768);
#3515=VERTEX_POINT('',#10770);
#3516=VERTEX_POINT('',#10772);
#3517=VERTEX_POINT('',#10774);
#3518=VERTEX_POINT('',#10776);
#3519=VERTEX_POINT('',#10778);
#3520=VERTEX_POINT('',#10780);
#3521=VERTEX_POINT('',#10783);
#3522=VERTEX_POINT('',#10784);
#3523=VERTEX_POINT('',#10792);
#3524=VERTEX_POINT('',#10800);
#3525=VERTEX_POINT('',#10808);
#3526=VERTEX_POINT('',#10816);
#3527=VERTEX_POINT('',#10824);
#3528=VERTEX_POINT('',#10826);
#3529=VERTEX_POINT('',#10834);
#3530=VERTEX_POINT('',#10842);
#3531=VERTEX_POINT('',#10850);
#3532=VERTEX_POINT('',#10859);
#3533=VERTEX_POINT('',#10860);
#3534=VERTEX_POINT('',#10862);
#3535=VERTEX_POINT('',#10864);
#3536=VERTEX_POINT('',#10866);
#3537=VERTEX_POINT('',#10868);
#3538=VERTEX_POINT('',#10876);
#3539=VERTEX_POINT('',#10884);
#3540=VERTEX_POINT('',#10892);
#3541=VERTEX_POINT('',#10894);
#3542=VERTEX_POINT('',#10902);
#3543=VERTEX_POINT('',#10910);
#3544=VERTEX_POINT('',#10926);
#3545=VERTEX_POINT('',#10928);
#3546=VERTEX_POINT('',#10934);
#3547=VERTEX_POINT('',#10936);
#3548=VERTEX_POINT('',#10940);
#3549=VERTEX_POINT('',#10942);
#3550=VERTEX_POINT('',#10944);
#3551=VERTEX_POINT('',#10946);
#3552=VERTEX_POINT('',#10948);
#3553=VERTEX_POINT('',#10950);
#3554=VERTEX_POINT('',#10952);
#3555=VERTEX_POINT('',#10954);
#3556=VERTEX_POINT('',#10956);
#3557=VERTEX_POINT('',#10958);
#3558=VERTEX_POINT('',#10960);
#3559=VERTEX_POINT('',#10962);
#3560=VERTEX_POINT('',#10964);
#3561=VERTEX_POINT('',#10967);
#3562=VERTEX_POINT('',#10968);
#3563=VERTEX_POINT('',#10970);
#3564=VERTEX_POINT('',#10972);
#3565=VERTEX_POINT('',#10974);
#3566=VERTEX_POINT('',#10976);
#3567=VERTEX_POINT('',#10984);
#3568=VERTEX_POINT('',#10992);
#3569=VERTEX_POINT('',#11000);
#3570=VERTEX_POINT('',#11008);
#3571=VERTEX_POINT('',#11016);
#3572=VERTEX_POINT('',#11018);
#3573=VERTEX_POINT('',#11026);
#3574=VERTEX_POINT('',#11034);
#3575=VERTEX_POINT('',#11049);
#3576=VERTEX_POINT('',#11050);
#3577=VERTEX_POINT('',#11058);
#3578=VERTEX_POINT('',#11066);
#3579=VERTEX_POINT('',#11074);
#3580=VERTEX_POINT('',#11082);
#3581=VERTEX_POINT('',#11084);
#3582=VERTEX_POINT('',#11086);
#3583=VERTEX_POINT('',#11088);
#3584=VERTEX_POINT('',#11090);
#3585=VERTEX_POINT('',#11098);
#3586=VERTEX_POINT('',#11106);
#3587=VERTEX_POINT('',#11114);
#3588=VERTEX_POINT('',#11123);
#3589=VERTEX_POINT('',#11124);
#3590=VERTEX_POINT('',#11126);
#3591=VERTEX_POINT('',#11134);
#3592=VERTEX_POINT('',#11142);
#3593=VERTEX_POINT('',#11150);
#3594=VERTEX_POINT('',#11158);
#3595=VERTEX_POINT('',#11160);
#3596=VERTEX_POINT('',#11162);
#3597=VERTEX_POINT('',#11170);
#3598=VERTEX_POINT('',#11178);
#3599=VERTEX_POINT('',#11186);
#3600=VERTEX_POINT('',#11194);
#3601=VERTEX_POINT('',#11202);
#3602=VERTEX_POINT('',#11204);
#3603=VERTEX_POINT('',#11212);
#3604=VERTEX_POINT('',#11220);
#3605=VERTEX_POINT('',#11228);
#3606=VERTEX_POINT('',#11236);
#3607=VERTEX_POINT('',#11244);
#3608=VERTEX_POINT('',#11252);
#3609=VERTEX_POINT('',#11267);
#3610=VERTEX_POINT('',#11268);
#3611=VERTEX_POINT('',#11276);
#3612=VERTEX_POINT('',#11284);
#3613=VERTEX_POINT('',#11291);
#3614=VERTEX_POINT('',#11299);
#3615=VERTEX_POINT('',#11301);
#3616=VERTEX_POINT('',#11309);
#3617=VERTEX_POINT('',#11317);
#3618=VERTEX_POINT('',#11325);
#3619=VERTEX_POINT('',#11334);
#3620=VERTEX_POINT('',#11335);
#3621=VERTEX_POINT('',#11337);
#3622=VERTEX_POINT('',#11339);
#3623=VERTEX_POINT('',#11341);
#3624=VERTEX_POINT('',#11343);
#3625=VERTEX_POINT('',#11345);
#3626=VERTEX_POINT('',#11353);
#3627=VERTEX_POINT('',#11361);
#3628=VERTEX_POINT('',#11364);
#3629=VERTEX_POINT('',#11365);
#3630=VERTEX_POINT('',#11367);
#3631=VERTEX_POINT('',#11369);
#3632=VERTEX_POINT('',#11371);
#3633=VERTEX_POINT('',#11373);
#3634=VERTEX_POINT('',#11376);
#3635=VERTEX_POINT('',#11377);
#3636=VERTEX_POINT('',#11379);
#3637=VERTEX_POINT('',#11381);
#3638=VERTEX_POINT('',#11383);
#3639=VERTEX_POINT('',#11385);
#3640=VERTEX_POINT('',#11387);
#3641=VERTEX_POINT('',#11395);
#3642=VERTEX_POINT('',#11403);
#3643=VERTEX_POINT('',#11405);
#3644=VERTEX_POINT('',#11407);
#3645=VERTEX_POINT('',#11409);
#3646=VERTEX_POINT('',#11411);
#3647=VERTEX_POINT('',#11413);
#3648=VERTEX_POINT('',#11415);
#3649=VERTEX_POINT('',#11418);
#3650=VERTEX_POINT('',#11419);
#3651=VERTEX_POINT('',#11421);
#3652=VERTEX_POINT('',#11429);
#3653=VERTEX_POINT('',#11437);
#3654=VERTEX_POINT('',#11445);
#3655=VERTEX_POINT('',#11453);
#3656=VERTEX_POINT('',#11455);
#3657=VERTEX_POINT('',#11463);
#3658=VERTEX_POINT('',#11471);
#3659=VERTEX_POINT('',#11479);
#3660=VERTEX_POINT('',#11494);
#3661=VERTEX_POINT('',#11495);
#3662=VERTEX_POINT('',#11497);
#3663=VERTEX_POINT('',#11499);
#3664=VERTEX_POINT('',#11502);
#3665=VERTEX_POINT('',#11503);
#3666=VERTEX_POINT('',#11505);
#3667=VERTEX_POINT('',#11507);
#3668=VERTEX_POINT('',#11509);
#3669=VERTEX_POINT('',#11511);
#3670=VERTEX_POINT('',#11513);
#3671=VERTEX_POINT('',#11521);
#3672=VERTEX_POINT('',#11529);
#3673=VERTEX_POINT('',#11537);
#3674=VERTEX_POINT('',#11545);
#3675=VERTEX_POINT('',#11547);
#3676=VERTEX_POINT('',#11549);
#3677=VERTEX_POINT('',#11551);
#3678=VERTEX_POINT('',#11559);
#3679=VERTEX_POINT('',#11567);
#3680=VERTEX_POINT('',#11575);
#3681=VERTEX_POINT('',#11590);
#3682=VERTEX_POINT('',#11591);
#3683=VERTEX_POINT('',#11593);
#3684=VERTEX_POINT('',#11595);
#3685=VERTEX_POINT('',#11598);
#3686=VERTEX_POINT('',#11599);
#3687=VERTEX_POINT('',#11601);
#3688=VERTEX_POINT('',#11603);
#3689=VERTEX_POINT('',#11606);
#3690=VERTEX_POINT('',#11607);
#3691=VERTEX_POINT('',#11609);
#3692=VERTEX_POINT('',#11611);
#3693=VERTEX_POINT('',#11613);
#3694=VERTEX_POINT('',#11615);
#3695=VERTEX_POINT('',#11617);
#3696=VERTEX_POINT('',#11625);
#3697=VERTEX_POINT('',#11633);
#3698=VERTEX_POINT('',#11641);
#3699=VERTEX_POINT('',#11649);
#3700=VERTEX_POINT('',#11657);
#3701=VERTEX_POINT('',#11659);
#3702=VERTEX_POINT('',#11661);
#3703=VERTEX_POINT('',#11663);
#3704=VERTEX_POINT('',#11671);
#3705=VERTEX_POINT('',#11679);
#3706=VERTEX_POINT('',#11687);
#3707=VERTEX_POINT('',#11702);
#3708=VERTEX_POINT('',#11703);
#3709=VERTEX_POINT('',#11705);
#3710=VERTEX_POINT('',#11707);
#3711=VERTEX_POINT('',#11710);
#3712=VERTEX_POINT('',#11711);
#3713=VERTEX_POINT('',#11713);
#3714=VERTEX_POINT('',#11715);
#3715=VERTEX_POINT('',#11717);
#3716=VERTEX_POINT('',#11719);
#3717=VERTEX_POINT('',#11721);
#3718=VERTEX_POINT('',#11729);
#3719=VERTEX_POINT('',#11737);
#3720=VERTEX_POINT('',#11744);
#3721=VERTEX_POINT('',#11746);
#3722=VERTEX_POINT('',#11754);
#3723=VERTEX_POINT('',#11762);
#3724=VERTEX_POINT('',#11777);
#3725=VERTEX_POINT('',#11778);
#3726=VERTEX_POINT('',#11780);
#3727=VERTEX_POINT('',#11782);
#3728=VERTEX_POINT('',#11784);
#3729=VERTEX_POINT('',#11786);
#3730=VERTEX_POINT('',#11788);
#3731=VERTEX_POINT('',#11790);
#3732=VERTEX_POINT('',#11793);
#3733=VERTEX_POINT('',#11794);
#3734=VERTEX_POINT('',#11802);
#3735=VERTEX_POINT('',#11810);
#3736=VERTEX_POINT('',#11812);
#3737=VERTEX_POINT('',#11820);
#3738=VERTEX_POINT('',#11828);
#3739=VERTEX_POINT('',#11836);
#3740=VERTEX_POINT('',#11844);
#3741=VERTEX_POINT('',#11851);
#3742=VERTEX_POINT('',#11859);
#3743=VERTEX_POINT('',#11867);
#3744=VERTEX_POINT('',#11875);
#3745=VERTEX_POINT('',#11883);
#3746=VERTEX_POINT('',#11891);
#3747=VERTEX_POINT('',#11899);
#3748=VERTEX_POINT('',#11907);
#3749=VERTEX_POINT('',#11915);
#3750=VERTEX_POINT('',#11923);
#3751=VERTEX_POINT('',#11931);
#3752=VERTEX_POINT('',#11939);
#3753=VERTEX_POINT('',#11946);
#3754=VERTEX_POINT('',#11954);
#3755=VERTEX_POINT('',#11956);
#3756=VERTEX_POINT('',#11964);
#3757=VERTEX_POINT('',#11971);
#3758=VERTEX_POINT('',#11979);
#3759=VERTEX_POINT('',#11987);
#3760=VERTEX_POINT('',#11995);
#3761=VERTEX_POINT('',#12003);
#3762=VERTEX_POINT('',#12011);
#3763=VERTEX_POINT('',#12019);
#3764=VERTEX_POINT('',#12027);
#3765=VERTEX_POINT('',#12034);
#3766=VERTEX_POINT('',#12042);
#3767=VERTEX_POINT('',#12057);
#3768=VERTEX_POINT('',#12058);
#3769=VERTEX_POINT('',#12060);
#3770=VERTEX_POINT('',#12068);
#3771=VERTEX_POINT('',#12076);
#3772=VERTEX_POINT('',#12084);
#3773=VERTEX_POINT('',#12086);
#3774=VERTEX_POINT('',#12088);
#3775=VERTEX_POINT('',#12090);
#3776=VERTEX_POINT('',#12092);
#3777=VERTEX_POINT('',#12100);
#3778=VERTEX_POINT('',#12108);
#3779=VERTEX_POINT('',#13192);
#3780=VERTEX_POINT('',#13194);
#3781=VERTEX_POINT('',#13196);
#3782=VERTEX_POINT('',#13200);
#3783=VERTEX_POINT('',#13201);
#3784=VERTEX_POINT('',#13206);
#3785=VERTEX_POINT('',#13211);
#3786=VERTEX_POINT('',#13215);
#3787=VERTEX_POINT('',#13219);
#3788=VERTEX_POINT('',#13223);
#3789=VERTEX_POINT('',#13227);
#3790=VERTEX_POINT('',#13233);
#3791=VERTEX_POINT('',#13237);
#3792=VERTEX_POINT('',#13241);
#3793=VERTEX_POINT('',#13245);
#3794=VERTEX_POINT('',#13252);
#3795=VERTEX_POINT('',#13254);
#3796=VERTEX_POINT('',#13258);
#3797=VERTEX_POINT('',#13262);
#3798=VERTEX_POINT('',#13266);
#3799=VERTEX_POINT('',#13270);
#3800=VERTEX_POINT('',#13274);
#3801=VERTEX_POINT('',#13280);
#3802=VERTEX_POINT('',#13284);
#3803=VERTEX_POINT('',#13288);
#3804=VERTEX_POINT('',#13292);
#3805=VERTEX_POINT('',#13295);
#3806=VERTEX_POINT('',#13296);
#3807=VERTEX_POINT('',#13298);
#3808=VERTEX_POINT('',#13300);
#3809=VERTEX_POINT('',#13303);
#3810=VERTEX_POINT('',#13304);
#3811=VERTEX_POINT('',#13306);
#3812=VERTEX_POINT('',#13308);
#3813=VERTEX_POINT('',#13311);
#3814=VERTEX_POINT('',#13312);
#3815=VERTEX_POINT('',#13318);
#3816=VERTEX_POINT('',#13324);
#3817=VERTEX_POINT('',#13326);
#3818=VERTEX_POINT('',#13332);
#3819=VERTEX_POINT('',#13338);
#3820=VERTEX_POINT('',#13344);
#3821=VERTEX_POINT('',#13350);
#3822=VERTEX_POINT('',#13356);
#3823=VERTEX_POINT('',#13362);
#3824=VERTEX_POINT('',#13368);
#3825=VERTEX_POINT('',#13374);
#3826=VERTEX_POINT('',#13380);
#3827=VERTEX_POINT('',#13386);
#3828=VERTEX_POINT('',#13392);
#3829=VERTEX_POINT('',#13398);
#3830=VERTEX_POINT('',#13404);
#3831=VERTEX_POINT('',#13410);
#3832=VERTEX_POINT('',#13416);
#3833=VERTEX_POINT('',#13422);
#3834=VERTEX_POINT('',#13428);
#3835=VERTEX_POINT('',#13434);
#3836=VERTEX_POINT('',#13436);
#3837=VERTEX_POINT('',#13442);
#3838=VERTEX_POINT('',#13448);
#3839=VERTEX_POINT('',#13454);
#3840=VERTEX_POINT('',#13460);
#3841=VERTEX_POINT('',#13466);
#3842=VERTEX_POINT('',#13472);
#3843=VERTEX_POINT('',#13478);
#3844=VERTEX_POINT('',#13484);
#3845=VERTEX_POINT('',#13490);
#3846=VERTEX_POINT('',#13496);
#3847=VERTEX_POINT('',#13502);
#3848=VERTEX_POINT('',#13513);
#3849=VERTEX_POINT('',#13514);
#3850=VERTEX_POINT('',#13516);
#3851=VERTEX_POINT('',#13518);
#3852=VERTEX_POINT('',#13520);
#3853=VERTEX_POINT('',#13522);
#3854=VERTEX_POINT('',#13524);
#3855=VERTEX_POINT('',#13526);
#3856=VERTEX_POINT('',#13528);
#3857=VERTEX_POINT('',#13530);
#3858=VERTEX_POINT('',#13532);
#3859=VERTEX_POINT('',#13534);
#3860=VERTEX_POINT('',#13537);
#3861=VERTEX_POINT('',#13538);
#3862=VERTEX_POINT('',#13540);
#3863=VERTEX_POINT('',#13542);
#3864=VERTEX_POINT('',#13545);
#3865=VERTEX_POINT('',#13546);
#3866=VERTEX_POINT('',#13548);
#3867=VERTEX_POINT('',#13550);
#3868=VERTEX_POINT('',#13553);
#3869=VERTEX_POINT('',#13554);
#3870=VERTEX_POINT('',#13556);
#3871=VERTEX_POINT('',#13558);
#3872=VERTEX_POINT('',#13560);
#3873=VERTEX_POINT('',#13562);
#3874=VERTEX_POINT('',#13564);
#3875=VERTEX_POINT('',#13566);
#3876=VERTEX_POINT('',#13572);
#3877=VERTEX_POINT('',#13578);
#3878=VERTEX_POINT('',#13580);
#3879=VERTEX_POINT('',#13583);
#3880=VERTEX_POINT('',#13584);
#3881=VERTEX_POINT('',#13586);
#3882=VERTEX_POINT('',#13588);
#3883=VERTEX_POINT('',#13590);
#3884=VERTEX_POINT('',#13596);
#3885=VERTEX_POINT('',#13602);
#3886=VERTEX_POINT('',#13608);
#3887=VERTEX_POINT('',#13614);
#3888=VERTEX_POINT('',#13616);
#3889=VERTEX_POINT('',#13622);
#3890=VERTEX_POINT('',#13628);
#3891=VERTEX_POINT('',#13634);
#3892=VERTEX_POINT('',#13640);
#3893=VERTEX_POINT('',#13646);
#3894=VERTEX_POINT('',#13649);
#3895=VERTEX_POINT('',#13650);
#3896=VERTEX_POINT('',#13656);
#3897=VERTEX_POINT('',#13662);
#3898=VERTEX_POINT('',#13664);
#3899=VERTEX_POINT('',#13670);
#3900=VERTEX_POINT('',#13676);
#3901=VERTEX_POINT('',#13682);
#3902=VERTEX_POINT('',#13688);
#3903=VERTEX_POINT('',#13694);
#3904=VERTEX_POINT('',#13700);
#3905=VERTEX_POINT('',#13706);
#3906=VERTEX_POINT('',#13712);
#3907=VERTEX_POINT('',#13718);
#3908=VERTEX_POINT('',#13724);
#3909=VERTEX_POINT('',#13726);
#3910=VERTEX_POINT('',#13732);
#3911=VERTEX_POINT('',#13738);
#3912=VERTEX_POINT('',#13744);
#3913=VERTEX_POINT('',#13750);
#3914=VERTEX_POINT('',#13756);
#3915=VERTEX_POINT('',#13762);
#3916=VERTEX_POINT('',#13773);
#3917=VERTEX_POINT('',#13774);
#3918=VERTEX_POINT('',#13776);
#3919=VERTEX_POINT('',#13778);
#3920=VERTEX_POINT('',#13784);
#3921=VERTEX_POINT('',#13790);
#3922=VERTEX_POINT('',#13796);
#3923=VERTEX_POINT('',#13802);
#3924=VERTEX_POINT('',#13804);
#3925=VERTEX_POINT('',#13810);
#3926=VERTEX_POINT('',#13816);
#3927=VERTEX_POINT('',#13822);
#3928=VERTEX_POINT('',#13824);
#3929=VERTEX_POINT('',#13828);
#3930=VERTEX_POINT('',#13830);
#3931=VERTEX_POINT('',#13834);
#3932=VERTEX_POINT('',#13837);
#3933=VERTEX_POINT('',#13838);
#3934=VERTEX_POINT('',#13840);
#3935=VERTEX_POINT('',#13842);
#3936=VERTEX_POINT('',#13845);
#3937=VERTEX_POINT('',#13846);
#3938=VERTEX_POINT('',#13848);
#3939=VERTEX_POINT('',#13850);
#3940=VERTEX_POINT('',#13853);
#3941=VERTEX_POINT('',#13854);
#3942=VERTEX_POINT('',#13862);
#3943=VERTEX_POINT('',#13870);
#3944=VERTEX_POINT('',#13878);
#3945=VERTEX_POINT('',#13886);
#3946=VERTEX_POINT('',#13894);
#3947=VERTEX_POINT('',#13902);
#3948=VERTEX_POINT('',#13910);
#3949=VERTEX_POINT('',#13918);
#3950=VERTEX_POINT('',#13926);
#3951=VERTEX_POINT('',#13934);
#3952=VERTEX_POINT('',#13942);
#3953=VERTEX_POINT('',#13950);
#3954=VERTEX_POINT('',#13958);
#3955=VERTEX_POINT('',#13966);
#3956=VERTEX_POINT('',#13968);
#3957=VERTEX_POINT('',#13976);
#3958=VERTEX_POINT('',#13984);
#3959=VERTEX_POINT('',#13992);
#3960=VERTEX_POINT('',#14000);
#3961=VERTEX_POINT('',#14008);
#3962=VERTEX_POINT('',#14016);
#3963=VERTEX_POINT('',#14024);
#3964=VERTEX_POINT('',#14032);
#3965=VERTEX_POINT('',#14040);
#3966=VERTEX_POINT('',#14048);
#3967=VERTEX_POINT('',#14056);
#3968=VERTEX_POINT('',#14064);
#3969=VERTEX_POINT('',#14072);
#3970=VERTEX_POINT('',#14080);
#3971=VERTEX_POINT('',#14088);
#3972=VERTEX_POINT('',#14096);
#3973=VERTEX_POINT('',#14104);
#3974=VERTEX_POINT('',#14112);
#3975=VERTEX_POINT('',#14121);
#3976=VERTEX_POINT('',#14122);
#3977=VERTEX_POINT('',#14124);
#3978=VERTEX_POINT('',#14126);
#3979=VERTEX_POINT('',#14128);
#3980=VERTEX_POINT('',#14130);
#3981=VERTEX_POINT('',#14132);
#3982=VERTEX_POINT('',#14134);
#3983=VERTEX_POINT('',#14136);
#3984=VERTEX_POINT('',#14138);
#3985=VERTEX_POINT('',#14140);
#3986=VERTEX_POINT('',#14142);
#3987=VERTEX_POINT('',#14145);
#3988=VERTEX_POINT('',#14146);
#3989=VERTEX_POINT('',#14148);
#3990=VERTEX_POINT('',#14150);
#3991=VERTEX_POINT('',#14153);
#3992=VERTEX_POINT('',#14154);
#3993=VERTEX_POINT('',#14156);
#3994=VERTEX_POINT('',#14158);
#3995=VERTEX_POINT('',#14161);
#3996=VERTEX_POINT('',#14162);
#3997=VERTEX_POINT('',#14164);
#3998=VERTEX_POINT('',#14166);
#3999=VERTEX_POINT('',#14168);
#4000=VERTEX_POINT('',#14170);
#4001=VERTEX_POINT('',#14178);
#4002=VERTEX_POINT('',#14186);
#4003=VERTEX_POINT('',#14188);
#4004=VERTEX_POINT('',#14190);
#4005=VERTEX_POINT('',#14192);
#4006=VERTEX_POINT('',#14195);
#4007=VERTEX_POINT('',#14196);
#4008=VERTEX_POINT('',#14204);
#4009=VERTEX_POINT('',#14212);
#4010=VERTEX_POINT('',#14220);
#4011=VERTEX_POINT('',#14228);
#4012=VERTEX_POINT('',#14236);
#4013=VERTEX_POINT('',#14244);
#4014=VERTEX_POINT('',#14252);
#4015=VERTEX_POINT('',#14260);
#4016=VERTEX_POINT('',#14268);
#4017=VERTEX_POINT('',#14270);
#4018=VERTEX_POINT('',#14273);
#4019=VERTEX_POINT('',#14274);
#4020=VERTEX_POINT('',#14282);
#4021=VERTEX_POINT('',#14290);
#4022=VERTEX_POINT('',#14298);
#4023=VERTEX_POINT('',#14306);
#4024=VERTEX_POINT('',#14314);
#4025=VERTEX_POINT('',#14322);
#4026=VERTEX_POINT('',#14330);
#4027=VERTEX_POINT('',#14338);
#4028=VERTEX_POINT('',#14346);
#4029=VERTEX_POINT('',#14348);
#4030=VERTEX_POINT('',#14356);
#4031=VERTEX_POINT('',#14364);
#4032=VERTEX_POINT('',#14372);
#4033=VERTEX_POINT('',#14380);
#4034=VERTEX_POINT('',#14388);
#4035=VERTEX_POINT('',#14396);
#4036=VERTEX_POINT('',#14404);
#4037=VERTEX_POINT('',#14412);
#4038=VERTEX_POINT('',#14420);
#4039=VERTEX_POINT('',#14428);
#4040=VERTEX_POINT('',#14438);
#4041=VERTEX_POINT('',#14440);
#4042=VERTEX_POINT('',#14444);
#4043=VERTEX_POINT('',#14448);
#4044=VERTEX_POINT('',#14454);
#4045=VERTEX_POINT('',#14527);
#4046=VERTEX_POINT('',#14528);
#4047=VERTEX_POINT('',#14530);
#4048=VERTEX_POINT('',#14532);
#4049=VERTEX_POINT('',#14539);
#4050=VERTEX_POINT('',#14544);
#4051=VERTEX_POINT('',#14551);
#4052=VERTEX_POINT('',#14556);
#4053=VERTEX_POINT('',#14566);
#4054=VERTEX_POINT('',#14571);
#4055=VERTEX_POINT('',#14594);
#4056=VERTEX_POINT('',#14596);
#4057=VERTEX_POINT('',#14615);
#4058=VERTEX_POINT('',#14625);
#4059=VERTEX_POINT('',#14626);
#4060=VERTEX_POINT('',#14628);
#4061=VERTEX_POINT('',#14643);
#4062=VERTEX_POINT('',#14651);
#4063=VERTEX_POINT('',#14659);
#4064=VERTEX_POINT('',#14667);
#4065=VERTEX_POINT('',#15971);
#4066=VERTEX_POINT('',#15977);
#4067=VERTEX_POINT('',#15979);
#4068=VERTEX_POINT('',#15983);
#4069=VERTEX_POINT('',#15985);
#4070=VERTEX_POINT('',#15989);
#4071=VERTEX_POINT('',#15991);
#4072=VERTEX_POINT('',#15995);
#4073=VERTEX_POINT('',#15997);
#4074=VERTEX_POINT('',#16001);
#4075=VERTEX_POINT('',#16003);
#4076=VERTEX_POINT('',#16007);
#4077=VERTEX_POINT('',#16009);
#4078=VERTEX_POINT('',#16013);
#4079=VERTEX_POINT('',#16015);
#4080=VERTEX_POINT('',#16023);
#4081=VERTEX_POINT('',#16025);
#4082=VERTEX_POINT('',#16027);
#4083=VERTEX_POINT('',#16029);
#4084=VERTEX_POINT('',#16031);
#4085=VERTEX_POINT('',#16033);
#4086=VERTEX_POINT('',#16035);
#4087=VERTEX_POINT('',#16037);
#4088=VERTEX_POINT('',#16039);
#4089=VERTEX_POINT('',#16049);
#4090=VERTEX_POINT('',#16051);
#4091=VERTEX_POINT('',#16055);
#4092=VERTEX_POINT('',#16059);
#4093=VERTEX_POINT('',#16063);
#4094=VERTEX_POINT('',#16067);
#4095=VERTEX_POINT('',#16071);
#4096=VERTEX_POINT('',#16075);
#4097=VERTEX_POINT('',#16079);
#4098=VERTEX_POINT('',#16083);
#4099=VERTEX_POINT('',#16087);
#4100=EDGE_CURVE('',#3300,#3301,#3266,.T.);
#4101=EDGE_CURVE('',#3301,#3302,#1752,.T.);
#4102=EDGE_CURVE('',#3302,#3303,#1746,.T.);
#4103=EDGE_CURVE('',#3303,#3300,#1753,.T.);
#4104=EDGE_CURVE('',#3304,#3300,#1754,.T.);
#4105=EDGE_CURVE('',#3303,#3305,#1755,.T.);
#4106=EDGE_CURVE('',#3306,#3305,#1756,.T.);
#4107=EDGE_CURVE('',#3306,#3307,#1757,.T.);
#4108=EDGE_CURVE('',#3307,#3304,#1758,.T.);
#4109=EDGE_CURVE('',#3308,#3309,#1759,.T.);
#4110=EDGE_CURVE('',#3309,#3310,#1760,.T.);
#4111=EDGE_CURVE('',#3310,#3304,#1761,.T.);
#4112=EDGE_CURVE('',#3311,#3307,#1762,.T.);
#4113=EDGE_CURVE('',#3312,#3311,#1763,.T.);
#4114=EDGE_CURVE('',#3313,#3312,#1764,.T.);
#4115=EDGE_CURVE('',#3314,#3313,#1765,.T.);
#4116=EDGE_CURVE('',#3315,#3314,#1766,.T.);
#4117=EDGE_CURVE('',#3316,#3315,#3267,.T.);
#4118=EDGE_CURVE('',#3317,#3316,#1767,.T.);
#4119=EDGE_CURVE('',#3318,#3317,#1768,.T.);
#4120=EDGE_CURVE('',#3319,#3318,#1769,.T.);
#4121=EDGE_CURVE('',#3320,#3319,#3268,.T.);
#4122=EDGE_CURVE('',#3321,#3320,#1770,.T.);
#4123=EDGE_CURVE('',#3322,#3321,#1771,.T.);
#4124=EDGE_CURVE('',#3323,#3322,#1772,.T.);
#4125=EDGE_CURVE('',#3324,#3323,#1773,.T.);
#4126=EDGE_CURVE('',#3325,#3324,#1774,.T.);
#4127=EDGE_CURVE('',#3308,#3325,#1775,.T.);
#4128=EDGE_CURVE('',#3326,#3327,#266,.T.);
#4129=EDGE_CURVE('',#3328,#3326,#267,.T.);
#4130=EDGE_CURVE('',#3329,#3328,#268,.T.);
#4131=EDGE_CURVE('',#3330,#3329,#269,.T.);
#4132=EDGE_CURVE('',#3331,#3330,#270,.T.);
#4133=EDGE_CURVE('',#3332,#3331,#271,.T.);
#4134=EDGE_CURVE('',#3333,#3332,#272,.T.);
#4135=EDGE_CURVE('',#3334,#3333,#273,.T.);
#4136=EDGE_CURVE('',#3335,#3334,#1776,.T.);
#4137=EDGE_CURVE('',#3336,#3335,#274,.T.);
#4138=EDGE_CURVE('',#3337,#3336,#275,.T.);
#4139=EDGE_CURVE('',#3338,#3337,#276,.T.);
#4140=EDGE_CURVE('',#3339,#3338,#277,.T.);
#4141=EDGE_CURVE('',#3340,#3339,#278,.T.);
#4142=EDGE_CURVE('',#3341,#3340,#1777,.T.);
#4143=EDGE_CURVE('',#3342,#3341,#1778,.T.);
#4144=EDGE_CURVE('',#3343,#3342,#279,.T.);
#4145=EDGE_CURVE('',#3344,#3343,#280,.T.);
#4146=EDGE_CURVE('',#3345,#3344,#281,.T.);
#4147=EDGE_CURVE('',#3346,#3345,#282,.T.);
#4148=EDGE_CURVE('',#3327,#3346,#1779,.T.);
#4149=EDGE_CURVE('',#3347,#3348,#1780,.T.);
#4150=EDGE_CURVE('',#3349,#3347,#283,.T.);
#4151=EDGE_CURVE('',#3350,#3349,#284,.T.);
#4152=EDGE_CURVE('',#3351,#3350,#285,.T.);
#4153=EDGE_CURVE('',#3352,#3351,#286,.T.);
#4154=EDGE_CURVE('',#3353,#3352,#1781,.T.);
#4155=EDGE_CURVE('',#3354,#3353,#1782,.T.);
#4156=EDGE_CURVE('',#3355,#3354,#1783,.T.);
#4157=EDGE_CURVE('',#3356,#3355,#1784,.T.);
#4158=EDGE_CURVE('',#3357,#3356,#287,.T.);
#4159=EDGE_CURVE('',#3358,#3357,#288,.T.);
#4160=EDGE_CURVE('',#3359,#3358,#289,.T.);
#4161=EDGE_CURVE('',#3348,#3359,#290,.T.);
#4162=EDGE_CURVE('',#3360,#3361,#291,.T.);
#4163=EDGE_CURVE('',#3362,#3360,#292,.T.);
#4164=EDGE_CURVE('',#3363,#3362,#293,.T.);
#4165=EDGE_CURVE('',#3364,#3363,#294,.T.);
#4166=EDGE_CURVE('',#3365,#3364,#295,.T.);
#4167=EDGE_CURVE('',#3366,#3365,#296,.T.);
#4168=EDGE_CURVE('',#3367,#3366,#297,.T.);
#4169=EDGE_CURVE('',#3368,#3367,#298,.T.);
#4170=EDGE_CURVE('',#3369,#3368,#299,.T.);
#4171=EDGE_CURVE('',#3370,#3369,#300,.T.);
#4172=EDGE_CURVE('',#3371,#3370,#301,.T.);
#4173=EDGE_CURVE('',#3372,#3371,#302,.T.);
#4174=EDGE_CURVE('',#3373,#3372,#303,.T.);
#4175=EDGE_CURVE('',#3374,#3373,#304,.T.);
#4176=EDGE_CURVE('',#3375,#3374,#1785,.T.);
#4177=EDGE_CURVE('',#3376,#3375,#305,.T.);
#4178=EDGE_CURVE('',#3377,#3376,#306,.T.);
#4179=EDGE_CURVE('',#3378,#3377,#307,.T.);
#4180=EDGE_CURVE('',#3379,#3378,#308,.T.);
#4181=EDGE_CURVE('',#3380,#3379,#309,.T.);
#4182=EDGE_CURVE('',#3381,#3380,#310,.T.);
#4183=EDGE_CURVE('',#3382,#3381,#311,.T.);
#4184=EDGE_CURVE('',#3383,#3382,#312,.T.);
#4185=EDGE_CURVE('',#3384,#3383,#313,.T.);
#4186=EDGE_CURVE('',#3385,#3384,#314,.T.);
#4187=EDGE_CURVE('',#3386,#3385,#315,.T.);
#4188=EDGE_CURVE('',#3387,#3386,#316,.T.);
#4189=EDGE_CURVE('',#3388,#3387,#317,.T.);
#4190=EDGE_CURVE('',#3389,#3388,#318,.T.);
#4191=EDGE_CURVE('',#3390,#3389,#319,.T.);
#4192=EDGE_CURVE('',#3391,#3390,#320,.T.);
#4193=EDGE_CURVE('',#3392,#3391,#321,.T.);
#4194=EDGE_CURVE('',#3393,#3392,#322,.T.);
#4195=EDGE_CURVE('',#3394,#3393,#1786,.T.);
#4196=EDGE_CURVE('',#3361,#3394,#323,.T.);
#4197=EDGE_CURVE('',#3395,#3396,#1787,.T.);
#4198=EDGE_CURVE('',#3397,#3395,#1788,.T.);
#4199=EDGE_CURVE('',#3398,#3397,#324,.T.);
#4200=EDGE_CURVE('',#3399,#3398,#325,.T.);
#4201=EDGE_CURVE('',#3400,#3399,#1789,.T.);
#4202=EDGE_CURVE('',#3401,#3400,#1790,.T.);
#4203=EDGE_CURVE('',#3402,#3401,#1791,.T.);
#4204=EDGE_CURVE('',#3403,#3402,#1792,.T.);
#4205=EDGE_CURVE('',#3396,#3403,#1793,.T.);
#4206=EDGE_CURVE('',#3404,#3405,#1794,.T.);
#4207=EDGE_CURVE('',#3406,#3404,#326,.T.);
#4208=EDGE_CURVE('',#3407,#3406,#327,.T.);
#4209=EDGE_CURVE('',#3408,#3407,#328,.T.);
#4210=EDGE_CURVE('',#3409,#3408,#329,.T.);
#4211=EDGE_CURVE('',#3410,#3409,#330,.T.);
#4212=EDGE_CURVE('',#3411,#3410,#1795,.T.);
#4213=EDGE_CURVE('',#3412,#3411,#1796,.T.);
#4214=EDGE_CURVE('',#3413,#3412,#1797,.T.);
#4215=EDGE_CURVE('',#3414,#3413,#1798,.T.);
#4216=EDGE_CURVE('',#3415,#3414,#331,.T.);
#4217=EDGE_CURVE('',#3416,#3415,#332,.T.);
#4218=EDGE_CURVE('',#3417,#3416,#333,.T.);
#4219=EDGE_CURVE('',#3405,#3417,#334,.T.);
#4220=EDGE_CURVE('',#3418,#3419,#1799,.T.);
#4221=EDGE_CURVE('',#3420,#3418,#335,.T.);
#4222=EDGE_CURVE('',#3421,#3420,#336,.T.);
#4223=EDGE_CURVE('',#3422,#3421,#337,.T.);
#4224=EDGE_CURVE('',#3423,#3422,#338,.T.);
#4225=EDGE_CURVE('',#3424,#3423,#1800,.T.);
#4226=EDGE_CURVE('',#3425,#3424,#339,.T.);
#4227=EDGE_CURVE('',#3426,#3425,#340,.T.);
#4228=EDGE_CURVE('',#3427,#3426,#341,.T.);
#4229=EDGE_CURVE('',#3428,#3427,#1801,.T.);
#4230=EDGE_CURVE('',#3429,#3428,#1802,.T.);
#4231=EDGE_CURVE('',#3430,#3429,#1803,.T.);
#4232=EDGE_CURVE('',#3419,#3430,#1804,.T.);
#4233=EDGE_CURVE('',#3431,#3432,#1805,.T.);
#4234=EDGE_CURVE('',#3433,#3431,#1806,.T.);
#4235=EDGE_CURVE('',#3434,#3433,#1807,.T.);
#4236=EDGE_CURVE('',#3432,#3434,#1808,.T.);
#4237=EDGE_CURVE('',#3435,#3436,#1809,.T.);
#4238=EDGE_CURVE('',#3437,#3435,#342,.T.);
#4239=EDGE_CURVE('',#3438,#3437,#343,.T.);
#4240=EDGE_CURVE('',#3439,#3438,#344,.T.);
#4241=EDGE_CURVE('',#3440,#3439,#345,.T.);
#4242=EDGE_CURVE('',#3441,#3440,#346,.T.);
#4243=EDGE_CURVE('',#3442,#3441,#1810,.T.);
#4244=EDGE_CURVE('',#3443,#3442,#1811,.T.);
#4245=EDGE_CURVE('',#3444,#3443,#1812,.T.);
#4246=EDGE_CURVE('',#3445,#3444,#347,.T.);
#4247=EDGE_CURVE('',#3446,#3445,#348,.T.);
#4248=EDGE_CURVE('',#3447,#3446,#349,.T.);
#4249=EDGE_CURVE('',#3448,#3447,#350,.T.);
#4250=EDGE_CURVE('',#3449,#3448,#351,.T.);
#4251=EDGE_CURVE('',#3450,#3449,#1813,.T.);
#4252=EDGE_CURVE('',#3451,#3450,#1814,.T.);
#4253=EDGE_CURVE('',#3452,#3451,#1815,.T.);
#4254=EDGE_CURVE('',#3436,#3452,#1816,.T.);
#4255=EDGE_CURVE('',#3453,#3454,#1817,.T.);
#4256=EDGE_CURVE('',#3455,#3453,#1818,.T.);
#4257=EDGE_CURVE('',#3456,#3455,#1819,.T.);
#4258=EDGE_CURVE('',#3454,#3456,#1820,.T.);
#4259=EDGE_CURVE('',#3457,#3458,#1821,.T.);
#4260=EDGE_CURVE('',#3459,#3457,#1822,.T.);
#4261=EDGE_CURVE('',#3460,#3459,#1823,.T.);
#4262=EDGE_CURVE('',#3458,#3460,#1824,.T.);
#4263=EDGE_CURVE('',#3461,#3462,#1825,.T.);
#4264=EDGE_CURVE('',#3463,#3461,#352,.T.);
#4265=EDGE_CURVE('',#3464,#3463,#353,.T.);
#4266=EDGE_CURVE('',#3465,#3464,#354,.T.);
#4267=EDGE_CURVE('',#3466,#3465,#355,.T.);
#4268=EDGE_CURVE('',#3467,#3466,#356,.T.);
#4269=EDGE_CURVE('',#3468,#3467,#1826,.T.);
#4270=EDGE_CURVE('',#3469,#3468,#1827,.T.);
#4271=EDGE_CURVE('',#3470,#3469,#1828,.T.);
#4272=EDGE_CURVE('',#3471,#3470,#357,.T.);
#4273=EDGE_CURVE('',#3472,#3471,#358,.T.);
#4274=EDGE_CURVE('',#3473,#3472,#359,.T.);
#4275=EDGE_CURVE('',#3474,#3473,#360,.T.);
#4276=EDGE_CURVE('',#3475,#3474,#1829,.T.);
#4277=EDGE_CURVE('',#3476,#3475,#1830,.T.);
#4278=EDGE_CURVE('',#3477,#3476,#1831,.T.);
#4279=EDGE_CURVE('',#3462,#3477,#1832,.T.);
#4280=EDGE_CURVE('',#3478,#3479,#1833,.T.);
#4281=EDGE_CURVE('',#3480,#3478,#1834,.T.);
#4282=EDGE_CURVE('',#3481,#3480,#1835,.T.);
#4283=EDGE_CURVE('',#3479,#3481,#1836,.T.);
#4284=EDGE_CURVE('',#3482,#3483,#1837,.T.);
#4285=EDGE_CURVE('',#3484,#3482,#361,.T.);
#4286=EDGE_CURVE('',#3485,#3484,#362,.T.);
#4287=EDGE_CURVE('',#3486,#3485,#363,.T.);
#4288=EDGE_CURVE('',#3487,#3486,#364,.T.);
#4289=EDGE_CURVE('',#3488,#3487,#1838,.T.);
#4290=EDGE_CURVE('',#3489,#3488,#365,.T.);
#4291=EDGE_CURVE('',#3490,#3489,#366,.T.);
#4292=EDGE_CURVE('',#3491,#3490,#367,.T.);
#4293=EDGE_CURVE('',#3483,#3491,#368,.T.);
#4294=EDGE_CURVE('',#3492,#3493,#1839,.T.);
#4295=EDGE_CURVE('',#3494,#3492,#1840,.T.);
#4296=EDGE_CURVE('',#3495,#3494,#1841,.T.);
#4297=EDGE_CURVE('',#3496,#3495,#1842,.T.);
#4298=EDGE_CURVE('',#3497,#3496,#1843,.T.);
#4299=EDGE_CURVE('',#3498,#3497,#1844,.T.);
#4300=EDGE_CURVE('',#3499,#3498,#1845,.T.);
#4301=EDGE_CURVE('',#3500,#3499,#1846,.T.);
#4302=EDGE_CURVE('',#3501,#3500,#1847,.T.);
#4303=EDGE_CURVE('',#3502,#3501,#369,.T.);
#4304=EDGE_CURVE('',#3503,#3502,#370,.T.);
#4305=EDGE_CURVE('',#3504,#3503,#1848,.T.);
#4306=EDGE_CURVE('',#3505,#3504,#1849,.T.);
#4307=EDGE_CURVE('',#3506,#3505,#1850,.T.);
#4308=EDGE_CURVE('',#3493,#3506,#1851,.T.);
#4309=EDGE_CURVE('',#3507,#3508,#1852,.T.);
#4310=EDGE_CURVE('',#3509,#3507,#1853,.T.);
#4311=EDGE_CURVE('',#3510,#3509,#1854,.T.);
#4312=EDGE_CURVE('',#3511,#3510,#1855,.T.);
#4313=EDGE_CURVE('',#3512,#3511,#1856,.T.);
#4314=EDGE_CURVE('',#3508,#3512,#1857,.T.);
#4315=EDGE_CURVE('',#3513,#3514,#1858,.T.);
#4316=EDGE_CURVE('',#3515,#3513,#1859,.T.);
#4317=EDGE_CURVE('',#3516,#3515,#1860,.T.);
#4318=EDGE_CURVE('',#3517,#3516,#1861,.T.);
#4319=EDGE_CURVE('',#3518,#3517,#1862,.T.);
#4320=EDGE_CURVE('',#3519,#3518,#1863,.T.);
#4321=EDGE_CURVE('',#3520,#3519,#1864,.T.);
#4322=EDGE_CURVE('',#3514,#3520,#1865,.T.);
#4323=EDGE_CURVE('',#3521,#3522,#371,.T.);
#4324=EDGE_CURVE('',#3523,#3521,#372,.T.);
#4325=EDGE_CURVE('',#3524,#3523,#373,.T.);
#4326=EDGE_CURVE('',#3525,#3524,#374,.T.);
#4327=EDGE_CURVE('',#3526,#3525,#375,.T.);
#4328=EDGE_CURVE('',#3527,#3526,#1866,.T.);
#4329=EDGE_CURVE('',#3528,#3527,#376,.T.);
#4330=EDGE_CURVE('',#3529,#3528,#377,.T.);
#4331=EDGE_CURVE('',#3530,#3529,#378,.T.);
#4332=EDGE_CURVE('',#3531,#3530,#379,.T.);
#4333=EDGE_CURVE('',#3522,#3531,#1867,.T.);
#4334=EDGE_CURVE('',#3532,#3533,#1868,.T.);
#4335=EDGE_CURVE('',#3534,#3532,#1869,.T.);
#4336=EDGE_CURVE('',#3535,#3534,#1870,.T.);
#4337=EDGE_CURVE('',#3536,#3535,#1871,.T.);
#4338=EDGE_CURVE('',#3537,#3536,#380,.T.);
#4339=EDGE_CURVE('',#3538,#3537,#381,.T.);
#4340=EDGE_CURVE('',#3539,#3538,#382,.T.);
#4341=EDGE_CURVE('',#3540,#3539,#1872,.T.);
#4342=EDGE_CURVE('',#3541,#3540,#383,.T.);
#4343=EDGE_CURVE('',#3542,#3541,#384,.T.);
#4344=EDGE_CURVE('',#3543,#3542,#385,.T.);
#4345=EDGE_CURVE('',#3533,#3543,#386,.T.);
#4346=EDGE_CURVE('',#3544,#3309,#1873,.T.);
#4347=EDGE_CURVE('',#3545,#3544,#1874,.T.);
#4348=EDGE_CURVE('',#3545,#3310,#1875,.T.);
#4349=EDGE_CURVE('',#3301,#3545,#1876,.T.);
#4350=EDGE_CURVE('',#3546,#3308,#1877,.T.);
#4351=EDGE_CURVE('',#3547,#3546,#3269,.T.);
#4352=EDGE_CURVE('',#3544,#3547,#1878,.T.);
#4353=EDGE_CURVE('',#3548,#3547,#1879,.T.);
#4354=EDGE_CURVE('',#3549,#3548,#1880,.T.);
#4355=EDGE_CURVE('',#3550,#3549,#1881,.T.);
#4356=EDGE_CURVE('',#3551,#3550,#3270,.T.);
#4357=EDGE_CURVE('',#3552,#3551,#1882,.T.);
#4358=EDGE_CURVE('',#3553,#3552,#3271,.T.);
#4359=EDGE_CURVE('',#3554,#3553,#1883,.T.);
#4360=EDGE_CURVE('',#3555,#3554,#1884,.T.);
#4361=EDGE_CURVE('',#3556,#3555,#1885,.T.);
#4362=EDGE_CURVE('',#3557,#3556,#3272,.T.);
#4363=EDGE_CURVE('',#3558,#3557,#1886,.T.);
#4364=EDGE_CURVE('',#3559,#3558,#3273,.T.);
#4365=EDGE_CURVE('',#3560,#3559,#1887,.T.);
#4366=EDGE_CURVE('',#3302,#3560,#1888,.T.);
#4367=EDGE_CURVE('',#3561,#3562,#1889,.F.);
#4368=EDGE_CURVE('',#3561,#3563,#1890,.T.);
#4369=EDGE_CURVE('',#3563,#3564,#1891,.T.);
#4370=EDGE_CURVE('',#3564,#3565,#1892,.T.);
#4371=EDGE_CURVE('',#3565,#3566,#387,.T.);
#4372=EDGE_CURVE('',#3566,#3567,#388,.T.);
#4373=EDGE_CURVE('',#3567,#3568,#389,.T.);
#4374=EDGE_CURVE('',#3568,#3569,#390,.T.);
#4375=EDGE_CURVE('',#3569,#3570,#391,.F.);
#4376=EDGE_CURVE('',#3571,#3570,#1893,.F.);
#4377=EDGE_CURVE('',#3571,#3572,#392,.T.);
#4378=EDGE_CURVE('',#3572,#3573,#393,.T.);
#4379=EDGE_CURVE('',#3573,#3574,#394,.T.);
#4380=EDGE_CURVE('',#3574,#3562,#395,.T.);
#4381=EDGE_CURVE('',#3575,#3576,#396,.F.);
#4382=EDGE_CURVE('',#3576,#3577,#397,.T.);
#4383=EDGE_CURVE('',#3577,#3578,#398,.T.);
#4384=EDGE_CURVE('',#3578,#3579,#399,.T.);
#4385=EDGE_CURVE('',#3579,#3580,#1894,.T.);
#4386=EDGE_CURVE('',#3580,#3581,#1895,.T.);
#4387=EDGE_CURVE('',#3581,#3582,#1896,.T.);
#4388=EDGE_CURVE('',#3583,#3582,#1897,.T.);
#4389=EDGE_CURVE('',#3583,#3584,#400,.F.);
#4390=EDGE_CURVE('',#3584,#3585,#401,.T.);
#4391=EDGE_CURVE('',#3585,#3586,#402,.T.);
#4392=EDGE_CURVE('',#3586,#3587,#403,.F.);
#4393=EDGE_CURVE('',#3575,#3587,#1898,.T.);
#4394=EDGE_CURVE('',#3588,#3589,#1899,.T.);
#4395=EDGE_CURVE('',#3588,#3590,#404,.F.);
#4396=EDGE_CURVE('',#3590,#3591,#405,.T.);
#4397=EDGE_CURVE('',#3591,#3592,#406,.T.);
#4398=EDGE_CURVE('',#3592,#3593,#407,.F.);
#4399=EDGE_CURVE('',#3594,#3593,#1900,.T.);
#4400=EDGE_CURVE('',#3594,#3595,#1901,.T.);
#4401=EDGE_CURVE('',#3595,#3596,#408,.T.);
#4402=EDGE_CURVE('',#3596,#3597,#409,.T.);
#4403=EDGE_CURVE('',#3597,#3598,#410,.T.);
#4404=EDGE_CURVE('',#3598,#3599,#411,.T.);
#4405=EDGE_CURVE('',#3599,#3600,#412,.T.);
#4406=EDGE_CURVE('',#3600,#3601,#1902,.T.);
#4407=EDGE_CURVE('',#3601,#3602,#413,.T.);
#4408=EDGE_CURVE('',#3602,#3603,#414,.T.);
#4409=EDGE_CURVE('',#3603,#3604,#415,.T.);
#4410=EDGE_CURVE('',#3604,#3605,#416,.T.);
#4411=EDGE_CURVE('',#3605,#3606,#417,.T.);
#4412=EDGE_CURVE('',#3606,#3607,#418,.T.);
#4413=EDGE_CURVE('',#3607,#3608,#419,.T.);
#4414=EDGE_CURVE('',#3608,#3589,#420,.F.);
#4415=EDGE_CURVE('',#3609,#3610,#421,.F.);
#4416=EDGE_CURVE('',#3610,#3611,#422,.T.);
#4417=EDGE_CURVE('',#3611,#3612,#423,.T.);
#4418=EDGE_CURVE('',#3612,#3613,#424,.F.);
#4419=EDGE_CURVE('',#3614,#3613,#1903,.T.);
#4420=EDGE_CURVE('',#3614,#3615,#425,.F.);
#4421=EDGE_CURVE('',#3615,#3616,#426,.T.);
#4422=EDGE_CURVE('',#3616,#3617,#427,.T.);
#4423=EDGE_CURVE('',#3617,#3618,#428,.F.);
#4424=EDGE_CURVE('',#3609,#3618,#1904,.T.);
#4425=EDGE_CURVE('',#3619,#3620,#1905,.T.);
#4426=EDGE_CURVE('',#3620,#3621,#1906,.T.);
#4427=EDGE_CURVE('',#3621,#3622,#1907,.T.);
#4428=EDGE_CURVE('',#3623,#3622,#1908,.T.);
#4429=EDGE_CURVE('',#3623,#3624,#1909,.T.);
#4430=EDGE_CURVE('',#3624,#3625,#429,.T.);
#4431=EDGE_CURVE('',#3625,#3626,#430,.T.);
#4432=EDGE_CURVE('',#3626,#3627,#1910,.T.);
#4433=EDGE_CURVE('',#3619,#3627,#1911,.T.);
#4434=EDGE_CURVE('',#3628,#3629,#1912,.T.);
#4435=EDGE_CURVE('',#3629,#3630,#1913,.T.);
#4436=EDGE_CURVE('',#3630,#3631,#1914,.T.);
#4437=EDGE_CURVE('',#3631,#3632,#1915,.T.);
#4438=EDGE_CURVE('',#3632,#3633,#1916,.T.);
#4439=EDGE_CURVE('',#3633,#3628,#1917,.T.);
#4440=EDGE_CURVE('',#3634,#3635,#1918,.T.);
#4441=EDGE_CURVE('',#3635,#3636,#1919,.T.);
#4442=EDGE_CURVE('',#3636,#3637,#1920,.T.);
#4443=EDGE_CURVE('',#3637,#3638,#1921,.T.);
#4444=EDGE_CURVE('',#3638,#3639,#1922,.T.);
#4445=EDGE_CURVE('',#3639,#3640,#431,.T.);
#4446=EDGE_CURVE('',#3640,#3641,#432,.T.);
#4447=EDGE_CURVE('',#3641,#3642,#1923,.T.);
#4448=EDGE_CURVE('',#3642,#3643,#1924,.T.);
#4449=EDGE_CURVE('',#3643,#3644,#1925,.T.);
#4450=EDGE_CURVE('',#3644,#3645,#1926,.T.);
#4451=EDGE_CURVE('',#3645,#3646,#1927,.T.);
#4452=EDGE_CURVE('',#3646,#3647,#1928,.T.);
#4453=EDGE_CURVE('',#3647,#3648,#1929,.T.);
#4454=EDGE_CURVE('',#3648,#3634,#1930,.T.);
#4455=EDGE_CURVE('',#3649,#3650,#1931,.T.);
#4456=EDGE_CURVE('',#3649,#3651,#433,.F.);
#4457=EDGE_CURVE('',#3651,#3652,#434,.T.);
#4458=EDGE_CURVE('',#3652,#3653,#435,.T.);
#4459=EDGE_CURVE('',#3653,#3654,#436,.F.);
#4460=EDGE_CURVE('',#3655,#3654,#1932,.T.);
#4461=EDGE_CURVE('',#3655,#3656,#437,.F.);
#4462=EDGE_CURVE('',#3656,#3657,#438,.T.);
#4463=EDGE_CURVE('',#3657,#3658,#439,.T.);
#4464=EDGE_CURVE('',#3658,#3659,#440,.T.);
#4465=EDGE_CURVE('',#3659,#3650,#441,.F.);
#4466=EDGE_CURVE('',#3660,#3661,#1933,.T.);
#4467=EDGE_CURVE('',#3661,#3662,#1934,.T.);
#4468=EDGE_CURVE('',#3662,#3663,#1935,.T.);
#4469=EDGE_CURVE('',#3663,#3660,#1936,.T.);
#4470=EDGE_CURVE('',#3664,#3665,#1937,.T.);
#4471=EDGE_CURVE('',#3665,#3666,#1938,.T.);
#4472=EDGE_CURVE('',#3666,#3667,#1939,.T.);
#4473=EDGE_CURVE('',#3667,#3668,#1940,.T.);
#4474=EDGE_CURVE('',#3668,#3669,#1941,.T.);
#4475=EDGE_CURVE('',#3669,#3670,#442,.T.);
#4476=EDGE_CURVE('',#3670,#3671,#443,.T.);
#4477=EDGE_CURVE('',#3671,#3672,#444,.T.);
#4478=EDGE_CURVE('',#3672,#3673,#445,.T.);
#4479=EDGE_CURVE('',#3673,#3674,#1942,.T.);
#4480=EDGE_CURVE('',#3674,#3675,#1943,.T.);
#4481=EDGE_CURVE('',#3675,#3676,#1944,.T.);
#4482=EDGE_CURVE('',#3676,#3677,#446,.T.);
#4483=EDGE_CURVE('',#3677,#3678,#447,.T.);
#4484=EDGE_CURVE('',#3678,#3679,#448,.T.);
#4485=EDGE_CURVE('',#3679,#3680,#449,.T.);
#4486=EDGE_CURVE('',#3680,#3664,#450,.T.);
#4487=EDGE_CURVE('',#3681,#3682,#1945,.T.);
#4488=EDGE_CURVE('',#3682,#3683,#1946,.T.);
#4489=EDGE_CURVE('',#3683,#3684,#1947,.T.);
#4490=EDGE_CURVE('',#3684,#3681,#1948,.T.);
#4491=EDGE_CURVE('',#3685,#3686,#1949,.T.);
#4492=EDGE_CURVE('',#3686,#3687,#1950,.T.);
#4493=EDGE_CURVE('',#3687,#3688,#1951,.T.);
#4494=EDGE_CURVE('',#3688,#3685,#1952,.T.);
#4495=EDGE_CURVE('',#3689,#3690,#1953,.T.);
#4496=EDGE_CURVE('',#3690,#3691,#1954,.T.);
#4497=EDGE_CURVE('',#3691,#3692,#1955,.T.);
#4498=EDGE_CURVE('',#3692,#3693,#1956,.T.);
#4499=EDGE_CURVE('',#3693,#3694,#1957,.T.);
#4500=EDGE_CURVE('',#3694,#3695,#451,.T.);
#4501=EDGE_CURVE('',#3695,#3696,#452,.T.);
#4502=EDGE_CURVE('',#3696,#3697,#453,.T.);
#4503=EDGE_CURVE('',#3697,#3698,#454,.T.);
#4504=EDGE_CURVE('',#3698,#3699,#455,.T.);
#4505=EDGE_CURVE('',#3699,#3700,#1958,.T.);
#4506=EDGE_CURVE('',#3700,#3701,#1959,.T.);
#4507=EDGE_CURVE('',#3701,#3702,#1960,.T.);
#4508=EDGE_CURVE('',#3702,#3703,#456,.T.);
#4509=EDGE_CURVE('',#3703,#3704,#457,.T.);
#4510=EDGE_CURVE('',#3704,#3705,#458,.T.);
#4511=EDGE_CURVE('',#3705,#3706,#459,.T.);
#4512=EDGE_CURVE('',#3706,#3689,#460,.T.);
#4513=EDGE_CURVE('',#3707,#3708,#1961,.T.);
#4514=EDGE_CURVE('',#3708,#3709,#1962,.T.);
#4515=EDGE_CURVE('',#3709,#3710,#1963,.T.);
#4516=EDGE_CURVE('',#3710,#3707,#1964,.T.);
#4517=EDGE_CURVE('',#3711,#3712,#1965,.T.);
#4518=EDGE_CURVE('',#3712,#3713,#1966,.T.);
#4519=EDGE_CURVE('',#3713,#3714,#1967,.T.);
#4520=EDGE_CURVE('',#3714,#3715,#1968,.T.);
#4521=EDGE_CURVE('',#3715,#3716,#1969,.T.);
#4522=EDGE_CURVE('',#3716,#3717,#461,.T.);
#4523=EDGE_CURVE('',#3717,#3718,#462,.T.);
#4524=EDGE_CURVE('',#3718,#3719,#463,.T.);
#4525=EDGE_CURVE('',#3719,#3720,#1970,.T.);
#4526=EDGE_CURVE('',#3720,#3721,#464,.T.);
#4527=EDGE_CURVE('',#3721,#3722,#465,.T.);
#4528=EDGE_CURVE('',#3722,#3723,#466,.T.);
#4529=EDGE_CURVE('',#3723,#3711,#467,.T.);
#4530=EDGE_CURVE('',#3724,#3725,#1971,.T.);
#4531=EDGE_CURVE('',#3724,#3726,#1972,.T.);
#4532=EDGE_CURVE('',#3726,#3727,#1973,.T.);
#4533=EDGE_CURVE('',#3727,#3728,#1974,.T.);
#4534=EDGE_CURVE('',#3728,#3729,#1975,.T.);
#4535=EDGE_CURVE('',#3729,#3730,#1976,.T.);
#4536=EDGE_CURVE('',#3730,#3731,#1977,.T.);
#4537=EDGE_CURVE('',#3731,#3725,#1978,.T.);
#4538=EDGE_CURVE('',#3732,#3733,#468,.T.);
#4539=EDGE_CURVE('',#3733,#3734,#469,.T.);
#4540=EDGE_CURVE('',#3734,#3735,#1979,.T.);
#4541=EDGE_CURVE('',#3735,#3736,#470,.T.);
#4542=EDGE_CURVE('',#3736,#3737,#471,.T.);
#4543=EDGE_CURVE('',#3737,#3738,#472,.T.);
#4544=EDGE_CURVE('',#3738,#3739,#473,.T.);
#4545=EDGE_CURVE('',#3739,#3740,#474,.T.);
#4546=EDGE_CURVE('',#3740,#3741,#475,.T.);
#4547=EDGE_CURVE('',#3741,#3742,#476,.T.);
#4548=EDGE_CURVE('',#3742,#3743,#477,.T.);
#4549=EDGE_CURVE('',#3743,#3744,#478,.T.);
#4550=EDGE_CURVE('',#3744,#3745,#479,.T.);
#4551=EDGE_CURVE('',#3745,#3746,#480,.T.);
#4552=EDGE_CURVE('',#3746,#3747,#481,.T.);
#4553=EDGE_CURVE('',#3747,#3748,#482,.T.);
#4554=EDGE_CURVE('',#3748,#3749,#483,.T.);
#4555=EDGE_CURVE('',#3749,#3750,#484,.T.);
#4556=EDGE_CURVE('',#3750,#3751,#485,.T.);
#4557=EDGE_CURVE('',#3751,#3752,#486,.T.);
#4558=EDGE_CURVE('',#3752,#3753,#487,.T.);
#4559=EDGE_CURVE('',#3753,#3754,#1980,.T.);
#4560=EDGE_CURVE('',#3754,#3755,#488,.T.);
#4561=EDGE_CURVE('',#3755,#3756,#489,.T.);
#4562=EDGE_CURVE('',#3756,#3757,#490,.T.);
#4563=EDGE_CURVE('',#3757,#3758,#491,.T.);
#4564=EDGE_CURVE('',#3758,#3759,#492,.T.);
#4565=EDGE_CURVE('',#3759,#3760,#493,.T.);
#4566=EDGE_CURVE('',#3760,#3761,#494,.T.);
#4567=EDGE_CURVE('',#3761,#3762,#495,.T.);
#4568=EDGE_CURVE('',#3762,#3763,#496,.T.);
#4569=EDGE_CURVE('',#3763,#3764,#497,.T.);
#4570=EDGE_CURVE('',#3764,#3765,#498,.T.);
#4571=EDGE_CURVE('',#3765,#3766,#499,.T.);
#4572=EDGE_CURVE('',#3766,#3732,#500,.T.);
#4573=EDGE_CURVE('',#3767,#3768,#1981,.F.);
#4574=EDGE_CURVE('',#3767,#3769,#501,.F.);
#4575=EDGE_CURVE('',#3769,#3770,#502,.T.);
#4576=EDGE_CURVE('',#3770,#3771,#503,.T.);
#4577=EDGE_CURVE('',#3771,#3772,#1982,.T.);
#4578=EDGE_CURVE('',#3772,#3773,#1983,.T.);
#4579=EDGE_CURVE('',#3773,#3774,#1984,.T.);
#4580=EDGE_CURVE('',#3775,#3774,#1985,.F.);
#4581=EDGE_CURVE('',#3775,#3776,#504,.T.);
#4582=EDGE_CURVE('',#3776,#3777,#505,.T.);
#4583=EDGE_CURVE('',#3777,#3778,#506,.T.);
#4584=EDGE_CURVE('',#3778,#3768,#507,.T.);
#4585=EDGE_CURVE('',#3598,#3337,#1986,.T.);
#4586=EDGE_CURVE('',#3597,#3338,#1987,.T.);
#4587=EDGE_CURVE('',#3599,#3336,#1988,.T.);
#4588=EDGE_CURVE('',#3600,#3335,#1989,.T.);
#4589=EDGE_CURVE('',#3601,#3334,#1990,.T.);
#4590=EDGE_CURVE('',#3602,#3333,#1991,.T.);
#4591=EDGE_CURVE('',#3603,#3332,#1992,.T.);
#4592=EDGE_CURVE('',#3604,#3331,#1993,.T.);
#4593=EDGE_CURVE('',#3605,#3330,#1994,.T.);
#4594=EDGE_CURVE('',#3606,#3329,#1995,.T.);
#4595=EDGE_CURVE('',#3607,#3328,#1996,.T.);
#4596=EDGE_CURVE('',#3581,#3354,#1997,.T.);
#4597=EDGE_CURVE('',#3580,#3355,#1998,.T.);
#4598=EDGE_CURVE('',#3353,#3582,#1999,.T.);
#4599=EDGE_CURVE('',#3583,#3352,#508,.T.);
#4600=EDGE_CURVE('',#3584,#3351,#2000,.T.);
#4601=EDGE_CURVE('',#3585,#3350,#2001,.T.);
#4602=EDGE_CURVE('',#3586,#3349,#2002,.T.);
#4603=EDGE_CURVE('',#3750,#3378,#2003,.T.);
#4604=EDGE_CURVE('',#3749,#3379,#2004,.T.);
#4605=EDGE_CURVE('',#3751,#3377,#2005,.T.);
#4606=EDGE_CURVE('',#3752,#3376,#2006,.T.);
#4607=EDGE_CURVE('',#3753,#3375,#2007,.T.);
#4608=EDGE_CURVE('',#3754,#3374,#2008,.T.);
#4609=EDGE_CURVE('',#3755,#3373,#2009,.T.);
#4610=EDGE_CURVE('',#3756,#3372,#2010,.T.);
#4611=EDGE_CURVE('',#3757,#3371,#2011,.T.);
#4612=EDGE_CURVE('',#3758,#3370,#2012,.T.);
#4613=EDGE_CURVE('',#3759,#3369,#2013,.T.);
#4614=EDGE_CURVE('',#3760,#3368,#2014,.T.);
#4615=EDGE_CURVE('',#3761,#3367,#2015,.T.);
#4616=EDGE_CURVE('',#3762,#3366,#2016,.T.);
#4617=EDGE_CURVE('',#3763,#3365,#2017,.T.);
#4618=EDGE_CURVE('',#3764,#3364,#2018,.T.);
#4619=EDGE_CURVE('',#3765,#3363,#2019,.T.);
#4620=EDGE_CURVE('',#3766,#3362,#2020,.T.);
#4621=EDGE_CURVE('',#3623,#3400,#2021,.T.);
#4622=EDGE_CURVE('',#3401,#3622,#2022,.T.);
#4623=EDGE_CURVE('',#3624,#3399,#2023,.T.);
#4624=EDGE_CURVE('',#3625,#3398,#2024,.T.);
#4625=EDGE_CURVE('',#3626,#3397,#2025,.T.);
#4626=EDGE_CURVE('',#3563,#3412,#2026,.T.);
#4627=EDGE_CURVE('',#3561,#3413,#2027,.T.);
#4628=EDGE_CURVE('',#3564,#3411,#2028,.T.);
#4629=EDGE_CURVE('',#3565,#3410,#2029,.T.);
#4630=EDGE_CURVE('',#3566,#3409,#2030,.T.);
#4631=EDGE_CURVE('',#3567,#3408,#2031,.T.);
#4632=EDGE_CURVE('',#3568,#3407,#2032,.T.);
#4633=EDGE_CURVE('',#3569,#3406,#2033,.T.);
#4634=EDGE_CURVE('',#3718,#3425,#2034,.T.);
#4635=EDGE_CURVE('',#3717,#3426,#2035,.T.);
#4636=EDGE_CURVE('',#3719,#3424,#2036,.T.);
#4637=EDGE_CURVE('',#3720,#3423,#2037,.T.);
#4638=EDGE_CURVE('',#3721,#3422,#2038,.T.);
#4639=EDGE_CURVE('',#3722,#3421,#2039,.T.);
#4640=EDGE_CURVE('',#3723,#3420,#2040,.T.);
#4641=EDGE_CURVE('',#3709,#3434,#2041,.T.);
#4642=EDGE_CURVE('',#3708,#3432,#2042,.T.);
#4643=EDGE_CURVE('',#3710,#3433,#2043,.T.);
#4644=EDGE_CURVE('',#3698,#3445,#2044,.T.);
#4645=EDGE_CURVE('',#3697,#3446,#2045,.T.);
#4646=EDGE_CURVE('',#3699,#3444,#2046,.T.);
#4647=EDGE_CURVE('',#3700,#3443,#2047,.T.);
#4648=EDGE_CURVE('',#3701,#3442,#2048,.T.);
#4649=EDGE_CURVE('',#3702,#3441,#2049,.T.);
#4650=EDGE_CURVE('',#3703,#3440,#2050,.T.);
#4651=EDGE_CURVE('',#3704,#3439,#2051,.T.);
#4652=EDGE_CURVE('',#3705,#3438,#2052,.T.);
#4653=EDGE_CURVE('',#3706,#3437,#2053,.T.);
#4654=EDGE_CURVE('',#3687,#3456,#2054,.T.);
#4655=EDGE_CURVE('',#3686,#3454,#2055,.T.);
#4656=EDGE_CURVE('',#3688,#3455,#2056,.T.);
#4657=EDGE_CURVE('',#3683,#3460,#2057,.T.);
#4658=EDGE_CURVE('',#3682,#3458,#2058,.T.);
#4659=EDGE_CURVE('',#3684,#3459,#2059,.T.);
#4660=EDGE_CURVE('',#3673,#3470,#2060,.T.);
#4661=EDGE_CURVE('',#3672,#3471,#2061,.T.);
#4662=EDGE_CURVE('',#3674,#3469,#2062,.T.);
#4663=EDGE_CURVE('',#3675,#3468,#2063,.T.);
#4664=EDGE_CURVE('',#3676,#3467,#2064,.T.);
#4665=EDGE_CURVE('',#3677,#3466,#2065,.T.);
#4666=EDGE_CURVE('',#3678,#3465,#2066,.T.);
#4667=EDGE_CURVE('',#3679,#3464,#2067,.T.);
#4668=EDGE_CURVE('',#3680,#3463,#2068,.T.);
#4669=EDGE_CURVE('',#3662,#3481,#2069,.T.);
#4670=EDGE_CURVE('',#3661,#3479,#2070,.T.);
#4671=EDGE_CURVE('',#3663,#3480,#2071,.T.);
#4672=EDGE_CURVE('',#3488,#3613,#509,.T.);
#4673=EDGE_CURVE('',#3612,#3489,#2072,.T.);
#4674=EDGE_CURVE('',#3614,#3487,#510,.T.);
#4675=EDGE_CURVE('',#3615,#3486,#2073,.T.);
#4676=EDGE_CURVE('',#3616,#3485,#2074,.T.);
#4677=EDGE_CURVE('',#3617,#3484,#2075,.T.);
#4678=EDGE_CURVE('',#3642,#3500,#2076,.T.);
#4679=EDGE_CURVE('',#3641,#3501,#2077,.T.);
#4680=EDGE_CURVE('',#3643,#3499,#2078,.T.);
#4681=EDGE_CURVE('',#3644,#3498,#2079,.T.);
#4682=EDGE_CURVE('',#3645,#3497,#2080,.T.);
#4683=EDGE_CURVE('',#3646,#3496,#2081,.T.);
#4684=EDGE_CURVE('',#3647,#3495,#2082,.T.);
#4685=EDGE_CURVE('',#3648,#3494,#2083,.T.);
#4686=EDGE_CURVE('',#3631,#3511,#2084,.T.);
#4687=EDGE_CURVE('',#3630,#3512,#2085,.T.);
#4688=EDGE_CURVE('',#3632,#3510,#2086,.T.);
#4689=EDGE_CURVE('',#3633,#3509,#2087,.T.);
#4690=EDGE_CURVE('',#3727,#3518,#2088,.T.);
#4691=EDGE_CURVE('',#3726,#3519,#2089,.T.);
#4692=EDGE_CURVE('',#3728,#3517,#2090,.T.);
#4693=EDGE_CURVE('',#3729,#3516,#2091,.T.);
#4694=EDGE_CURVE('',#3730,#3515,#2092,.T.);
#4695=EDGE_CURVE('',#3527,#3654,#511,.T.);
#4696=EDGE_CURVE('',#3653,#3528,#2093,.T.);
#4697=EDGE_CURVE('',#3655,#3526,#512,.T.);
#4698=EDGE_CURVE('',#3656,#3525,#2094,.T.);
#4699=EDGE_CURVE('',#3657,#3524,#2095,.T.);
#4700=EDGE_CURVE('',#3658,#3523,#2096,.T.);
#4701=EDGE_CURVE('',#3767,#3539,#513,.T.);
#4702=EDGE_CURVE('',#3768,#3540,#514,.T.);
#4703=EDGE_CURVE('',#3769,#3538,#2097,.T.);
#4704=EDGE_CURVE('',#3770,#3537,#2098,.T.);
#4705=EDGE_CURVE('',#3771,#3536,#2099,.T.);
#4706=EDGE_CURVE('',#3772,#3535,#2100,.T.);
#4707=EDGE_CURVE('',#3773,#3534,#2101,.T.);
#4708=EDGE_CURVE('',#3608,#3326,#2102,.T.);
#4709=EDGE_CURVE('',#3327,#3589,#515,.T.);
#4710=EDGE_CURVE('',#3347,#3587,#516,.T.);
#4711=EDGE_CURVE('',#3575,#3348,#517,.T.);
#4712=EDGE_CURVE('',#3576,#3359,#2103,.T.);
#4713=EDGE_CURVE('',#3732,#3360,#2104,.T.);
#4714=EDGE_CURVE('',#3733,#3361,#2105,.T.);
#4715=EDGE_CURVE('',#3621,#3402,#2106,.T.);
#4716=EDGE_CURVE('',#3620,#3403,#2107,.T.);
#4717=EDGE_CURVE('',#3404,#3570,#518,.T.);
#4718=EDGE_CURVE('',#3405,#3571,#519,.T.);
#4719=EDGE_CURVE('',#3572,#3417,#2108,.T.);
#4720=EDGE_CURVE('',#3711,#3418,#2109,.T.);
#4721=EDGE_CURVE('',#3712,#3419,#2110,.T.);
#4722=EDGE_CURVE('',#3713,#3430,#2111,.T.);
#4723=EDGE_CURVE('',#3714,#3429,#2112,.T.);
#4724=EDGE_CURVE('',#3715,#3428,#2113,.T.);
#4725=EDGE_CURVE('',#3716,#3427,#2114,.T.);
#4726=EDGE_CURVE('',#3689,#3435,#2115,.T.);
#4727=EDGE_CURVE('',#3690,#3436,#2116,.T.);
#4728=EDGE_CURVE('',#3691,#3452,#2117,.T.);
#4729=EDGE_CURVE('',#3692,#3451,#2118,.T.);
#4730=EDGE_CURVE('',#3693,#3450,#2119,.T.);
#4731=EDGE_CURVE('',#3694,#3449,#2120,.T.);
#4732=EDGE_CURVE('',#3664,#3461,#2121,.T.);
#4733=EDGE_CURVE('',#3665,#3462,#2122,.T.);
#4734=EDGE_CURVE('',#3666,#3477,#2123,.T.);
#4735=EDGE_CURVE('',#3667,#3476,#2124,.T.);
#4736=EDGE_CURVE('',#3668,#3475,#2125,.T.);
#4737=EDGE_CURVE('',#3669,#3474,#2126,.T.);
#4738=EDGE_CURVE('',#3482,#3618,#520,.T.);
#4739=EDGE_CURVE('',#3609,#3483,#521,.T.);
#4740=EDGE_CURVE('',#3610,#3491,#2127,.T.);
#4741=EDGE_CURVE('',#3634,#3492,#2128,.T.);
#4742=EDGE_CURVE('',#3635,#3493,#2129,.T.);
#4743=EDGE_CURVE('',#3636,#3506,#2130,.T.);
#4744=EDGE_CURVE('',#3637,#3505,#2131,.T.);
#4745=EDGE_CURVE('',#3638,#3504,#2132,.T.);
#4746=EDGE_CURVE('',#3639,#3503,#2133,.T.);
#4747=EDGE_CURVE('',#3640,#3502,#2134,.T.);
#4748=EDGE_CURVE('',#3659,#3521,#2135,.T.);
#4749=EDGE_CURVE('',#3522,#3650,#522,.T.);
#4750=EDGE_CURVE('',#3532,#3774,#2136,.T.);
#4751=EDGE_CURVE('',#3533,#3775,#523,.T.);
#4752=EDGE_CURVE('',#3776,#3543,#2137,.T.);
#4753=EDGE_CURVE('',#3779,#3325,#2138,.T.);
#4754=EDGE_CURVE('',#3779,#3780,#2139,.T.);
#4755=EDGE_CURVE('',#3781,#3780,#2140,.T.);
#4756=EDGE_CURVE('',#3546,#3781,#2141,.T.);
#4757=EDGE_CURVE('',#3782,#3783,#2142,.T.);
#4758=EDGE_CURVE('',#3783,#3556,#3274,.T.);
#4759=EDGE_CURVE('',#3555,#3782,#1747,.T.);
#4760=EDGE_CURVE('',#3781,#3784,#2143,.T.);
#4761=EDGE_CURVE('',#3784,#3549,#1748,.T.);
#4762=EDGE_CURVE('',#3548,#3781,#1749,.T.);
#4763=EDGE_CURVE('',#3554,#3785,#1750,.T.);
#4764=EDGE_CURVE('',#3785,#3782,#2144,.T.);
#4765=EDGE_CURVE('',#3553,#3786,#3275,.T.);
#4766=EDGE_CURVE('',#3786,#3785,#2145,.T.);
#4767=EDGE_CURVE('',#3552,#3787,#3276,.T.);
#4768=EDGE_CURVE('',#3787,#3786,#3277,.T.);
#4769=EDGE_CURVE('',#3551,#3788,#3278,.T.);
#4770=EDGE_CURVE('',#3788,#3787,#2146,.T.);
#4771=EDGE_CURVE('',#3550,#3789,#3279,.T.);
#4772=EDGE_CURVE('',#3789,#3788,#3280,.T.);
#4773=EDGE_CURVE('',#3784,#3789,#2147,.T.);
#4774=EDGE_CURVE('',#3790,#3557,#3281,.T.);
#4775=EDGE_CURVE('',#3783,#3790,#3282,.T.);
#4776=EDGE_CURVE('',#3791,#3558,#3283,.T.);
#4777=EDGE_CURVE('',#3790,#3791,#2148,.T.);
#4778=EDGE_CURVE('',#3792,#3559,#3284,.T.);
#4779=EDGE_CURVE('',#3791,#3792,#3285,.T.);
#4780=EDGE_CURVE('',#3792,#3793,#2149,.T.);
#4781=EDGE_CURVE('',#3793,#3560,#1751,.T.);
#4782=EDGE_CURVE('',#3793,#3303,#2150,.T.);
#4783=EDGE_CURVE('',#3785,#3794,#2151,.T.);
#4784=EDGE_CURVE('',#3794,#3795,#2152,.T.);
#4785=EDGE_CURVE('',#3782,#3795,#2153,.T.);
#4786=EDGE_CURVE('',#3786,#3796,#2154,.T.);
#4787=EDGE_CURVE('',#3796,#3794,#2155,.T.);
#4788=EDGE_CURVE('',#3787,#3797,#2156,.T.);
#4789=EDGE_CURVE('',#3797,#3796,#3286,.T.);
#4790=EDGE_CURVE('',#3788,#3798,#2157,.T.);
#4791=EDGE_CURVE('',#3798,#3797,#2158,.T.);
#4792=EDGE_CURVE('',#3789,#3799,#2159,.T.);
#4793=EDGE_CURVE('',#3799,#3798,#3287,.T.);
#4794=EDGE_CURVE('',#3784,#3800,#2160,.T.);
#4795=EDGE_CURVE('',#3800,#3799,#2161,.T.);
#4796=EDGE_CURVE('',#3780,#3800,#2162,.T.);
#4797=EDGE_CURVE('',#3793,#3801,#2163,.T.);
#4798=EDGE_CURVE('',#3305,#3801,#2164,.T.);
#4799=EDGE_CURVE('',#3802,#3795,#2165,.T.);
#4800=EDGE_CURVE('',#3783,#3802,#2166,.T.);
#4801=EDGE_CURVE('',#3803,#3802,#3288,.T.);
#4802=EDGE_CURVE('',#3790,#3803,#2167,.T.);
#4803=EDGE_CURVE('',#3804,#3803,#2168,.T.);
#4804=EDGE_CURVE('',#3791,#3804,#2169,.T.);
#4805=EDGE_CURVE('',#3805,#3806,#2170,.T.);
#4806=EDGE_CURVE('',#3806,#3807,#2171,.T.);
#4807=EDGE_CURVE('',#3807,#3808,#2172,.T.);
#4808=EDGE_CURVE('',#3808,#3805,#2173,.T.);
#4809=EDGE_CURVE('',#3809,#3810,#2174,.T.);
#4810=EDGE_CURVE('',#3810,#3811,#2175,.T.);
#4811=EDGE_CURVE('',#3811,#3812,#2176,.T.);
#4812=EDGE_CURVE('',#3812,#3809,#2177,.T.);
#4813=EDGE_CURVE('',#3813,#3814,#524,.T.);
#4814=EDGE_CURVE('',#3814,#3815,#525,.T.);
#4815=EDGE_CURVE('',#3815,#3816,#2178,.T.);
#4816=EDGE_CURVE('',#3816,#3817,#526,.T.);
#4817=EDGE_CURVE('',#3817,#3818,#527,.T.);
#4818=EDGE_CURVE('',#3818,#3819,#528,.T.);
#4819=EDGE_CURVE('',#3819,#3820,#529,.T.);
#4820=EDGE_CURVE('',#3820,#3821,#530,.T.);
#4821=EDGE_CURVE('',#3821,#3822,#531,.T.);
#4822=EDGE_CURVE('',#3822,#3823,#532,.T.);
#4823=EDGE_CURVE('',#3823,#3824,#533,.T.);
#4824=EDGE_CURVE('',#3824,#3825,#534,.T.);
#4825=EDGE_CURVE('',#3825,#3826,#535,.T.);
#4826=EDGE_CURVE('',#3826,#3827,#536,.T.);
#4827=EDGE_CURVE('',#3827,#3828,#537,.T.);
#4828=EDGE_CURVE('',#3828,#3829,#538,.T.);
#4829=EDGE_CURVE('',#3829,#3830,#539,.T.);
#4830=EDGE_CURVE('',#3830,#3831,#540,.T.);
#4831=EDGE_CURVE('',#3831,#3832,#541,.T.);
#4832=EDGE_CURVE('',#3832,#3833,#542,.T.);
#4833=EDGE_CURVE('',#3833,#3834,#543,.T.);
#4834=EDGE_CURVE('',#3834,#3835,#2179,.T.);
#4835=EDGE_CURVE('',#3835,#3836,#544,.T.);
#4836=EDGE_CURVE('',#3836,#3837,#545,.T.);
#4837=EDGE_CURVE('',#3837,#3838,#546,.T.);
#4838=EDGE_CURVE('',#3838,#3839,#547,.T.);
#4839=EDGE_CURVE('',#3839,#3840,#548,.T.);
#4840=EDGE_CURVE('',#3840,#3841,#549,.T.);
#4841=EDGE_CURVE('',#3841,#3842,#550,.T.);
#4842=EDGE_CURVE('',#3842,#3843,#551,.T.);
#4843=EDGE_CURVE('',#3843,#3844,#552,.T.);
#4844=EDGE_CURVE('',#3844,#3845,#553,.T.);
#4845=EDGE_CURVE('',#3845,#3846,#554,.T.);
#4846=EDGE_CURVE('',#3846,#3847,#555,.T.);
#4847=EDGE_CURVE('',#3847,#3813,#556,.T.);
#4848=EDGE_CURVE('',#3848,#3849,#2180,.T.);
#4849=EDGE_CURVE('',#3849,#3850,#2181,.T.);
#4850=EDGE_CURVE('',#3850,#3851,#2182,.T.);
#4851=EDGE_CURVE('',#3851,#3852,#2183,.T.);
#4852=EDGE_CURVE('',#3852,#3853,#2184,.T.);
#4853=EDGE_CURVE('',#3853,#3854,#2185,.T.);
#4854=EDGE_CURVE('',#3854,#3855,#2186,.T.);
#4855=EDGE_CURVE('',#3855,#3856,#2187,.T.);
#4856=EDGE_CURVE('',#3856,#3857,#2188,.T.);
#4857=EDGE_CURVE('',#3857,#3858,#2189,.T.);
#4858=EDGE_CURVE('',#3858,#3859,#2190,.T.);
#4859=EDGE_CURVE('',#3859,#3848,#2191,.T.);
#4860=EDGE_CURVE('',#3860,#3861,#2192,.T.);
#4861=EDGE_CURVE('',#3861,#3862,#2193,.T.);
#4862=EDGE_CURVE('',#3862,#3863,#2194,.T.);
#4863=EDGE_CURVE('',#3863,#3860,#2195,.T.);
#4864=EDGE_CURVE('',#3864,#3865,#2196,.T.);
#4865=EDGE_CURVE('',#3865,#3866,#2197,.T.);
#4866=EDGE_CURVE('',#3866,#3867,#2198,.T.);
#4867=EDGE_CURVE('',#3867,#3864,#2199,.T.);
#4868=EDGE_CURVE('',#3868,#3869,#2200,.T.);
#4869=EDGE_CURVE('',#3869,#3870,#2201,.T.);
#4870=EDGE_CURVE('',#3870,#3871,#2202,.T.);
#4871=EDGE_CURVE('',#3871,#3872,#2203,.T.);
#4872=EDGE_CURVE('',#3872,#3873,#2204,.T.);
#4873=EDGE_CURVE('',#3873,#3874,#2205,.T.);
#4874=EDGE_CURVE('',#3874,#3875,#557,.T.);
#4875=EDGE_CURVE('',#3875,#3876,#558,.T.);
#4876=EDGE_CURVE('',#3876,#3877,#2206,.T.);
#4877=EDGE_CURVE('',#3877,#3878,#2207,.T.);
#4878=EDGE_CURVE('',#3878,#3868,#2208,.T.);
#4879=EDGE_CURVE('',#3879,#3880,#2209,.T.);
#4880=EDGE_CURVE('',#3879,#3881,#2210,.T.);
#4881=EDGE_CURVE('',#3881,#3882,#2211,.T.);
#4882=EDGE_CURVE('',#3882,#3883,#559,.T.);
#4883=EDGE_CURVE('',#3883,#3884,#560,.T.);
#4884=EDGE_CURVE('',#3884,#3885,#561,.T.);
#4885=EDGE_CURVE('',#3885,#3886,#562,.T.);
#4886=EDGE_CURVE('',#3887,#3886,#2212,.T.);
#4887=EDGE_CURVE('',#3887,#3888,#563,.T.);
#4888=EDGE_CURVE('',#3888,#3889,#564,.T.);
#4889=EDGE_CURVE('',#3889,#3890,#565,.T.);
#4890=EDGE_CURVE('',#3890,#3891,#566,.T.);
#4891=EDGE_CURVE('',#3891,#3892,#567,.T.);
#4892=EDGE_CURVE('',#3892,#3893,#2213,.T.);
#4893=EDGE_CURVE('',#3893,#3880,#2214,.T.);
#4894=EDGE_CURVE('',#3894,#3895,#568,.T.);
#4895=EDGE_CURVE('',#3895,#3896,#569,.T.);
#4896=EDGE_CURVE('',#3896,#3897,#2215,.T.);
#4897=EDGE_CURVE('',#3897,#3898,#570,.T.);
#4898=EDGE_CURVE('',#3898,#3899,#571,.T.);
#4899=EDGE_CURVE('',#3899,#3900,#572,.T.);
#4900=EDGE_CURVE('',#3900,#3901,#573,.T.);
#4901=EDGE_CURVE('',#3901,#3902,#574,.T.);
#4902=EDGE_CURVE('',#3902,#3903,#575,.T.);
#4903=EDGE_CURVE('',#3903,#3904,#576,.T.);
#4904=EDGE_CURVE('',#3904,#3905,#577,.T.);
#4905=EDGE_CURVE('',#3905,#3906,#578,.T.);
#4906=EDGE_CURVE('',#3906,#3907,#579,.T.);
#4907=EDGE_CURVE('',#3907,#3908,#2216,.T.);
#4908=EDGE_CURVE('',#3908,#3909,#580,.T.);
#4909=EDGE_CURVE('',#3909,#3910,#581,.T.);
#4910=EDGE_CURVE('',#3910,#3911,#582,.T.);
#4911=EDGE_CURVE('',#3911,#3912,#583,.T.);
#4912=EDGE_CURVE('',#3912,#3913,#584,.T.);
#4913=EDGE_CURVE('',#3913,#3914,#585,.T.);
#4914=EDGE_CURVE('',#3914,#3915,#586,.T.);
#4915=EDGE_CURVE('',#3915,#3894,#587,.T.);
#4916=EDGE_CURVE('',#3916,#3917,#2217,.T.);
#4917=EDGE_CURVE('',#3917,#3918,#2218,.T.);
#4918=EDGE_CURVE('',#3918,#3919,#588,.T.);
#4919=EDGE_CURVE('',#3919,#3920,#589,.T.);
#4920=EDGE_CURVE('',#3920,#3921,#590,.T.);
#4921=EDGE_CURVE('',#3921,#3922,#591,.T.);
#4922=EDGE_CURVE('',#3923,#3922,#2219,.T.);
#4923=EDGE_CURVE('',#3923,#3924,#592,.T.);
#4924=EDGE_CURVE('',#3924,#3925,#593,.T.);
#4925=EDGE_CURVE('',#3925,#3926,#594,.T.);
#4926=EDGE_CURVE('',#3926,#3927,#2220,.T.);
#4927=EDGE_CURVE('',#3927,#3928,#2221,.T.);
#4928=EDGE_CURVE('',#3916,#3928,#2222,.T.);
#4929=EDGE_CURVE('',#3315,#3929,#2223,.T.);
#4930=EDGE_CURVE('',#3930,#3929,#3289,.T.);
#4931=EDGE_CURVE('',#3316,#3930,#2224,.T.);
#4932=EDGE_CURVE('',#3314,#3931,#2225,.T.);
#4933=EDGE_CURVE('',#3929,#3931,#2226,.T.);
#4934=EDGE_CURVE('',#3932,#3933,#2227,.T.);
#4935=EDGE_CURVE('',#3933,#3934,#2228,.T.);
#4936=EDGE_CURVE('',#3934,#3935,#2229,.T.);
#4937=EDGE_CURVE('',#3935,#3932,#2230,.T.);
#4938=EDGE_CURVE('',#3936,#3937,#2231,.T.);
#4939=EDGE_CURVE('',#3937,#3938,#2232,.T.);
#4940=EDGE_CURVE('',#3938,#3939,#2233,.T.);
#4941=EDGE_CURVE('',#3939,#3936,#2234,.T.);
#4942=EDGE_CURVE('',#3940,#3941,#595,.T.);
#4943=EDGE_CURVE('',#3941,#3942,#596,.T.);
#4944=EDGE_CURVE('',#3942,#3943,#597,.T.);
#4945=EDGE_CURVE('',#3943,#3944,#598,.T.);
#4946=EDGE_CURVE('',#3944,#3945,#599,.T.);
#4947=EDGE_CURVE('',#3945,#3946,#600,.T.);
#4948=EDGE_CURVE('',#3946,#3947,#601,.T.);
#4949=EDGE_CURVE('',#3947,#3948,#602,.T.);
#4950=EDGE_CURVE('',#3948,#3949,#603,.T.);
#4951=EDGE_CURVE('',#3949,#3950,#604,.T.);
#4952=EDGE_CURVE('',#3950,#3951,#605,.T.);
#4953=EDGE_CURVE('',#3951,#3952,#606,.T.);
#4954=EDGE_CURVE('',#3952,#3953,#607,.T.);
#4955=EDGE_CURVE('',#3953,#3954,#608,.T.);
#4956=EDGE_CURVE('',#3954,#3955,#2235,.T.);
#4957=EDGE_CURVE('',#3955,#3956,#609,.T.);
#4958=EDGE_CURVE('',#3956,#3957,#610,.T.);
#4959=EDGE_CURVE('',#3957,#3958,#611,.T.);
#4960=EDGE_CURVE('',#3958,#3959,#612,.T.);
#4961=EDGE_CURVE('',#3959,#3960,#613,.T.);
#4962=EDGE_CURVE('',#3960,#3961,#614,.T.);
#4963=EDGE_CURVE('',#3961,#3962,#615,.T.);
#4964=EDGE_CURVE('',#3962,#3963,#616,.T.);
#4965=EDGE_CURVE('',#3963,#3964,#617,.T.);
#4966=EDGE_CURVE('',#3964,#3965,#618,.T.);
#4967=EDGE_CURVE('',#3965,#3966,#619,.T.);
#4968=EDGE_CURVE('',#3966,#3967,#620,.T.);
#4969=EDGE_CURVE('',#3967,#3968,#621,.T.);
#4970=EDGE_CURVE('',#3968,#3969,#622,.T.);
#4971=EDGE_CURVE('',#3969,#3970,#623,.T.);
#4972=EDGE_CURVE('',#3970,#3971,#624,.T.);
#4973=EDGE_CURVE('',#3971,#3972,#625,.T.);
#4974=EDGE_CURVE('',#3972,#3973,#626,.T.);
#4975=EDGE_CURVE('',#3973,#3974,#2236,.T.);
#4976=EDGE_CURVE('',#3974,#3940,#627,.T.);
#4977=EDGE_CURVE('',#3975,#3976,#2237,.T.);
#4978=EDGE_CURVE('',#3976,#3977,#2238,.T.);
#4979=EDGE_CURVE('',#3977,#3978,#2239,.T.);
#4980=EDGE_CURVE('',#3978,#3979,#2240,.T.);
#4981=EDGE_CURVE('',#3979,#3980,#2241,.T.);
#4982=EDGE_CURVE('',#3980,#3981,#2242,.T.);
#4983=EDGE_CURVE('',#3981,#3982,#2243,.T.);
#4984=EDGE_CURVE('',#3982,#3983,#2244,.T.);
#4985=EDGE_CURVE('',#3983,#3984,#2245,.T.);
#4986=EDGE_CURVE('',#3984,#3985,#2246,.T.);
#4987=EDGE_CURVE('',#3985,#3986,#2247,.T.);
#4988=EDGE_CURVE('',#3986,#3975,#2248,.T.);
#4989=EDGE_CURVE('',#3987,#3988,#2249,.T.);
#4990=EDGE_CURVE('',#3988,#3989,#2250,.T.);
#4991=EDGE_CURVE('',#3989,#3990,#2251,.T.);
#4992=EDGE_CURVE('',#3990,#3987,#2252,.T.);
#4993=EDGE_CURVE('',#3991,#3992,#2253,.T.);
#4994=EDGE_CURVE('',#3992,#3993,#2254,.T.);
#4995=EDGE_CURVE('',#3993,#3994,#2255,.T.);
#4996=EDGE_CURVE('',#3994,#3991,#2256,.T.);
#4997=EDGE_CURVE('',#3995,#3996,#2257,.T.);
#4998=EDGE_CURVE('',#3996,#3997,#2258,.T.);
#4999=EDGE_CURVE('',#3997,#3998,#2259,.T.);
#5000=EDGE_CURVE('',#3998,#3999,#2260,.T.);
#5001=EDGE_CURVE('',#3999,#4000,#628,.T.);
#5002=EDGE_CURVE('',#4000,#4001,#629,.T.);
#5003=EDGE_CURVE('',#4001,#4002,#2261,.T.);
#5004=EDGE_CURVE('',#4002,#4003,#2262,.T.);
#5005=EDGE_CURVE('',#4003,#4004,#2263,.T.);
#5006=EDGE_CURVE('',#4004,#4005,#2264,.T.);
#5007=EDGE_CURVE('',#4005,#3995,#2265,.T.);
#5008=EDGE_CURVE('',#4006,#4007,#630,.T.);
#5009=EDGE_CURVE('',#4007,#4008,#631,.T.);
#5010=EDGE_CURVE('',#4008,#4009,#632,.T.);
#5011=EDGE_CURVE('',#4009,#4010,#633,.T.);
#5012=EDGE_CURVE('',#4010,#4011,#634,.T.);
#5013=EDGE_CURVE('',#4011,#4012,#635,.T.);
#5014=EDGE_CURVE('',#4012,#4013,#636,.T.);
#5015=EDGE_CURVE('',#4013,#4014,#637,.T.);
#5016=EDGE_CURVE('',#4014,#4015,#638,.T.);
#5017=EDGE_CURVE('',#4015,#4016,#2266,.T.);
#5018=EDGE_CURVE('',#4016,#4017,#2267,.T.);
#5019=EDGE_CURVE('',#4017,#4006,#2268,.T.);
#5020=EDGE_CURVE('',#4018,#4019,#639,.T.);
#5021=EDGE_CURVE('',#4019,#4020,#640,.T.);
#5022=EDGE_CURVE('',#4020,#4021,#641,.T.);
#5023=EDGE_CURVE('',#4021,#4022,#642,.T.);
#5024=EDGE_CURVE('',#4022,#4023,#643,.T.);
#5025=EDGE_CURVE('',#4023,#4024,#644,.T.);
#5026=EDGE_CURVE('',#4024,#4025,#645,.T.);
#5027=EDGE_CURVE('',#4025,#4026,#646,.T.);
#5028=EDGE_CURVE('',#4026,#4027,#647,.T.);
#5029=EDGE_CURVE('',#4027,#4028,#2269,.T.);
#5030=EDGE_CURVE('',#4028,#4029,#648,.T.);
#5031=EDGE_CURVE('',#4029,#4030,#649,.T.);
#5032=EDGE_CURVE('',#4030,#4031,#650,.T.);
#5033=EDGE_CURVE('',#4031,#4032,#651,.T.);
#5034=EDGE_CURVE('',#4032,#4033,#652,.T.);
#5035=EDGE_CURVE('',#4033,#4034,#653,.T.);
#5036=EDGE_CURVE('',#4034,#4035,#654,.T.);
#5037=EDGE_CURVE('',#4035,#4036,#655,.T.);
#5038=EDGE_CURVE('',#4036,#4037,#656,.T.);
#5039=EDGE_CURVE('',#4037,#4038,#657,.T.);
#5040=EDGE_CURVE('',#4038,#4039,#2270,.T.);
#5041=EDGE_CURVE('',#4039,#4018,#658,.T.);
#5042=EDGE_CURVE('',#3313,#4040,#2271,.T.);
#5043=EDGE_CURVE('',#4040,#4041,#2272,.T.);
#5044=EDGE_CURVE('',#3931,#4041,#2273,.T.);
#5045=EDGE_CURVE('',#3312,#4042,#2274,.T.);
#5046=EDGE_CURVE('',#4040,#4042,#2275,.T.);
#5047=EDGE_CURVE('',#3311,#4043,#2276,.T.);
#5048=EDGE_CURVE('',#4042,#4043,#2277,.T.);
#5049=EDGE_CURVE('',#4043,#3306,#2278,.T.);
#5050=EDGE_CURVE('',#4044,#3324,#2279,.T.);
#5051=EDGE_CURVE('',#4044,#3779,#2280,.T.);
#5052=EDGE_CURVE('',#3778,#3541,#2281,.T.);
#5053=EDGE_CURVE('',#3573,#3416,#2282,.T.);
#5054=EDGE_CURVE('',#3574,#3415,#2283,.T.);
#5055=EDGE_CURVE('',#3562,#3414,#659,.T.);
#5056=EDGE_CURVE('',#3777,#3542,#2284,.T.);
#5057=EDGE_CURVE('',#4045,#4046,#2285,.T.);
#5058=EDGE_CURVE('',#4045,#4047,#2286,.T.);
#5059=EDGE_CURVE('',#4048,#4047,#2287,.T.);
#5060=EDGE_CURVE('',#4048,#4046,#2288,.T.);
#5061=EDGE_CURVE('',#4046,#3928,#2289,.T.);
#5062=EDGE_CURVE('',#3916,#4048,#2290,.T.);
#5063=EDGE_CURVE('',#3923,#4049,#660,.T.);
#5064=EDGE_CURVE('',#4050,#3922,#661,.T.);
#5065=EDGE_CURVE('',#4049,#4050,#2291,.T.);
#5066=EDGE_CURVE('',#4051,#3886,#662,.T.);
#5067=EDGE_CURVE('',#4052,#4051,#2292,.T.);
#5068=EDGE_CURVE('',#3887,#4052,#663,.T.);
#5069=EDGE_CURVE('',#3879,#4045,#2293,.T.);
#5070=EDGE_CURVE('',#4047,#3880,#2294,.T.);
#5071=EDGE_CURVE('',#4049,#4053,#664,.T.);
#5072=EDGE_CURVE('',#4054,#4050,#665,.T.);
#5073=EDGE_CURVE('',#4052,#4054,#666,.T.);
#5074=EDGE_CURVE('',#4053,#4051,#667,.T.);
#5075=EDGE_CURVE('',#4053,#4055,#2295,.T.);
#5076=EDGE_CURVE('',#4056,#4055,#668,.T.);
#5077=EDGE_CURVE('',#3924,#4056,#2296,.T.);
#5078=EDGE_CURVE('',#3885,#4057,#2297,.T.);
#5079=EDGE_CURVE('',#4055,#4057,#669,.T.);
#5080=EDGE_CURVE('',#4058,#4059,#2298,.T.);
#5081=EDGE_CURVE('',#4059,#4060,#670,.T.);
#5082=EDGE_CURVE('',#4060,#4056,#671,.T.);
#5083=EDGE_CURVE('',#4057,#4061,#672,.T.);
#5084=EDGE_CURVE('',#4061,#4062,#673,.T.);
#5085=EDGE_CURVE('',#4062,#4063,#674,.T.);
#5086=EDGE_CURVE('',#4063,#4064,#2299,.T.);
#5087=EDGE_CURVE('',#4064,#4058,#2300,.T.);
#5088=EDGE_CURVE('',#3925,#4060,#2301,.T.);
#5089=EDGE_CURVE('',#3926,#4059,#2302,.T.);
#5090=EDGE_CURVE('',#3927,#4058,#2303,.T.);
#5091=EDGE_CURVE('',#3881,#4064,#2304,.T.);
#5092=EDGE_CURVE('',#3882,#4063,#2305,.T.);
#5093=EDGE_CURVE('',#3883,#4062,#2306,.T.);
#5094=EDGE_CURVE('',#3884,#4061,#2307,.T.);
#5095=EDGE_CURVE('',#4054,#4011,#2308,.T.);
#5096=EDGE_CURVE('',#3888,#4010,#2309,.T.);
#5097=EDGE_CURVE('',#3594,#3341,#2310,.T.);
#5098=EDGE_CURVE('',#3342,#3593,#675,.T.);
#5099=EDGE_CURVE('',#3588,#3346,#676,.T.);
#5100=EDGE_CURVE('',#3590,#3345,#2311,.T.);
#5101=EDGE_CURVE('',#3592,#3343,#2312,.T.);
#5102=EDGE_CURVE('',#3591,#3344,#2313,.T.);
#5103=EDGE_CURVE('',#3595,#3340,#2314,.T.);
#5104=EDGE_CURVE('',#3649,#3531,#677,.T.);
#5105=EDGE_CURVE('',#3651,#3530,#2315,.T.);
#5106=EDGE_CURVE('',#3652,#3529,#2316,.T.);
#5107=EDGE_CURVE('',#3619,#3396,#2317,.T.);
#5108=EDGE_CURVE('',#3395,#3627,#2318,.T.);
#5109=EDGE_CURVE('',#3724,#3520,#2319,.T.);
#5110=EDGE_CURVE('',#3514,#3725,#2320,.T.);
#5111=EDGE_CURVE('',#3731,#3513,#2321,.T.);
#5112=EDGE_CURVE('',#3808,#3934,#2322,.T.);
#5113=EDGE_CURVE('',#3807,#3935,#2323,.T.);
#5114=EDGE_CURVE('',#3806,#3932,#2324,.T.);
#5115=EDGE_CURVE('',#3805,#3933,#2325,.T.);
#5116=EDGE_CURVE('',#3812,#3938,#2326,.T.);
#5117=EDGE_CURVE('',#3811,#3939,#2327,.T.);
#5118=EDGE_CURVE('',#3810,#3936,#2328,.T.);
#5119=EDGE_CURVE('',#3809,#3937,#2329,.T.);
#5120=EDGE_CURVE('',#3831,#3958,#2330,.T.);
#5121=EDGE_CURVE('',#3830,#3959,#2331,.T.);
#5122=EDGE_CURVE('',#3829,#3960,#2332,.T.);
#5123=EDGE_CURVE('',#3828,#3961,#2333,.T.);
#5124=EDGE_CURVE('',#3827,#3962,#2334,.T.);
#5125=EDGE_CURVE('',#3826,#3963,#2335,.T.);
#5126=EDGE_CURVE('',#3825,#3964,#2336,.T.);
#5127=EDGE_CURVE('',#3824,#3965,#2337,.T.);
#5128=EDGE_CURVE('',#3823,#3966,#2338,.T.);
#5129=EDGE_CURVE('',#3822,#3967,#2339,.T.);
#5130=EDGE_CURVE('',#3821,#3968,#2340,.T.);
#5131=EDGE_CURVE('',#3820,#3969,#2341,.T.);
#5132=EDGE_CURVE('',#3819,#3970,#2342,.T.);
#5133=EDGE_CURVE('',#3818,#3971,#2343,.T.);
#5134=EDGE_CURVE('',#3817,#3972,#2344,.T.);
#5135=EDGE_CURVE('',#3816,#3973,#2345,.T.);
#5136=EDGE_CURVE('',#3815,#3974,#2346,.T.);
#5137=EDGE_CURVE('',#3814,#3940,#2347,.T.);
#5138=EDGE_CURVE('',#3813,#3941,#2348,.T.);
#5139=EDGE_CURVE('',#3847,#3942,#2349,.T.);
#5140=EDGE_CURVE('',#3846,#3943,#2350,.T.);
#5141=EDGE_CURVE('',#3845,#3944,#2351,.T.);
#5142=EDGE_CURVE('',#3844,#3945,#2352,.T.);
#5143=EDGE_CURVE('',#3843,#3946,#2353,.T.);
#5144=EDGE_CURVE('',#3842,#3947,#2354,.T.);
#5145=EDGE_CURVE('',#3841,#3948,#2355,.T.);
#5146=EDGE_CURVE('',#3840,#3949,#2356,.T.);
#5147=EDGE_CURVE('',#3839,#3950,#2357,.T.);
#5148=EDGE_CURVE('',#3838,#3951,#2358,.T.);
#5149=EDGE_CURVE('',#3837,#3952,#2359,.T.);
#5150=EDGE_CURVE('',#3836,#3953,#2360,.T.);
#5151=EDGE_CURVE('',#3835,#3954,#2361,.T.);
#5152=EDGE_CURVE('',#3834,#3955,#2362,.T.);
#5153=EDGE_CURVE('',#3833,#3956,#2363,.T.);
#5154=EDGE_CURVE('',#3832,#3957,#2364,.T.);
#5155=EDGE_CURVE('',#3855,#3981,#2365,.T.);
#5156=EDGE_CURVE('',#3854,#3982,#2366,.T.);
#5157=EDGE_CURVE('',#3853,#3983,#2367,.T.);
#5158=EDGE_CURVE('',#3852,#3984,#2368,.T.);
#5159=EDGE_CURVE('',#3851,#3985,#2369,.T.);
#5160=EDGE_CURVE('',#3850,#3986,#2370,.T.);
#5161=EDGE_CURVE('',#3849,#3975,#2371,.T.);
#5162=EDGE_CURVE('',#3848,#3976,#2372,.T.);
#5163=EDGE_CURVE('',#3859,#3977,#2373,.T.);
#5164=EDGE_CURVE('',#3858,#3978,#2374,.T.);
#5165=EDGE_CURVE('',#3857,#3979,#2375,.T.);
#5166=EDGE_CURVE('',#3856,#3980,#2376,.T.);
#5167=EDGE_CURVE('',#3863,#3989,#2377,.T.);
#5168=EDGE_CURVE('',#3862,#3990,#2378,.T.);
#5169=EDGE_CURVE('',#3861,#3987,#2379,.T.);
#5170=EDGE_CURVE('',#3860,#3988,#2380,.T.);
#5171=EDGE_CURVE('',#3867,#3993,#2381,.T.);
#5172=EDGE_CURVE('',#3866,#3994,#2382,.T.);
#5173=EDGE_CURVE('',#3865,#3991,#2383,.T.);
#5174=EDGE_CURVE('',#3864,#3992,#2384,.T.);
#5175=EDGE_CURVE('',#3874,#4001,#2385,.T.);
#5176=EDGE_CURVE('',#3873,#4002,#2386,.T.);
#5177=EDGE_CURVE('',#3872,#4003,#2387,.T.);
#5178=EDGE_CURVE('',#3871,#4004,#2388,.T.);
#5179=EDGE_CURVE('',#3870,#4005,#2389,.T.);
#5180=EDGE_CURVE('',#3869,#3995,#2390,.T.);
#5181=EDGE_CURVE('',#3868,#3996,#2391,.T.);
#5182=EDGE_CURVE('',#3878,#3997,#2392,.T.);
#5183=EDGE_CURVE('',#3877,#3998,#2393,.T.);
#5184=EDGE_CURVE('',#3876,#3999,#2394,.T.);
#5185=EDGE_CURVE('',#3875,#4000,#2395,.T.);
#5186=EDGE_CURVE('',#3921,#4012,#2396,.T.);
#5187=EDGE_CURVE('',#3920,#4013,#2397,.T.);
#5188=EDGE_CURVE('',#3919,#4014,#2398,.T.);
#5189=EDGE_CURVE('',#3918,#4015,#2399,.T.);
#5190=EDGE_CURVE('',#3917,#4016,#2400,.T.);
#5191=EDGE_CURVE('',#3893,#4017,#2401,.T.);
#5192=EDGE_CURVE('',#3892,#4006,#2402,.T.);
#5193=EDGE_CURVE('',#3891,#4007,#2403,.T.);
#5194=EDGE_CURVE('',#3890,#4008,#2404,.T.);
#5195=EDGE_CURVE('',#3889,#4009,#2405,.T.);
#5196=EDGE_CURVE('',#3906,#4029,#2406,.T.);
#5197=EDGE_CURVE('',#3905,#4030,#2407,.T.);
#5198=EDGE_CURVE('',#3904,#4031,#2408,.T.);
#5199=EDGE_CURVE('',#3903,#4032,#2409,.T.);
#5200=EDGE_CURVE('',#3902,#4033,#2410,.T.);
#5201=EDGE_CURVE('',#3901,#4034,#2411,.T.);
#5202=EDGE_CURVE('',#3900,#4035,#2412,.T.);
#5203=EDGE_CURVE('',#3899,#4036,#2413,.T.);
#5204=EDGE_CURVE('',#3898,#4037,#2414,.T.);
#5205=EDGE_CURVE('',#3897,#4038,#2415,.T.);
#5206=EDGE_CURVE('',#3896,#4039,#2416,.T.);
#5207=EDGE_CURVE('',#3895,#4018,#2417,.T.);
#5208=EDGE_CURVE('',#3894,#4019,#2418,.T.);
#5209=EDGE_CURVE('',#3915,#4020,#2419,.T.);
#5210=EDGE_CURVE('',#3914,#4021,#2420,.T.);
#5211=EDGE_CURVE('',#3913,#4022,#2421,.T.);
#5212=EDGE_CURVE('',#3912,#4023,#2422,.T.);
#5213=EDGE_CURVE('',#3911,#4024,#2423,.T.);
#5214=EDGE_CURVE('',#3910,#4025,#2424,.T.);
#5215=EDGE_CURVE('',#3909,#4026,#2425,.T.);
#5216=EDGE_CURVE('',#3908,#4027,#2426,.T.);
#5217=EDGE_CURVE('',#3907,#4028,#2427,.T.);
#5218=EDGE_CURVE('',#3629,#3508,#2428,.T.);
#5219=EDGE_CURVE('',#3628,#3507,#2429,.T.);
#5220=EDGE_CURVE('',#3611,#3490,#2430,.T.);
#5221=EDGE_CURVE('',#3660,#3478,#2431,.T.);
#5222=EDGE_CURVE('',#3671,#3472,#2432,.T.);
#5223=EDGE_CURVE('',#3670,#3473,#2433,.T.);
#5224=EDGE_CURVE('',#3681,#3457,#2434,.T.);
#5225=EDGE_CURVE('',#3685,#3453,#2435,.T.);
#5226=EDGE_CURVE('',#3696,#3447,#2436,.T.);
#5227=EDGE_CURVE('',#3695,#3448,#2437,.T.);
#5228=EDGE_CURVE('',#3707,#3431,#2438,.T.);
#5229=EDGE_CURVE('',#3596,#3339,#2439,.T.);
#5230=EDGE_CURVE('',#3579,#3356,#2440,.T.);
#5231=EDGE_CURVE('',#3578,#3357,#2441,.T.);
#5232=EDGE_CURVE('',#3577,#3358,#2442,.T.);
#5233=EDGE_CURVE('',#3748,#3380,#2443,.T.);
#5234=EDGE_CURVE('',#3747,#3381,#2444,.T.);
#5235=EDGE_CURVE('',#3746,#3382,#2445,.T.);
#5236=EDGE_CURVE('',#3745,#3383,#2446,.T.);
#5237=EDGE_CURVE('',#3744,#3384,#2447,.T.);
#5238=EDGE_CURVE('',#3743,#3385,#2448,.T.);
#5239=EDGE_CURVE('',#3742,#3386,#2449,.T.);
#5240=EDGE_CURVE('',#3741,#3387,#2450,.T.);
#5241=EDGE_CURVE('',#3740,#3388,#2451,.T.);
#5242=EDGE_CURVE('',#3739,#3389,#2452,.T.);
#5243=EDGE_CURVE('',#3738,#3390,#2453,.T.);
#5244=EDGE_CURVE('',#3737,#3391,#2454,.T.);
#5245=EDGE_CURVE('',#3736,#3392,#2455,.T.);
#5246=EDGE_CURVE('',#3735,#3393,#2456,.T.);
#5247=EDGE_CURVE('',#3734,#3394,#2457,.T.);
#5248=EDGE_CURVE('',#3792,#4065,#2458,.T.);
#5249=EDGE_CURVE('',#3801,#4065,#2459,.T.);
#5250=EDGE_CURVE('',#4065,#3804,#3290,.T.);
#5251=EDGE_CURVE('',#4040,#4066,#2460,.T.);
#5252=EDGE_CURVE('',#4066,#4067,#2461,.T.);
#5253=EDGE_CURVE('',#4041,#4067,#2462,.T.);
#5254=EDGE_CURVE('',#4066,#4068,#2463,.T.);
#5255=EDGE_CURVE('',#4068,#4069,#2464,.T.);
#5256=EDGE_CURVE('',#4067,#4069,#2465,.T.);
#5257=EDGE_CURVE('',#4068,#4070,#3291,.T.);
#5258=EDGE_CURVE('',#4070,#4071,#2466,.T.);
#5259=EDGE_CURVE('',#4069,#4071,#3292,.T.);
#5260=EDGE_CURVE('',#4070,#4072,#2467,.T.);
#5261=EDGE_CURVE('',#4072,#4073,#2468,.T.);
#5262=EDGE_CURVE('',#4071,#4073,#2469,.T.);
#5263=EDGE_CURVE('',#4072,#4074,#3293,.T.);
#5264=EDGE_CURVE('',#4074,#4075,#2470,.T.);
#5265=EDGE_CURVE('',#4073,#4075,#3294,.T.);
#5266=EDGE_CURVE('',#4074,#4076,#2471,.T.);
#5267=EDGE_CURVE('',#4076,#4077,#2472,.T.);
#5268=EDGE_CURVE('',#4075,#4077,#2473,.T.);
#5269=EDGE_CURVE('',#4076,#4078,#2474,.T.);
#5270=EDGE_CURVE('',#4078,#4079,#2475,.T.);
#5271=EDGE_CURVE('',#4077,#4079,#2476,.T.);
#5272=EDGE_CURVE('',#4079,#3930,#2477,.T.);
#5273=EDGE_CURVE('',#3317,#4078,#2478,.T.);
#5274=EDGE_CURVE('',#4080,#4044,#2479,.T.);
#5275=EDGE_CURVE('',#4081,#4080,#2480,.T.);
#5276=EDGE_CURVE('',#4081,#4082,#2481,.T.);
#5277=EDGE_CURVE('',#4082,#4083,#2482,.T.);
#5278=EDGE_CURVE('',#4083,#4084,#3295,.T.);
#5279=EDGE_CURVE('',#4084,#4085,#2483,.T.);
#5280=EDGE_CURVE('',#4085,#4086,#3296,.T.);
#5281=EDGE_CURVE('',#4086,#4087,#2484,.T.);
#5282=EDGE_CURVE('',#4087,#4088,#2485,.T.);
#5283=EDGE_CURVE('',#4088,#4078,#2486,.T.);
#5284=EDGE_CURVE('',#3323,#4080,#2487,.T.);
#5285=EDGE_CURVE('',#3318,#4088,#2488,.T.);
#5286=EDGE_CURVE('',#3322,#4081,#2489,.T.);
#5287=EDGE_CURVE('',#4081,#4089,#2490,.T.);
#5288=EDGE_CURVE('',#4089,#4090,#2491,.T.);
#5289=EDGE_CURVE('',#4082,#4090,#2492,.T.);
#5290=EDGE_CURVE('',#4090,#4091,#2493,.T.);
#5291=EDGE_CURVE('',#4083,#4091,#2494,.T.);
#5292=EDGE_CURVE('',#4091,#4092,#3297,.T.);
#5293=EDGE_CURVE('',#4084,#4092,#2495,.T.);
#5294=EDGE_CURVE('',#4092,#4093,#2496,.T.);
#5295=EDGE_CURVE('',#4085,#4093,#2497,.T.);
#5296=EDGE_CURVE('',#4093,#4094,#3298,.T.);
#5297=EDGE_CURVE('',#4086,#4094,#2498,.T.);
#5298=EDGE_CURVE('',#4094,#4095,#2499,.T.);
#5299=EDGE_CURVE('',#4087,#4095,#2500,.T.);
#5300=EDGE_CURVE('',#4095,#4096,#2501,.T.);
#5301=EDGE_CURVE('',#4088,#4096,#2502,.T.);
#5302=EDGE_CURVE('',#4096,#4097,#2503,.T.);
#5303=EDGE_CURVE('',#3319,#4097,#2504,.T.);
#5304=EDGE_CURVE('',#4097,#4098,#3299,.T.);
#5305=EDGE_CURVE('',#3320,#4098,#2505,.T.);
#5306=EDGE_CURVE('',#4098,#4099,#2506,.T.);
#5307=EDGE_CURVE('',#3321,#4099,#2507,.T.);
#5308=EDGE_CURVE('',#4099,#4089,#2508,.T.);
#5309=ORIENTED_EDGE('',*,*,#4100,.T.);
#5310=ORIENTED_EDGE('',*,*,#4101,.T.);
#5311=ORIENTED_EDGE('',*,*,#4102,.T.);
#5312=ORIENTED_EDGE('',*,*,#4103,.T.);
#5313=ORIENTED_EDGE('',*,*,#4104,.T.);
#5314=ORIENTED_EDGE('',*,*,#4103,.F.);
#5315=ORIENTED_EDGE('',*,*,#4105,.T.);
#5316=ORIENTED_EDGE('',*,*,#4106,.F.);
#5317=ORIENTED_EDGE('',*,*,#4107,.T.);
#5318=ORIENTED_EDGE('',*,*,#4108,.T.);
#5319=ORIENTED_EDGE('',*,*,#4109,.T.);
#5320=ORIENTED_EDGE('',*,*,#4110,.T.);
#5321=ORIENTED_EDGE('',*,*,#4111,.T.);
#5322=ORIENTED_EDGE('',*,*,#4108,.F.);
#5323=ORIENTED_EDGE('',*,*,#4112,.F.);
#5324=ORIENTED_EDGE('',*,*,#4113,.F.);
#5325=ORIENTED_EDGE('',*,*,#4114,.F.);
#5326=ORIENTED_EDGE('',*,*,#4115,.F.);
#5327=ORIENTED_EDGE('',*,*,#4116,.F.);
#5328=ORIENTED_EDGE('',*,*,#4117,.F.);
#5329=ORIENTED_EDGE('',*,*,#4118,.F.);
#5330=ORIENTED_EDGE('',*,*,#4119,.F.);
#5331=ORIENTED_EDGE('',*,*,#4120,.F.);
#5332=ORIENTED_EDGE('',*,*,#4121,.F.);
#5333=ORIENTED_EDGE('',*,*,#4122,.F.);
#5334=ORIENTED_EDGE('',*,*,#4123,.F.);
#5335=ORIENTED_EDGE('',*,*,#4124,.F.);
#5336=ORIENTED_EDGE('',*,*,#4125,.F.);
#5337=ORIENTED_EDGE('',*,*,#4126,.F.);
#5338=ORIENTED_EDGE('',*,*,#4127,.F.);
#5339=ORIENTED_EDGE('',*,*,#4128,.F.);
#5340=ORIENTED_EDGE('',*,*,#4129,.F.);
#5341=ORIENTED_EDGE('',*,*,#4130,.F.);
#5342=ORIENTED_EDGE('',*,*,#4131,.F.);
#5343=ORIENTED_EDGE('',*,*,#4132,.F.);
#5344=ORIENTED_EDGE('',*,*,#4133,.F.);
#5345=ORIENTED_EDGE('',*,*,#4134,.F.);
#5346=ORIENTED_EDGE('',*,*,#4135,.F.);
#5347=ORIENTED_EDGE('',*,*,#4136,.F.);
#5348=ORIENTED_EDGE('',*,*,#4137,.F.);
#5349=ORIENTED_EDGE('',*,*,#4138,.F.);
#5350=ORIENTED_EDGE('',*,*,#4139,.F.);
#5351=ORIENTED_EDGE('',*,*,#4140,.F.);
#5352=ORIENTED_EDGE('',*,*,#4141,.F.);
#5353=ORIENTED_EDGE('',*,*,#4142,.F.);
#5354=ORIENTED_EDGE('',*,*,#4143,.F.);
#5355=ORIENTED_EDGE('',*,*,#4144,.F.);
#5356=ORIENTED_EDGE('',*,*,#4145,.F.);
#5357=ORIENTED_EDGE('',*,*,#4146,.F.);
#5358=ORIENTED_EDGE('',*,*,#4147,.F.);
#5359=ORIENTED_EDGE('',*,*,#4148,.F.);
#5360=ORIENTED_EDGE('',*,*,#4149,.F.);
#5361=ORIENTED_EDGE('',*,*,#4150,.F.);
#5362=ORIENTED_EDGE('',*,*,#4151,.F.);
#5363=ORIENTED_EDGE('',*,*,#4152,.F.);
#5364=ORIENTED_EDGE('',*,*,#4153,.F.);
#5365=ORIENTED_EDGE('',*,*,#4154,.F.);
#5366=ORIENTED_EDGE('',*,*,#4155,.F.);
#5367=ORIENTED_EDGE('',*,*,#4156,.F.);
#5368=ORIENTED_EDGE('',*,*,#4157,.F.);
#5369=ORIENTED_EDGE('',*,*,#4158,.F.);
#5370=ORIENTED_EDGE('',*,*,#4159,.F.);
#5371=ORIENTED_EDGE('',*,*,#4160,.F.);
#5372=ORIENTED_EDGE('',*,*,#4161,.F.);
#5373=ORIENTED_EDGE('',*,*,#4162,.F.);
#5374=ORIENTED_EDGE('',*,*,#4163,.F.);
#5375=ORIENTED_EDGE('',*,*,#4164,.F.);
#5376=ORIENTED_EDGE('',*,*,#4165,.F.);
#5377=ORIENTED_EDGE('',*,*,#4166,.F.);
#5378=ORIENTED_EDGE('',*,*,#4167,.F.);
#5379=ORIENTED_EDGE('',*,*,#4168,.F.);
#5380=ORIENTED_EDGE('',*,*,#4169,.F.);
#5381=ORIENTED_EDGE('',*,*,#4170,.F.);
#5382=ORIENTED_EDGE('',*,*,#4171,.F.);
#5383=ORIENTED_EDGE('',*,*,#4172,.F.);
#5384=ORIENTED_EDGE('',*,*,#4173,.F.);
#5385=ORIENTED_EDGE('',*,*,#4174,.F.);
#5386=ORIENTED_EDGE('',*,*,#4175,.F.);
#5387=ORIENTED_EDGE('',*,*,#4176,.F.);
#5388=ORIENTED_EDGE('',*,*,#4177,.F.);
#5389=ORIENTED_EDGE('',*,*,#4178,.F.);
#5390=ORIENTED_EDGE('',*,*,#4179,.F.);
#5391=ORIENTED_EDGE('',*,*,#4180,.F.);
#5392=ORIENTED_EDGE('',*,*,#4181,.F.);
#5393=ORIENTED_EDGE('',*,*,#4182,.F.);
#5394=ORIENTED_EDGE('',*,*,#4183,.F.);
#5395=ORIENTED_EDGE('',*,*,#4184,.F.);
#5396=ORIENTED_EDGE('',*,*,#4185,.F.);
#5397=ORIENTED_EDGE('',*,*,#4186,.F.);
#5398=ORIENTED_EDGE('',*,*,#4187,.F.);
#5399=ORIENTED_EDGE('',*,*,#4188,.F.);
#5400=ORIENTED_EDGE('',*,*,#4189,.F.);
#5401=ORIENTED_EDGE('',*,*,#4190,.F.);
#5402=ORIENTED_EDGE('',*,*,#4191,.F.);
#5403=ORIENTED_EDGE('',*,*,#4192,.F.);
#5404=ORIENTED_EDGE('',*,*,#4193,.F.);
#5405=ORIENTED_EDGE('',*,*,#4194,.F.);
#5406=ORIENTED_EDGE('',*,*,#4195,.F.);
#5407=ORIENTED_EDGE('',*,*,#4196,.F.);
#5408=ORIENTED_EDGE('',*,*,#4197,.F.);
#5409=ORIENTED_EDGE('',*,*,#4198,.F.);
#5410=ORIENTED_EDGE('',*,*,#4199,.F.);
#5411=ORIENTED_EDGE('',*,*,#4200,.F.);
#5412=ORIENTED_EDGE('',*,*,#4201,.F.);
#5413=ORIENTED_EDGE('',*,*,#4202,.F.);
#5414=ORIENTED_EDGE('',*,*,#4203,.F.);
#5415=ORIENTED_EDGE('',*,*,#4204,.F.);
#5416=ORIENTED_EDGE('',*,*,#4205,.F.);
#5417=ORIENTED_EDGE('',*,*,#4206,.F.);
#5418=ORIENTED_EDGE('',*,*,#4207,.F.);
#5419=ORIENTED_EDGE('',*,*,#4208,.F.);
#5420=ORIENTED_EDGE('',*,*,#4209,.F.);
#5421=ORIENTED_EDGE('',*,*,#4210,.F.);
#5422=ORIENTED_EDGE('',*,*,#4211,.F.);
#5423=ORIENTED_EDGE('',*,*,#4212,.F.);
#5424=ORIENTED_EDGE('',*,*,#4213,.F.);
#5425=ORIENTED_EDGE('',*,*,#4214,.F.);
#5426=ORIENTED_EDGE('',*,*,#4215,.F.);
#5427=ORIENTED_EDGE('',*,*,#4216,.F.);
#5428=ORIENTED_EDGE('',*,*,#4217,.F.);
#5429=ORIENTED_EDGE('',*,*,#4218,.F.);
#5430=ORIENTED_EDGE('',*,*,#4219,.F.);
#5431=ORIENTED_EDGE('',*,*,#4220,.F.);
#5432=ORIENTED_EDGE('',*,*,#4221,.F.);
#5433=ORIENTED_EDGE('',*,*,#4222,.F.);
#5434=ORIENTED_EDGE('',*,*,#4223,.F.);
#5435=ORIENTED_EDGE('',*,*,#4224,.F.);
#5436=ORIENTED_EDGE('',*,*,#4225,.F.);
#5437=ORIENTED_EDGE('',*,*,#4226,.F.);
#5438=ORIENTED_EDGE('',*,*,#4227,.F.);
#5439=ORIENTED_EDGE('',*,*,#4228,.F.);
#5440=ORIENTED_EDGE('',*,*,#4229,.F.);
#5441=ORIENTED_EDGE('',*,*,#4230,.F.);
#5442=ORIENTED_EDGE('',*,*,#4231,.F.);
#5443=ORIENTED_EDGE('',*,*,#4232,.F.);
#5444=ORIENTED_EDGE('',*,*,#4233,.F.);
#5445=ORIENTED_EDGE('',*,*,#4234,.F.);
#5446=ORIENTED_EDGE('',*,*,#4235,.F.);
#5447=ORIENTED_EDGE('',*,*,#4236,.F.);
#5448=ORIENTED_EDGE('',*,*,#4237,.F.);
#5449=ORIENTED_EDGE('',*,*,#4238,.F.);
#5450=ORIENTED_EDGE('',*,*,#4239,.F.);
#5451=ORIENTED_EDGE('',*,*,#4240,.F.);
#5452=ORIENTED_EDGE('',*,*,#4241,.F.);
#5453=ORIENTED_EDGE('',*,*,#4242,.F.);
#5454=ORIENTED_EDGE('',*,*,#4243,.F.);
#5455=ORIENTED_EDGE('',*,*,#4244,.F.);
#5456=ORIENTED_EDGE('',*,*,#4245,.F.);
#5457=ORIENTED_EDGE('',*,*,#4246,.F.);
#5458=ORIENTED_EDGE('',*,*,#4247,.F.);
#5459=ORIENTED_EDGE('',*,*,#4248,.F.);
#5460=ORIENTED_EDGE('',*,*,#4249,.F.);
#5461=ORIENTED_EDGE('',*,*,#4250,.F.);
#5462=ORIENTED_EDGE('',*,*,#4251,.F.);
#5463=ORIENTED_EDGE('',*,*,#4252,.F.);
#5464=ORIENTED_EDGE('',*,*,#4253,.F.);
#5465=ORIENTED_EDGE('',*,*,#4254,.F.);
#5466=ORIENTED_EDGE('',*,*,#4255,.F.);
#5467=ORIENTED_EDGE('',*,*,#4256,.F.);
#5468=ORIENTED_EDGE('',*,*,#4257,.F.);
#5469=ORIENTED_EDGE('',*,*,#4258,.F.);
#5470=ORIENTED_EDGE('',*,*,#4259,.F.);
#5471=ORIENTED_EDGE('',*,*,#4260,.F.);
#5472=ORIENTED_EDGE('',*,*,#4261,.F.);
#5473=ORIENTED_EDGE('',*,*,#4262,.F.);
#5474=ORIENTED_EDGE('',*,*,#4263,.F.);
#5475=ORIENTED_EDGE('',*,*,#4264,.F.);
#5476=ORIENTED_EDGE('',*,*,#4265,.F.);
#5477=ORIENTED_EDGE('',*,*,#4266,.F.);
#5478=ORIENTED_EDGE('',*,*,#4267,.F.);
#5479=ORIENTED_EDGE('',*,*,#4268,.F.);
#5480=ORIENTED_EDGE('',*,*,#4269,.F.);
#5481=ORIENTED_EDGE('',*,*,#4270,.F.);
#5482=ORIENTED_EDGE('',*,*,#4271,.F.);
#5483=ORIENTED_EDGE('',*,*,#4272,.F.);
#5484=ORIENTED_EDGE('',*,*,#4273,.F.);
#5485=ORIENTED_EDGE('',*,*,#4274,.F.);
#5486=ORIENTED_EDGE('',*,*,#4275,.F.);
#5487=ORIENTED_EDGE('',*,*,#4276,.F.);
#5488=ORIENTED_EDGE('',*,*,#4277,.F.);
#5489=ORIENTED_EDGE('',*,*,#4278,.F.);
#5490=ORIENTED_EDGE('',*,*,#4279,.F.);
#5491=ORIENTED_EDGE('',*,*,#4280,.F.);
#5492=ORIENTED_EDGE('',*,*,#4281,.F.);
#5493=ORIENTED_EDGE('',*,*,#4282,.F.);
#5494=ORIENTED_EDGE('',*,*,#4283,.F.);
#5495=ORIENTED_EDGE('',*,*,#4284,.F.);
#5496=ORIENTED_EDGE('',*,*,#4285,.F.);
#5497=ORIENTED_EDGE('',*,*,#4286,.F.);
#5498=ORIENTED_EDGE('',*,*,#4287,.F.);
#5499=ORIENTED_EDGE('',*,*,#4288,.F.);
#5500=ORIENTED_EDGE('',*,*,#4289,.F.);
#5501=ORIENTED_EDGE('',*,*,#4290,.F.);
#5502=ORIENTED_EDGE('',*,*,#4291,.F.);
#5503=ORIENTED_EDGE('',*,*,#4292,.F.);
#5504=ORIENTED_EDGE('',*,*,#4293,.F.);
#5505=ORIENTED_EDGE('',*,*,#4294,.F.);
#5506=ORIENTED_EDGE('',*,*,#4295,.F.);
#5507=ORIENTED_EDGE('',*,*,#4296,.F.);
#5508=ORIENTED_EDGE('',*,*,#4297,.F.);
#5509=ORIENTED_EDGE('',*,*,#4298,.F.);
#5510=ORIENTED_EDGE('',*,*,#4299,.F.);
#5511=ORIENTED_EDGE('',*,*,#4300,.F.);
#5512=ORIENTED_EDGE('',*,*,#4301,.F.);
#5513=ORIENTED_EDGE('',*,*,#4302,.F.);
#5514=ORIENTED_EDGE('',*,*,#4303,.F.);
#5515=ORIENTED_EDGE('',*,*,#4304,.F.);
#5516=ORIENTED_EDGE('',*,*,#4305,.F.);
#5517=ORIENTED_EDGE('',*,*,#4306,.F.);
#5518=ORIENTED_EDGE('',*,*,#4307,.F.);
#5519=ORIENTED_EDGE('',*,*,#4308,.F.);
#5520=ORIENTED_EDGE('',*,*,#4309,.F.);
#5521=ORIENTED_EDGE('',*,*,#4310,.F.);
#5522=ORIENTED_EDGE('',*,*,#4311,.F.);
#5523=ORIENTED_EDGE('',*,*,#4312,.F.);
#5524=ORIENTED_EDGE('',*,*,#4313,.F.);
#5525=ORIENTED_EDGE('',*,*,#4314,.F.);
#5526=ORIENTED_EDGE('',*,*,#4315,.F.);
#5527=ORIENTED_EDGE('',*,*,#4316,.F.);
#5528=ORIENTED_EDGE('',*,*,#4317,.F.);
#5529=ORIENTED_EDGE('',*,*,#4318,.F.);
#5530=ORIENTED_EDGE('',*,*,#4319,.F.);
#5531=ORIENTED_EDGE('',*,*,#4320,.F.);
#5532=ORIENTED_EDGE('',*,*,#4321,.F.);
#5533=ORIENTED_EDGE('',*,*,#4322,.F.);
#5534=ORIENTED_EDGE('',*,*,#4323,.F.);
#5535=ORIENTED_EDGE('',*,*,#4324,.F.);
#5536=ORIENTED_EDGE('',*,*,#4325,.F.);
#5537=ORIENTED_EDGE('',*,*,#4326,.F.);
#5538=ORIENTED_EDGE('',*,*,#4327,.F.);
#5539=ORIENTED_EDGE('',*,*,#4328,.F.);
#5540=ORIENTED_EDGE('',*,*,#4329,.F.);
#5541=ORIENTED_EDGE('',*,*,#4330,.F.);
#5542=ORIENTED_EDGE('',*,*,#4331,.F.);
#5543=ORIENTED_EDGE('',*,*,#4332,.F.);
#5544=ORIENTED_EDGE('',*,*,#4333,.F.);
#5545=ORIENTED_EDGE('',*,*,#4334,.F.);
#5546=ORIENTED_EDGE('',*,*,#4335,.F.);
#5547=ORIENTED_EDGE('',*,*,#4336,.F.);
#5548=ORIENTED_EDGE('',*,*,#4337,.F.);
#5549=ORIENTED_EDGE('',*,*,#4338,.F.);
#5550=ORIENTED_EDGE('',*,*,#4339,.F.);
#5551=ORIENTED_EDGE('',*,*,#4340,.F.);
#5552=ORIENTED_EDGE('',*,*,#4341,.F.);
#5553=ORIENTED_EDGE('',*,*,#4342,.F.);
#5554=ORIENTED_EDGE('',*,*,#4343,.F.);
#5555=ORIENTED_EDGE('',*,*,#4344,.F.);
#5556=ORIENTED_EDGE('',*,*,#4345,.F.);
#5557=ORIENTED_EDGE('',*,*,#4110,.F.);
#5558=ORIENTED_EDGE('',*,*,#4346,.F.);
#5559=ORIENTED_EDGE('',*,*,#4347,.F.);
#5560=ORIENTED_EDGE('',*,*,#4348,.T.);
#5561=ORIENTED_EDGE('',*,*,#4111,.F.);
#5562=ORIENTED_EDGE('',*,*,#4348,.F.);
#5563=ORIENTED_EDGE('',*,*,#4349,.F.);
#5564=ORIENTED_EDGE('',*,*,#4100,.F.);
#5565=ORIENTED_EDGE('',*,*,#4104,.F.);
#5566=ORIENTED_EDGE('',*,*,#4109,.F.);
#5567=ORIENTED_EDGE('',*,*,#4350,.F.);
#5568=ORIENTED_EDGE('',*,*,#4351,.F.);
#5569=ORIENTED_EDGE('',*,*,#4352,.F.);
#5570=ORIENTED_EDGE('',*,*,#4346,.T.);
#5571=ORIENTED_EDGE('',*,*,#4349,.T.);
#5572=ORIENTED_EDGE('',*,*,#4347,.T.);
#5573=ORIENTED_EDGE('',*,*,#4352,.T.);
#5574=ORIENTED_EDGE('',*,*,#4353,.F.);
#5575=ORIENTED_EDGE('',*,*,#4354,.F.);
#5576=ORIENTED_EDGE('',*,*,#4355,.F.);
#5577=ORIENTED_EDGE('',*,*,#4356,.F.);
#5578=ORIENTED_EDGE('',*,*,#4357,.F.);
#5579=ORIENTED_EDGE('',*,*,#4358,.F.);
#5580=ORIENTED_EDGE('',*,*,#4359,.F.);
#5581=ORIENTED_EDGE('',*,*,#4360,.F.);
#5582=ORIENTED_EDGE('',*,*,#4361,.F.);
#5583=ORIENTED_EDGE('',*,*,#4362,.F.);
#5584=ORIENTED_EDGE('',*,*,#4363,.F.);
#5585=ORIENTED_EDGE('',*,*,#4364,.F.);
#5586=ORIENTED_EDGE('',*,*,#4365,.F.);
#5587=ORIENTED_EDGE('',*,*,#4366,.F.);
#5588=ORIENTED_EDGE('',*,*,#4101,.F.);
#5589=ORIENTED_EDGE('',*,*,#4367,.F.);
#5590=ORIENTED_EDGE('',*,*,#4368,.T.);
#5591=ORIENTED_EDGE('',*,*,#4369,.T.);
#5592=ORIENTED_EDGE('',*,*,#4370,.T.);
#5593=ORIENTED_EDGE('',*,*,#4371,.T.);
#5594=ORIENTED_EDGE('',*,*,#4372,.T.);
#5595=ORIENTED_EDGE('',*,*,#4373,.T.);
#5596=ORIENTED_EDGE('',*,*,#4374,.T.);
#5597=ORIENTED_EDGE('',*,*,#4375,.T.);
#5598=ORIENTED_EDGE('',*,*,#4376,.F.);
#5599=ORIENTED_EDGE('',*,*,#4377,.T.);
#5600=ORIENTED_EDGE('',*,*,#4378,.T.);
#5601=ORIENTED_EDGE('',*,*,#4379,.T.);
#5602=ORIENTED_EDGE('',*,*,#4380,.T.);
#5603=ORIENTED_EDGE('',*,*,#4381,.T.);
#5604=ORIENTED_EDGE('',*,*,#4382,.T.);
#5605=ORIENTED_EDGE('',*,*,#4383,.T.);
#5606=ORIENTED_EDGE('',*,*,#4384,.T.);
#5607=ORIENTED_EDGE('',*,*,#4385,.T.);
#5608=ORIENTED_EDGE('',*,*,#4386,.T.);
#5609=ORIENTED_EDGE('',*,*,#4387,.T.);
#5610=ORIENTED_EDGE('',*,*,#4388,.F.);
#5611=ORIENTED_EDGE('',*,*,#4389,.T.);
#5612=ORIENTED_EDGE('',*,*,#4390,.T.);
#5613=ORIENTED_EDGE('',*,*,#4391,.T.);
#5614=ORIENTED_EDGE('',*,*,#4392,.T.);
#5615=ORIENTED_EDGE('',*,*,#4393,.F.);
#5616=ORIENTED_EDGE('',*,*,#4394,.F.);
#5617=ORIENTED_EDGE('',*,*,#4395,.T.);
#5618=ORIENTED_EDGE('',*,*,#4396,.T.);
#5619=ORIENTED_EDGE('',*,*,#4397,.T.);
#5620=ORIENTED_EDGE('',*,*,#4398,.T.);
#5621=ORIENTED_EDGE('',*,*,#4399,.F.);
#5622=ORIENTED_EDGE('',*,*,#4400,.T.);
#5623=ORIENTED_EDGE('',*,*,#4401,.T.);
#5624=ORIENTED_EDGE('',*,*,#4402,.T.);
#5625=ORIENTED_EDGE('',*,*,#4403,.T.);
#5626=ORIENTED_EDGE('',*,*,#4404,.T.);
#5627=ORIENTED_EDGE('',*,*,#4405,.T.);
#5628=ORIENTED_EDGE('',*,*,#4406,.T.);
#5629=ORIENTED_EDGE('',*,*,#4407,.T.);
#5630=ORIENTED_EDGE('',*,*,#4408,.T.);
#5631=ORIENTED_EDGE('',*,*,#4409,.T.);
#5632=ORIENTED_EDGE('',*,*,#4410,.T.);
#5633=ORIENTED_EDGE('',*,*,#4411,.T.);
#5634=ORIENTED_EDGE('',*,*,#4412,.T.);
#5635=ORIENTED_EDGE('',*,*,#4413,.T.);
#5636=ORIENTED_EDGE('',*,*,#4414,.T.);
#5637=ORIENTED_EDGE('',*,*,#4415,.T.);
#5638=ORIENTED_EDGE('',*,*,#4416,.T.);
#5639=ORIENTED_EDGE('',*,*,#4417,.T.);
#5640=ORIENTED_EDGE('',*,*,#4418,.T.);
#5641=ORIENTED_EDGE('',*,*,#4419,.F.);
#5642=ORIENTED_EDGE('',*,*,#4420,.T.);
#5643=ORIENTED_EDGE('',*,*,#4421,.T.);
#5644=ORIENTED_EDGE('',*,*,#4422,.T.);
#5645=ORIENTED_EDGE('',*,*,#4423,.T.);
#5646=ORIENTED_EDGE('',*,*,#4424,.F.);
#5647=ORIENTED_EDGE('',*,*,#4425,.T.);
#5648=ORIENTED_EDGE('',*,*,#4426,.T.);
#5649=ORIENTED_EDGE('',*,*,#4427,.T.);
#5650=ORIENTED_EDGE('',*,*,#4428,.F.);
#5651=ORIENTED_EDGE('',*,*,#4429,.T.);
#5652=ORIENTED_EDGE('',*,*,#4430,.T.);
#5653=ORIENTED_EDGE('',*,*,#4431,.T.);
#5654=ORIENTED_EDGE('',*,*,#4432,.T.);
#5655=ORIENTED_EDGE('',*,*,#4433,.F.);
#5656=ORIENTED_EDGE('',*,*,#4434,.T.);
#5657=ORIENTED_EDGE('',*,*,#4435,.T.);
#5658=ORIENTED_EDGE('',*,*,#4436,.T.);
#5659=ORIENTED_EDGE('',*,*,#4437,.T.);
#5660=ORIENTED_EDGE('',*,*,#4438,.T.);
#5661=ORIENTED_EDGE('',*,*,#4439,.T.);
#5662=ORIENTED_EDGE('',*,*,#4440,.T.);
#5663=ORIENTED_EDGE('',*,*,#4441,.T.);
#5664=ORIENTED_EDGE('',*,*,#4442,.T.);
#5665=ORIENTED_EDGE('',*,*,#4443,.T.);
#5666=ORIENTED_EDGE('',*,*,#4444,.T.);
#5667=ORIENTED_EDGE('',*,*,#4445,.T.);
#5668=ORIENTED_EDGE('',*,*,#4446,.T.);
#5669=ORIENTED_EDGE('',*,*,#4447,.T.);
#5670=ORIENTED_EDGE('',*,*,#4448,.T.);
#5671=ORIENTED_EDGE('',*,*,#4449,.T.);
#5672=ORIENTED_EDGE('',*,*,#4450,.T.);
#5673=ORIENTED_EDGE('',*,*,#4451,.T.);
#5674=ORIENTED_EDGE('',*,*,#4452,.T.);
#5675=ORIENTED_EDGE('',*,*,#4453,.T.);
#5676=ORIENTED_EDGE('',*,*,#4454,.T.);
#5677=ORIENTED_EDGE('',*,*,#4455,.F.);
#5678=ORIENTED_EDGE('',*,*,#4456,.T.);
#5679=ORIENTED_EDGE('',*,*,#4457,.T.);
#5680=ORIENTED_EDGE('',*,*,#4458,.T.);
#5681=ORIENTED_EDGE('',*,*,#4459,.T.);
#5682=ORIENTED_EDGE('',*,*,#4460,.F.);
#5683=ORIENTED_EDGE('',*,*,#4461,.T.);
#5684=ORIENTED_EDGE('',*,*,#4462,.T.);
#5685=ORIENTED_EDGE('',*,*,#4463,.T.);
#5686=ORIENTED_EDGE('',*,*,#4464,.T.);
#5687=ORIENTED_EDGE('',*,*,#4465,.T.);
#5688=ORIENTED_EDGE('',*,*,#4466,.T.);
#5689=ORIENTED_EDGE('',*,*,#4467,.T.);
#5690=ORIENTED_EDGE('',*,*,#4468,.T.);
#5691=ORIENTED_EDGE('',*,*,#4469,.T.);
#5692=ORIENTED_EDGE('',*,*,#4470,.T.);
#5693=ORIENTED_EDGE('',*,*,#4471,.T.);
#5694=ORIENTED_EDGE('',*,*,#4472,.T.);
#5695=ORIENTED_EDGE('',*,*,#4473,.T.);
#5696=ORIENTED_EDGE('',*,*,#4474,.T.);
#5697=ORIENTED_EDGE('',*,*,#4475,.T.);
#5698=ORIENTED_EDGE('',*,*,#4476,.T.);
#5699=ORIENTED_EDGE('',*,*,#4477,.T.);
#5700=ORIENTED_EDGE('',*,*,#4478,.T.);
#5701=ORIENTED_EDGE('',*,*,#4479,.T.);
#5702=ORIENTED_EDGE('',*,*,#4480,.T.);
#5703=ORIENTED_EDGE('',*,*,#4481,.T.);
#5704=ORIENTED_EDGE('',*,*,#4482,.T.);
#5705=ORIENTED_EDGE('',*,*,#4483,.T.);
#5706=ORIENTED_EDGE('',*,*,#4484,.T.);
#5707=ORIENTED_EDGE('',*,*,#4485,.T.);
#5708=ORIENTED_EDGE('',*,*,#4486,.T.);
#5709=ORIENTED_EDGE('',*,*,#4487,.T.);
#5710=ORIENTED_EDGE('',*,*,#4488,.T.);
#5711=ORIENTED_EDGE('',*,*,#4489,.T.);
#5712=ORIENTED_EDGE('',*,*,#4490,.T.);
#5713=ORIENTED_EDGE('',*,*,#4491,.T.);
#5714=ORIENTED_EDGE('',*,*,#4492,.T.);
#5715=ORIENTED_EDGE('',*,*,#4493,.T.);
#5716=ORIENTED_EDGE('',*,*,#4494,.T.);
#5717=ORIENTED_EDGE('',*,*,#4495,.T.);
#5718=ORIENTED_EDGE('',*,*,#4496,.T.);
#5719=ORIENTED_EDGE('',*,*,#4497,.T.);
#5720=ORIENTED_EDGE('',*,*,#4498,.T.);
#5721=ORIENTED_EDGE('',*,*,#4499,.T.);
#5722=ORIENTED_EDGE('',*,*,#4500,.T.);
#5723=ORIENTED_EDGE('',*,*,#4501,.T.);
#5724=ORIENTED_EDGE('',*,*,#4502,.T.);
#5725=ORIENTED_EDGE('',*,*,#4503,.T.);
#5726=ORIENTED_EDGE('',*,*,#4504,.T.);
#5727=ORIENTED_EDGE('',*,*,#4505,.T.);
#5728=ORIENTED_EDGE('',*,*,#4506,.T.);
#5729=ORIENTED_EDGE('',*,*,#4507,.T.);
#5730=ORIENTED_EDGE('',*,*,#4508,.T.);
#5731=ORIENTED_EDGE('',*,*,#4509,.T.);
#5732=ORIENTED_EDGE('',*,*,#4510,.T.);
#5733=ORIENTED_EDGE('',*,*,#4511,.T.);
#5734=ORIENTED_EDGE('',*,*,#4512,.T.);
#5735=ORIENTED_EDGE('',*,*,#4513,.T.);
#5736=ORIENTED_EDGE('',*,*,#4514,.T.);
#5737=ORIENTED_EDGE('',*,*,#4515,.T.);
#5738=ORIENTED_EDGE('',*,*,#4516,.T.);
#5739=ORIENTED_EDGE('',*,*,#4517,.T.);
#5740=ORIENTED_EDGE('',*,*,#4518,.T.);
#5741=ORIENTED_EDGE('',*,*,#4519,.T.);
#5742=ORIENTED_EDGE('',*,*,#4520,.T.);
#5743=ORIENTED_EDGE('',*,*,#4521,.T.);
#5744=ORIENTED_EDGE('',*,*,#4522,.T.);
#5745=ORIENTED_EDGE('',*,*,#4523,.T.);
#5746=ORIENTED_EDGE('',*,*,#4524,.T.);
#5747=ORIENTED_EDGE('',*,*,#4525,.T.);
#5748=ORIENTED_EDGE('',*,*,#4526,.T.);
#5749=ORIENTED_EDGE('',*,*,#4527,.T.);
#5750=ORIENTED_EDGE('',*,*,#4528,.T.);
#5751=ORIENTED_EDGE('',*,*,#4529,.T.);
#5752=ORIENTED_EDGE('',*,*,#4530,.F.);
#5753=ORIENTED_EDGE('',*,*,#4531,.T.);
#5754=ORIENTED_EDGE('',*,*,#4532,.T.);
#5755=ORIENTED_EDGE('',*,*,#4533,.T.);
#5756=ORIENTED_EDGE('',*,*,#4534,.T.);
#5757=ORIENTED_EDGE('',*,*,#4535,.T.);
#5758=ORIENTED_EDGE('',*,*,#4536,.T.);
#5759=ORIENTED_EDGE('',*,*,#4537,.T.);
#5760=ORIENTED_EDGE('',*,*,#4538,.T.);
#5761=ORIENTED_EDGE('',*,*,#4539,.T.);
#5762=ORIENTED_EDGE('',*,*,#4540,.T.);
#5763=ORIENTED_EDGE('',*,*,#4541,.T.);
#5764=ORIENTED_EDGE('',*,*,#4542,.T.);
#5765=ORIENTED_EDGE('',*,*,#4543,.T.);
#5766=ORIENTED_EDGE('',*,*,#4544,.T.);
#5767=ORIENTED_EDGE('',*,*,#4545,.T.);
#5768=ORIENTED_EDGE('',*,*,#4546,.T.);
#5769=ORIENTED_EDGE('',*,*,#4547,.T.);
#5770=ORIENTED_EDGE('',*,*,#4548,.T.);
#5771=ORIENTED_EDGE('',*,*,#4549,.T.);
#5772=ORIENTED_EDGE('',*,*,#4550,.T.);
#5773=ORIENTED_EDGE('',*,*,#4551,.T.);
#5774=ORIENTED_EDGE('',*,*,#4552,.T.);
#5775=ORIENTED_EDGE('',*,*,#4553,.T.);
#5776=ORIENTED_EDGE('',*,*,#4554,.T.);
#5777=ORIENTED_EDGE('',*,*,#4555,.T.);
#5778=ORIENTED_EDGE('',*,*,#4556,.T.);
#5779=ORIENTED_EDGE('',*,*,#4557,.T.);
#5780=ORIENTED_EDGE('',*,*,#4558,.T.);
#5781=ORIENTED_EDGE('',*,*,#4559,.T.);
#5782=ORIENTED_EDGE('',*,*,#4560,.T.);
#5783=ORIENTED_EDGE('',*,*,#4561,.T.);
#5784=ORIENTED_EDGE('',*,*,#4562,.T.);
#5785=ORIENTED_EDGE('',*,*,#4563,.T.);
#5786=ORIENTED_EDGE('',*,*,#4564,.T.);
#5787=ORIENTED_EDGE('',*,*,#4565,.T.);
#5788=ORIENTED_EDGE('',*,*,#4566,.T.);
#5789=ORIENTED_EDGE('',*,*,#4567,.T.);
#5790=ORIENTED_EDGE('',*,*,#4568,.T.);
#5791=ORIENTED_EDGE('',*,*,#4569,.T.);
#5792=ORIENTED_EDGE('',*,*,#4570,.T.);
#5793=ORIENTED_EDGE('',*,*,#4571,.T.);
#5794=ORIENTED_EDGE('',*,*,#4572,.T.);
#5795=ORIENTED_EDGE('',*,*,#4573,.F.);
#5796=ORIENTED_EDGE('',*,*,#4574,.T.);
#5797=ORIENTED_EDGE('',*,*,#4575,.T.);
#5798=ORIENTED_EDGE('',*,*,#4576,.T.);
#5799=ORIENTED_EDGE('',*,*,#4577,.T.);
#5800=ORIENTED_EDGE('',*,*,#4578,.T.);
#5801=ORIENTED_EDGE('',*,*,#4579,.T.);
#5802=ORIENTED_EDGE('',*,*,#4580,.F.);
#5803=ORIENTED_EDGE('',*,*,#4581,.T.);
#5804=ORIENTED_EDGE('',*,*,#4582,.T.);
#5805=ORIENTED_EDGE('',*,*,#4583,.T.);
#5806=ORIENTED_EDGE('',*,*,#4584,.T.);
#5807=ORIENTED_EDGE('',*,*,#4139,.T.);
#5808=ORIENTED_EDGE('',*,*,#4585,.F.);
#5809=ORIENTED_EDGE('',*,*,#4403,.F.);
#5810=ORIENTED_EDGE('',*,*,#4586,.T.);
#5811=ORIENTED_EDGE('',*,*,#4138,.T.);
#5812=ORIENTED_EDGE('',*,*,#4587,.F.);
#5813=ORIENTED_EDGE('',*,*,#4404,.F.);
#5814=ORIENTED_EDGE('',*,*,#4585,.T.);
#5815=ORIENTED_EDGE('',*,*,#4137,.T.);
#5816=ORIENTED_EDGE('',*,*,#4588,.F.);
#5817=ORIENTED_EDGE('',*,*,#4405,.F.);
#5818=ORIENTED_EDGE('',*,*,#4587,.T.);
#5819=ORIENTED_EDGE('',*,*,#4136,.T.);
#5820=ORIENTED_EDGE('',*,*,#4589,.F.);
#5821=ORIENTED_EDGE('',*,*,#4406,.F.);
#5822=ORIENTED_EDGE('',*,*,#4588,.T.);
#5823=ORIENTED_EDGE('',*,*,#4135,.T.);
#5824=ORIENTED_EDGE('',*,*,#4590,.F.);
#5825=ORIENTED_EDGE('',*,*,#4407,.F.);
#5826=ORIENTED_EDGE('',*,*,#4589,.T.);
#5827=ORIENTED_EDGE('',*,*,#4134,.T.);
#5828=ORIENTED_EDGE('',*,*,#4591,.F.);
#5829=ORIENTED_EDGE('',*,*,#4408,.F.);
#5830=ORIENTED_EDGE('',*,*,#4590,.T.);
#5831=ORIENTED_EDGE('',*,*,#4133,.T.);
#5832=ORIENTED_EDGE('',*,*,#4592,.F.);
#5833=ORIENTED_EDGE('',*,*,#4409,.F.);
#5834=ORIENTED_EDGE('',*,*,#4591,.T.);
#5835=ORIENTED_EDGE('',*,*,#4132,.T.);
#5836=ORIENTED_EDGE('',*,*,#4593,.F.);
#5837=ORIENTED_EDGE('',*,*,#4410,.F.);
#5838=ORIENTED_EDGE('',*,*,#4592,.T.);
#5839=ORIENTED_EDGE('',*,*,#4131,.T.);
#5840=ORIENTED_EDGE('',*,*,#4594,.F.);
#5841=ORIENTED_EDGE('',*,*,#4411,.F.);
#5842=ORIENTED_EDGE('',*,*,#4593,.T.);
#5843=ORIENTED_EDGE('',*,*,#4130,.T.);
#5844=ORIENTED_EDGE('',*,*,#4595,.F.);
#5845=ORIENTED_EDGE('',*,*,#4412,.F.);
#5846=ORIENTED_EDGE('',*,*,#4594,.T.);
#5847=ORIENTED_EDGE('',*,*,#4156,.T.);
#5848=ORIENTED_EDGE('',*,*,#4596,.F.);
#5849=ORIENTED_EDGE('',*,*,#4386,.F.);
#5850=ORIENTED_EDGE('',*,*,#4597,.T.);
#5851=ORIENTED_EDGE('',*,*,#4155,.T.);
#5852=ORIENTED_EDGE('',*,*,#4598,.T.);
#5853=ORIENTED_EDGE('',*,*,#4387,.F.);
#5854=ORIENTED_EDGE('',*,*,#4596,.T.);
#5855=ORIENTED_EDGE('',*,*,#4154,.T.);
#5856=ORIENTED_EDGE('',*,*,#4599,.F.);
#5857=ORIENTED_EDGE('',*,*,#4388,.T.);
#5858=ORIENTED_EDGE('',*,*,#4598,.F.);
#5859=ORIENTED_EDGE('',*,*,#4153,.T.);
#5860=ORIENTED_EDGE('',*,*,#4600,.F.);
#5861=ORIENTED_EDGE('',*,*,#4389,.F.);
#5862=ORIENTED_EDGE('',*,*,#4599,.T.);
#5863=ORIENTED_EDGE('',*,*,#4152,.T.);
#5864=ORIENTED_EDGE('',*,*,#4601,.F.);
#5865=ORIENTED_EDGE('',*,*,#4390,.F.);
#5866=ORIENTED_EDGE('',*,*,#4600,.T.);
#5867=ORIENTED_EDGE('',*,*,#4151,.T.);
#5868=ORIENTED_EDGE('',*,*,#4602,.F.);
#5869=ORIENTED_EDGE('',*,*,#4391,.F.);
#5870=ORIENTED_EDGE('',*,*,#4601,.T.);
#5871=ORIENTED_EDGE('',*,*,#4180,.T.);
#5872=ORIENTED_EDGE('',*,*,#4603,.F.);
#5873=ORIENTED_EDGE('',*,*,#4555,.F.);
#5874=ORIENTED_EDGE('',*,*,#4604,.T.);
#5875=ORIENTED_EDGE('',*,*,#4179,.T.);
#5876=ORIENTED_EDGE('',*,*,#4605,.F.);
#5877=ORIENTED_EDGE('',*,*,#4556,.F.);
#5878=ORIENTED_EDGE('',*,*,#4603,.T.);
#5879=ORIENTED_EDGE('',*,*,#4178,.T.);
#5880=ORIENTED_EDGE('',*,*,#4606,.F.);
#5881=ORIENTED_EDGE('',*,*,#4557,.F.);
#5882=ORIENTED_EDGE('',*,*,#4605,.T.);
#5883=ORIENTED_EDGE('',*,*,#4177,.T.);
#5884=ORIENTED_EDGE('',*,*,#4607,.F.);
#5885=ORIENTED_EDGE('',*,*,#4558,.F.);
#5886=ORIENTED_EDGE('',*,*,#4606,.T.);
#5887=ORIENTED_EDGE('',*,*,#4176,.T.);
#5888=ORIENTED_EDGE('',*,*,#4608,.F.);
#5889=ORIENTED_EDGE('',*,*,#4559,.F.);
#5890=ORIENTED_EDGE('',*,*,#4607,.T.);
#5891=ORIENTED_EDGE('',*,*,#4175,.T.);
#5892=ORIENTED_EDGE('',*,*,#4609,.F.);
#5893=ORIENTED_EDGE('',*,*,#4560,.F.);
#5894=ORIENTED_EDGE('',*,*,#4608,.T.);
#5895=ORIENTED_EDGE('',*,*,#4174,.T.);
#5896=ORIENTED_EDGE('',*,*,#4610,.F.);
#5897=ORIENTED_EDGE('',*,*,#4561,.F.);
#5898=ORIENTED_EDGE('',*,*,#4609,.T.);
#5899=ORIENTED_EDGE('',*,*,#4173,.T.);
#5900=ORIENTED_EDGE('',*,*,#4611,.F.);
#5901=ORIENTED_EDGE('',*,*,#4562,.F.);
#5902=ORIENTED_EDGE('',*,*,#4610,.T.);
#5903=ORIENTED_EDGE('',*,*,#4172,.T.);
#5904=ORIENTED_EDGE('',*,*,#4612,.F.);
#5905=ORIENTED_EDGE('',*,*,#4563,.F.);
#5906=ORIENTED_EDGE('',*,*,#4611,.T.);
#5907=ORIENTED_EDGE('',*,*,#4171,.T.);
#5908=ORIENTED_EDGE('',*,*,#4613,.F.);
#5909=ORIENTED_EDGE('',*,*,#4564,.F.);
#5910=ORIENTED_EDGE('',*,*,#4612,.T.);
#5911=ORIENTED_EDGE('',*,*,#4170,.T.);
#5912=ORIENTED_EDGE('',*,*,#4614,.F.);
#5913=ORIENTED_EDGE('',*,*,#4565,.F.);
#5914=ORIENTED_EDGE('',*,*,#4613,.T.);
#5915=ORIENTED_EDGE('',*,*,#4169,.T.);
#5916=ORIENTED_EDGE('',*,*,#4615,.F.);
#5917=ORIENTED_EDGE('',*,*,#4566,.F.);
#5918=ORIENTED_EDGE('',*,*,#4614,.T.);
#5919=ORIENTED_EDGE('',*,*,#4168,.T.);
#5920=ORIENTED_EDGE('',*,*,#4616,.F.);
#5921=ORIENTED_EDGE('',*,*,#4567,.F.);
#5922=ORIENTED_EDGE('',*,*,#4615,.T.);
#5923=ORIENTED_EDGE('',*,*,#4167,.T.);
#5924=ORIENTED_EDGE('',*,*,#4617,.F.);
#5925=ORIENTED_EDGE('',*,*,#4568,.F.);
#5926=ORIENTED_EDGE('',*,*,#4616,.T.);
#5927=ORIENTED_EDGE('',*,*,#4166,.T.);
#5928=ORIENTED_EDGE('',*,*,#4618,.F.);
#5929=ORIENTED_EDGE('',*,*,#4569,.F.);
#5930=ORIENTED_EDGE('',*,*,#4617,.T.);
#5931=ORIENTED_EDGE('',*,*,#4165,.T.);
#5932=ORIENTED_EDGE('',*,*,#4619,.F.);
#5933=ORIENTED_EDGE('',*,*,#4570,.F.);
#5934=ORIENTED_EDGE('',*,*,#4618,.T.);
#5935=ORIENTED_EDGE('',*,*,#4164,.T.);
#5936=ORIENTED_EDGE('',*,*,#4620,.F.);
#5937=ORIENTED_EDGE('',*,*,#4571,.F.);
#5938=ORIENTED_EDGE('',*,*,#4619,.T.);
#5939=ORIENTED_EDGE('',*,*,#4202,.T.);
#5940=ORIENTED_EDGE('',*,*,#4621,.F.);
#5941=ORIENTED_EDGE('',*,*,#4428,.T.);
#5942=ORIENTED_EDGE('',*,*,#4622,.F.);
#5943=ORIENTED_EDGE('',*,*,#4201,.T.);
#5944=ORIENTED_EDGE('',*,*,#4623,.F.);
#5945=ORIENTED_EDGE('',*,*,#4429,.F.);
#5946=ORIENTED_EDGE('',*,*,#4621,.T.);
#5947=ORIENTED_EDGE('',*,*,#4200,.T.);
#5948=ORIENTED_EDGE('',*,*,#4624,.F.);
#5949=ORIENTED_EDGE('',*,*,#4430,.F.);
#5950=ORIENTED_EDGE('',*,*,#4623,.T.);
#5951=ORIENTED_EDGE('',*,*,#4199,.T.);
#5952=ORIENTED_EDGE('',*,*,#4625,.F.);
#5953=ORIENTED_EDGE('',*,*,#4431,.F.);
#5954=ORIENTED_EDGE('',*,*,#4624,.T.);
#5955=ORIENTED_EDGE('',*,*,#4214,.T.);
#5956=ORIENTED_EDGE('',*,*,#4626,.F.);
#5957=ORIENTED_EDGE('',*,*,#4368,.F.);
#5958=ORIENTED_EDGE('',*,*,#4627,.T.);
#5959=ORIENTED_EDGE('',*,*,#4213,.T.);
#5960=ORIENTED_EDGE('',*,*,#4628,.F.);
#5961=ORIENTED_EDGE('',*,*,#4369,.F.);
#5962=ORIENTED_EDGE('',*,*,#4626,.T.);
#5963=ORIENTED_EDGE('',*,*,#4212,.T.);
#5964=ORIENTED_EDGE('',*,*,#4629,.F.);
#5965=ORIENTED_EDGE('',*,*,#4370,.F.);
#5966=ORIENTED_EDGE('',*,*,#4628,.T.);
#5967=ORIENTED_EDGE('',*,*,#4211,.T.);
#5968=ORIENTED_EDGE('',*,*,#4630,.F.);
#5969=ORIENTED_EDGE('',*,*,#4371,.F.);
#5970=ORIENTED_EDGE('',*,*,#4629,.T.);
#5971=ORIENTED_EDGE('',*,*,#4210,.T.);
#5972=ORIENTED_EDGE('',*,*,#4631,.F.);
#5973=ORIENTED_EDGE('',*,*,#4372,.F.);
#5974=ORIENTED_EDGE('',*,*,#4630,.T.);
#5975=ORIENTED_EDGE('',*,*,#4209,.T.);
#5976=ORIENTED_EDGE('',*,*,#4632,.F.);
#5977=ORIENTED_EDGE('',*,*,#4373,.F.);
#5978=ORIENTED_EDGE('',*,*,#4631,.T.);
#5979=ORIENTED_EDGE('',*,*,#4208,.T.);
#5980=ORIENTED_EDGE('',*,*,#4633,.F.);
#5981=ORIENTED_EDGE('',*,*,#4374,.F.);
#5982=ORIENTED_EDGE('',*,*,#4632,.T.);
#5983=ORIENTED_EDGE('',*,*,#4227,.T.);
#5984=ORIENTED_EDGE('',*,*,#4634,.F.);
#5985=ORIENTED_EDGE('',*,*,#4523,.F.);
#5986=ORIENTED_EDGE('',*,*,#4635,.T.);
#5987=ORIENTED_EDGE('',*,*,#4226,.T.);
#5988=ORIENTED_EDGE('',*,*,#4636,.F.);
#5989=ORIENTED_EDGE('',*,*,#4524,.F.);
#5990=ORIENTED_EDGE('',*,*,#4634,.T.);
#5991=ORIENTED_EDGE('',*,*,#4225,.T.);
#5992=ORIENTED_EDGE('',*,*,#4637,.F.);
#5993=ORIENTED_EDGE('',*,*,#4525,.F.);
#5994=ORIENTED_EDGE('',*,*,#4636,.T.);
#5995=ORIENTED_EDGE('',*,*,#4224,.T.);
#5996=ORIENTED_EDGE('',*,*,#4638,.F.);
#5997=ORIENTED_EDGE('',*,*,#4526,.F.);
#5998=ORIENTED_EDGE('',*,*,#4637,.T.);
#5999=ORIENTED_EDGE('',*,*,#4223,.T.);
#6000=ORIENTED_EDGE('',*,*,#4639,.F.);
#6001=ORIENTED_EDGE('',*,*,#4527,.F.);
#6002=ORIENTED_EDGE('',*,*,#4638,.T.);
#6003=ORIENTED_EDGE('',*,*,#4222,.T.);
#6004=ORIENTED_EDGE('',*,*,#4640,.F.);
#6005=ORIENTED_EDGE('',*,*,#4528,.F.);
#6006=ORIENTED_EDGE('',*,*,#4639,.T.);
#6007=ORIENTED_EDGE('',*,*,#4236,.T.);
#6008=ORIENTED_EDGE('',*,*,#4641,.F.);
#6009=ORIENTED_EDGE('',*,*,#4514,.F.);
#6010=ORIENTED_EDGE('',*,*,#4642,.T.);
#6011=ORIENTED_EDGE('',*,*,#4235,.T.);
#6012=ORIENTED_EDGE('',*,*,#4643,.F.);
#6013=ORIENTED_EDGE('',*,*,#4515,.F.);
#6014=ORIENTED_EDGE('',*,*,#4641,.T.);
#6015=ORIENTED_EDGE('',*,*,#4247,.T.);
#6016=ORIENTED_EDGE('',*,*,#4644,.F.);
#6017=ORIENTED_EDGE('',*,*,#4503,.F.);
#6018=ORIENTED_EDGE('',*,*,#4645,.T.);
#6019=ORIENTED_EDGE('',*,*,#4246,.T.);
#6020=ORIENTED_EDGE('',*,*,#4646,.F.);
#6021=ORIENTED_EDGE('',*,*,#4504,.F.);
#6022=ORIENTED_EDGE('',*,*,#4644,.T.);
#6023=ORIENTED_EDGE('',*,*,#4245,.T.);
#6024=ORIENTED_EDGE('',*,*,#4647,.F.);
#6025=ORIENTED_EDGE('',*,*,#4505,.F.);
#6026=ORIENTED_EDGE('',*,*,#4646,.T.);
#6027=ORIENTED_EDGE('',*,*,#4244,.T.);
#6028=ORIENTED_EDGE('',*,*,#4648,.F.);
#6029=ORIENTED_EDGE('',*,*,#4506,.F.);
#6030=ORIENTED_EDGE('',*,*,#4647,.T.);
#6031=ORIENTED_EDGE('',*,*,#4243,.T.);
#6032=ORIENTED_EDGE('',*,*,#4649,.F.);
#6033=ORIENTED_EDGE('',*,*,#4507,.F.);
#6034=ORIENTED_EDGE('',*,*,#4648,.T.);
#6035=ORIENTED_EDGE('',*,*,#4242,.T.);
#6036=ORIENTED_EDGE('',*,*,#4650,.F.);
#6037=ORIENTED_EDGE('',*,*,#4508,.F.);
#6038=ORIENTED_EDGE('',*,*,#4649,.T.);
#6039=ORIENTED_EDGE('',*,*,#4241,.T.);
#6040=ORIENTED_EDGE('',*,*,#4651,.F.);
#6041=ORIENTED_EDGE('',*,*,#4509,.F.);
#6042=ORIENTED_EDGE('',*,*,#4650,.T.);
#6043=ORIENTED_EDGE('',*,*,#4240,.T.);
#6044=ORIENTED_EDGE('',*,*,#4652,.F.);
#6045=ORIENTED_EDGE('',*,*,#4510,.F.);
#6046=ORIENTED_EDGE('',*,*,#4651,.T.);
#6047=ORIENTED_EDGE('',*,*,#4239,.T.);
#6048=ORIENTED_EDGE('',*,*,#4653,.F.);
#6049=ORIENTED_EDGE('',*,*,#4511,.F.);
#6050=ORIENTED_EDGE('',*,*,#4652,.T.);
#6051=ORIENTED_EDGE('',*,*,#4258,.T.);
#6052=ORIENTED_EDGE('',*,*,#4654,.F.);
#6053=ORIENTED_EDGE('',*,*,#4492,.F.);
#6054=ORIENTED_EDGE('',*,*,#4655,.T.);
#6055=ORIENTED_EDGE('',*,*,#4257,.T.);
#6056=ORIENTED_EDGE('',*,*,#4656,.F.);
#6057=ORIENTED_EDGE('',*,*,#4493,.F.);
#6058=ORIENTED_EDGE('',*,*,#4654,.T.);
#6059=ORIENTED_EDGE('',*,*,#4262,.T.);
#6060=ORIENTED_EDGE('',*,*,#4657,.F.);
#6061=ORIENTED_EDGE('',*,*,#4488,.F.);
#6062=ORIENTED_EDGE('',*,*,#4658,.T.);
#6063=ORIENTED_EDGE('',*,*,#4261,.T.);
#6064=ORIENTED_EDGE('',*,*,#4659,.F.);
#6065=ORIENTED_EDGE('',*,*,#4489,.F.);
#6066=ORIENTED_EDGE('',*,*,#4657,.T.);
#6067=ORIENTED_EDGE('',*,*,#4272,.T.);
#6068=ORIENTED_EDGE('',*,*,#4660,.F.);
#6069=ORIENTED_EDGE('',*,*,#4478,.F.);
#6070=ORIENTED_EDGE('',*,*,#4661,.T.);
#6071=ORIENTED_EDGE('',*,*,#4271,.T.);
#6072=ORIENTED_EDGE('',*,*,#4662,.F.);
#6073=ORIENTED_EDGE('',*,*,#4479,.F.);
#6074=ORIENTED_EDGE('',*,*,#4660,.T.);
#6075=ORIENTED_EDGE('',*,*,#4270,.T.);
#6076=ORIENTED_EDGE('',*,*,#4663,.F.);
#6077=ORIENTED_EDGE('',*,*,#4480,.F.);
#6078=ORIENTED_EDGE('',*,*,#4662,.T.);
#6079=ORIENTED_EDGE('',*,*,#4269,.T.);
#6080=ORIENTED_EDGE('',*,*,#4664,.F.);
#6081=ORIENTED_EDGE('',*,*,#4481,.F.);
#6082=ORIENTED_EDGE('',*,*,#4663,.T.);
#6083=ORIENTED_EDGE('',*,*,#4268,.T.);
#6084=ORIENTED_EDGE('',*,*,#4665,.F.);
#6085=ORIENTED_EDGE('',*,*,#4482,.F.);
#6086=ORIENTED_EDGE('',*,*,#4664,.T.);
#6087=ORIENTED_EDGE('',*,*,#4267,.T.);
#6088=ORIENTED_EDGE('',*,*,#4666,.F.);
#6089=ORIENTED_EDGE('',*,*,#4483,.F.);
#6090=ORIENTED_EDGE('',*,*,#4665,.T.);
#6091=ORIENTED_EDGE('',*,*,#4266,.T.);
#6092=ORIENTED_EDGE('',*,*,#4667,.F.);
#6093=ORIENTED_EDGE('',*,*,#4484,.F.);
#6094=ORIENTED_EDGE('',*,*,#4666,.T.);
#6095=ORIENTED_EDGE('',*,*,#4265,.T.);
#6096=ORIENTED_EDGE('',*,*,#4668,.F.);
#6097=ORIENTED_EDGE('',*,*,#4485,.F.);
#6098=ORIENTED_EDGE('',*,*,#4667,.T.);
#6099=ORIENTED_EDGE('',*,*,#4283,.T.);
#6100=ORIENTED_EDGE('',*,*,#4669,.F.);
#6101=ORIENTED_EDGE('',*,*,#4467,.F.);
#6102=ORIENTED_EDGE('',*,*,#4670,.T.);
#6103=ORIENTED_EDGE('',*,*,#4282,.T.);
#6104=ORIENTED_EDGE('',*,*,#4671,.F.);
#6105=ORIENTED_EDGE('',*,*,#4468,.F.);
#6106=ORIENTED_EDGE('',*,*,#4669,.T.);
#6107=ORIENTED_EDGE('',*,*,#4290,.T.);
#6108=ORIENTED_EDGE('',*,*,#4672,.T.);
#6109=ORIENTED_EDGE('',*,*,#4418,.F.);
#6110=ORIENTED_EDGE('',*,*,#4673,.T.);
#6111=ORIENTED_EDGE('',*,*,#4289,.T.);
#6112=ORIENTED_EDGE('',*,*,#4674,.F.);
#6113=ORIENTED_EDGE('',*,*,#4419,.T.);
#6114=ORIENTED_EDGE('',*,*,#4672,.F.);
#6115=ORIENTED_EDGE('',*,*,#4288,.T.);
#6116=ORIENTED_EDGE('',*,*,#4675,.F.);
#6117=ORIENTED_EDGE('',*,*,#4420,.F.);
#6118=ORIENTED_EDGE('',*,*,#4674,.T.);
#6119=ORIENTED_EDGE('',*,*,#4287,.T.);
#6120=ORIENTED_EDGE('',*,*,#4676,.F.);
#6121=ORIENTED_EDGE('',*,*,#4421,.F.);
#6122=ORIENTED_EDGE('',*,*,#4675,.T.);
#6123=ORIENTED_EDGE('',*,*,#4286,.T.);
#6124=ORIENTED_EDGE('',*,*,#4677,.F.);
#6125=ORIENTED_EDGE('',*,*,#4422,.F.);
#6126=ORIENTED_EDGE('',*,*,#4676,.T.);
#6127=ORIENTED_EDGE('',*,*,#4302,.T.);
#6128=ORIENTED_EDGE('',*,*,#4678,.F.);
#6129=ORIENTED_EDGE('',*,*,#4447,.F.);
#6130=ORIENTED_EDGE('',*,*,#4679,.T.);
#6131=ORIENTED_EDGE('',*,*,#4301,.T.);
#6132=ORIENTED_EDGE('',*,*,#4680,.F.);
#6133=ORIENTED_EDGE('',*,*,#4448,.F.);
#6134=ORIENTED_EDGE('',*,*,#4678,.T.);
#6135=ORIENTED_EDGE('',*,*,#4300,.T.);
#6136=ORIENTED_EDGE('',*,*,#4681,.F.);
#6137=ORIENTED_EDGE('',*,*,#4449,.F.);
#6138=ORIENTED_EDGE('',*,*,#4680,.T.);
#6139=ORIENTED_EDGE('',*,*,#4299,.T.);
#6140=ORIENTED_EDGE('',*,*,#4682,.F.);
#6141=ORIENTED_EDGE('',*,*,#4450,.F.);
#6142=ORIENTED_EDGE('',*,*,#4681,.T.);
#6143=ORIENTED_EDGE('',*,*,#4298,.T.);
#6144=ORIENTED_EDGE('',*,*,#4683,.F.);
#6145=ORIENTED_EDGE('',*,*,#4451,.F.);
#6146=ORIENTED_EDGE('',*,*,#4682,.T.);
#6147=ORIENTED_EDGE('',*,*,#4297,.T.);
#6148=ORIENTED_EDGE('',*,*,#4684,.F.);
#6149=ORIENTED_EDGE('',*,*,#4452,.F.);
#6150=ORIENTED_EDGE('',*,*,#4683,.T.);
#6151=ORIENTED_EDGE('',*,*,#4296,.T.);
#6152=ORIENTED_EDGE('',*,*,#4685,.F.);
#6153=ORIENTED_EDGE('',*,*,#4453,.F.);
#6154=ORIENTED_EDGE('',*,*,#4684,.T.);
#6155=ORIENTED_EDGE('',*,*,#4313,.T.);
#6156=ORIENTED_EDGE('',*,*,#4686,.F.);
#6157=ORIENTED_EDGE('',*,*,#4436,.F.);
#6158=ORIENTED_EDGE('',*,*,#4687,.T.);
#6159=ORIENTED_EDGE('',*,*,#4312,.T.);
#6160=ORIENTED_EDGE('',*,*,#4688,.F.);
#6161=ORIENTED_EDGE('',*,*,#4437,.F.);
#6162=ORIENTED_EDGE('',*,*,#4686,.T.);
#6163=ORIENTED_EDGE('',*,*,#4311,.T.);
#6164=ORIENTED_EDGE('',*,*,#4689,.F.);
#6165=ORIENTED_EDGE('',*,*,#4438,.F.);
#6166=ORIENTED_EDGE('',*,*,#4688,.T.);
#6167=ORIENTED_EDGE('',*,*,#4320,.T.);
#6168=ORIENTED_EDGE('',*,*,#4690,.F.);
#6169=ORIENTED_EDGE('',*,*,#4532,.F.);
#6170=ORIENTED_EDGE('',*,*,#4691,.T.);
#6171=ORIENTED_EDGE('',*,*,#4319,.T.);
#6172=ORIENTED_EDGE('',*,*,#4692,.F.);
#6173=ORIENTED_EDGE('',*,*,#4533,.F.);
#6174=ORIENTED_EDGE('',*,*,#4690,.T.);
#6175=ORIENTED_EDGE('',*,*,#4318,.T.);
#6176=ORIENTED_EDGE('',*,*,#4693,.F.);
#6177=ORIENTED_EDGE('',*,*,#4534,.F.);
#6178=ORIENTED_EDGE('',*,*,#4692,.T.);
#6179=ORIENTED_EDGE('',*,*,#4317,.T.);
#6180=ORIENTED_EDGE('',*,*,#4694,.F.);
#6181=ORIENTED_EDGE('',*,*,#4535,.F.);
#6182=ORIENTED_EDGE('',*,*,#4693,.T.);
#6183=ORIENTED_EDGE('',*,*,#4329,.T.);
#6184=ORIENTED_EDGE('',*,*,#4695,.T.);
#6185=ORIENTED_EDGE('',*,*,#4459,.F.);
#6186=ORIENTED_EDGE('',*,*,#4696,.T.);
#6187=ORIENTED_EDGE('',*,*,#4328,.T.);
#6188=ORIENTED_EDGE('',*,*,#4697,.F.);
#6189=ORIENTED_EDGE('',*,*,#4460,.T.);
#6190=ORIENTED_EDGE('',*,*,#4695,.F.);
#6191=ORIENTED_EDGE('',*,*,#4327,.T.);
#6192=ORIENTED_EDGE('',*,*,#4698,.F.);
#6193=ORIENTED_EDGE('',*,*,#4461,.F.);
#6194=ORIENTED_EDGE('',*,*,#4697,.T.);
#6195=ORIENTED_EDGE('',*,*,#4326,.T.);
#6196=ORIENTED_EDGE('',*,*,#4699,.F.);
#6197=ORIENTED_EDGE('',*,*,#4462,.F.);
#6198=ORIENTED_EDGE('',*,*,#4698,.T.);
#6199=ORIENTED_EDGE('',*,*,#4325,.T.);
#6200=ORIENTED_EDGE('',*,*,#4700,.F.);
#6201=ORIENTED_EDGE('',*,*,#4463,.F.);
#6202=ORIENTED_EDGE('',*,*,#4699,.T.);
#6203=ORIENTED_EDGE('',*,*,#4341,.T.);
#6204=ORIENTED_EDGE('',*,*,#4701,.F.);
#6205=ORIENTED_EDGE('',*,*,#4573,.T.);
#6206=ORIENTED_EDGE('',*,*,#4702,.T.);
#6207=ORIENTED_EDGE('',*,*,#4340,.T.);
#6208=ORIENTED_EDGE('',*,*,#4703,.F.);
#6209=ORIENTED_EDGE('',*,*,#4574,.F.);
#6210=ORIENTED_EDGE('',*,*,#4701,.T.);
#6211=ORIENTED_EDGE('',*,*,#4339,.T.);
#6212=ORIENTED_EDGE('',*,*,#4704,.F.);
#6213=ORIENTED_EDGE('',*,*,#4575,.F.);
#6214=ORIENTED_EDGE('',*,*,#4703,.T.);
#6215=ORIENTED_EDGE('',*,*,#4338,.T.);
#6216=ORIENTED_EDGE('',*,*,#4705,.F.);
#6217=ORIENTED_EDGE('',*,*,#4576,.F.);
#6218=ORIENTED_EDGE('',*,*,#4704,.T.);
#6219=ORIENTED_EDGE('',*,*,#4337,.T.);
#6220=ORIENTED_EDGE('',*,*,#4706,.F.);
#6221=ORIENTED_EDGE('',*,*,#4577,.F.);
#6222=ORIENTED_EDGE('',*,*,#4705,.T.);
#6223=ORIENTED_EDGE('',*,*,#4336,.T.);
#6224=ORIENTED_EDGE('',*,*,#4707,.F.);
#6225=ORIENTED_EDGE('',*,*,#4578,.F.);
#6226=ORIENTED_EDGE('',*,*,#4706,.T.);
#6227=ORIENTED_EDGE('',*,*,#4129,.T.);
#6228=ORIENTED_EDGE('',*,*,#4708,.F.);
#6229=ORIENTED_EDGE('',*,*,#4413,.F.);
#6230=ORIENTED_EDGE('',*,*,#4595,.T.);
#6231=ORIENTED_EDGE('',*,*,#4128,.T.);
#6232=ORIENTED_EDGE('',*,*,#4709,.T.);
#6233=ORIENTED_EDGE('',*,*,#4414,.F.);
#6234=ORIENTED_EDGE('',*,*,#4708,.T.);
#6235=ORIENTED_EDGE('',*,*,#4150,.T.);
#6236=ORIENTED_EDGE('',*,*,#4710,.T.);
#6237=ORIENTED_EDGE('',*,*,#4392,.F.);
#6238=ORIENTED_EDGE('',*,*,#4602,.T.);
#6239=ORIENTED_EDGE('',*,*,#4149,.T.);
#6240=ORIENTED_EDGE('',*,*,#4711,.F.);
#6241=ORIENTED_EDGE('',*,*,#4393,.T.);
#6242=ORIENTED_EDGE('',*,*,#4710,.F.);
#6243=ORIENTED_EDGE('',*,*,#4161,.T.);
#6244=ORIENTED_EDGE('',*,*,#4712,.F.);
#6245=ORIENTED_EDGE('',*,*,#4381,.F.);
#6246=ORIENTED_EDGE('',*,*,#4711,.T.);
#6247=ORIENTED_EDGE('',*,*,#4163,.T.);
#6248=ORIENTED_EDGE('',*,*,#4713,.F.);
#6249=ORIENTED_EDGE('',*,*,#4572,.F.);
#6250=ORIENTED_EDGE('',*,*,#4620,.T.);
#6251=ORIENTED_EDGE('',*,*,#4162,.T.);
#6252=ORIENTED_EDGE('',*,*,#4714,.F.);
#6253=ORIENTED_EDGE('',*,*,#4538,.F.);
#6254=ORIENTED_EDGE('',*,*,#4713,.T.);
#6255=ORIENTED_EDGE('',*,*,#4204,.T.);
#6256=ORIENTED_EDGE('',*,*,#4715,.F.);
#6257=ORIENTED_EDGE('',*,*,#4426,.F.);
#6258=ORIENTED_EDGE('',*,*,#4716,.T.);
#6259=ORIENTED_EDGE('',*,*,#4203,.T.);
#6260=ORIENTED_EDGE('',*,*,#4622,.T.);
#6261=ORIENTED_EDGE('',*,*,#4427,.F.);
#6262=ORIENTED_EDGE('',*,*,#4715,.T.);
#6263=ORIENTED_EDGE('',*,*,#4207,.T.);
#6264=ORIENTED_EDGE('',*,*,#4717,.T.);
#6265=ORIENTED_EDGE('',*,*,#4375,.F.);
#6266=ORIENTED_EDGE('',*,*,#4633,.T.);
#6267=ORIENTED_EDGE('',*,*,#4206,.T.);
#6268=ORIENTED_EDGE('',*,*,#4718,.T.);
#6269=ORIENTED_EDGE('',*,*,#4376,.T.);
#6270=ORIENTED_EDGE('',*,*,#4717,.F.);
#6271=ORIENTED_EDGE('',*,*,#4219,.T.);
#6272=ORIENTED_EDGE('',*,*,#4719,.F.);
#6273=ORIENTED_EDGE('',*,*,#4377,.F.);
#6274=ORIENTED_EDGE('',*,*,#4718,.F.);
#6275=ORIENTED_EDGE('',*,*,#4221,.T.);
#6276=ORIENTED_EDGE('',*,*,#4720,.F.);
#6277=ORIENTED_EDGE('',*,*,#4529,.F.);
#6278=ORIENTED_EDGE('',*,*,#4640,.T.);
#6279=ORIENTED_EDGE('',*,*,#4220,.T.);
#6280=ORIENTED_EDGE('',*,*,#4721,.F.);
#6281=ORIENTED_EDGE('',*,*,#4517,.F.);
#6282=ORIENTED_EDGE('',*,*,#4720,.T.);
#6283=ORIENTED_EDGE('',*,*,#4232,.T.);
#6284=ORIENTED_EDGE('',*,*,#4722,.F.);
#6285=ORIENTED_EDGE('',*,*,#4518,.F.);
#6286=ORIENTED_EDGE('',*,*,#4721,.T.);
#6287=ORIENTED_EDGE('',*,*,#4231,.T.);
#6288=ORIENTED_EDGE('',*,*,#4723,.F.);
#6289=ORIENTED_EDGE('',*,*,#4519,.F.);
#6290=ORIENTED_EDGE('',*,*,#4722,.T.);
#6291=ORIENTED_EDGE('',*,*,#4230,.T.);
#6292=ORIENTED_EDGE('',*,*,#4724,.F.);
#6293=ORIENTED_EDGE('',*,*,#4520,.F.);
#6294=ORIENTED_EDGE('',*,*,#4723,.T.);
#6295=ORIENTED_EDGE('',*,*,#4229,.T.);
#6296=ORIENTED_EDGE('',*,*,#4725,.F.);
#6297=ORIENTED_EDGE('',*,*,#4521,.F.);
#6298=ORIENTED_EDGE('',*,*,#4724,.T.);
#6299=ORIENTED_EDGE('',*,*,#4238,.T.);
#6300=ORIENTED_EDGE('',*,*,#4726,.F.);
#6301=ORIENTED_EDGE('',*,*,#4512,.F.);
#6302=ORIENTED_EDGE('',*,*,#4653,.T.);
#6303=ORIENTED_EDGE('',*,*,#4237,.T.);
#6304=ORIENTED_EDGE('',*,*,#4727,.F.);
#6305=ORIENTED_EDGE('',*,*,#4495,.F.);
#6306=ORIENTED_EDGE('',*,*,#4726,.T.);
#6307=ORIENTED_EDGE('',*,*,#4254,.T.);
#6308=ORIENTED_EDGE('',*,*,#4728,.F.);
#6309=ORIENTED_EDGE('',*,*,#4496,.F.);
#6310=ORIENTED_EDGE('',*,*,#4727,.T.);
#6311=ORIENTED_EDGE('',*,*,#4253,.T.);
#6312=ORIENTED_EDGE('',*,*,#4729,.F.);
#6313=ORIENTED_EDGE('',*,*,#4497,.F.);
#6314=ORIENTED_EDGE('',*,*,#4728,.T.);
#6315=ORIENTED_EDGE('',*,*,#4252,.T.);
#6316=ORIENTED_EDGE('',*,*,#4730,.F.);
#6317=ORIENTED_EDGE('',*,*,#4498,.F.);
#6318=ORIENTED_EDGE('',*,*,#4729,.T.);
#6319=ORIENTED_EDGE('',*,*,#4251,.T.);
#6320=ORIENTED_EDGE('',*,*,#4731,.F.);
#6321=ORIENTED_EDGE('',*,*,#4499,.F.);
#6322=ORIENTED_EDGE('',*,*,#4730,.T.);
#6323=ORIENTED_EDGE('',*,*,#4264,.T.);
#6324=ORIENTED_EDGE('',*,*,#4732,.F.);
#6325=ORIENTED_EDGE('',*,*,#4486,.F.);
#6326=ORIENTED_EDGE('',*,*,#4668,.T.);
#6327=ORIENTED_EDGE('',*,*,#4263,.T.);
#6328=ORIENTED_EDGE('',*,*,#4733,.F.);
#6329=ORIENTED_EDGE('',*,*,#4470,.F.);
#6330=ORIENTED_EDGE('',*,*,#4732,.T.);
#6331=ORIENTED_EDGE('',*,*,#4279,.T.);
#6332=ORIENTED_EDGE('',*,*,#4734,.F.);
#6333=ORIENTED_EDGE('',*,*,#4471,.F.);
#6334=ORIENTED_EDGE('',*,*,#4733,.T.);
#6335=ORIENTED_EDGE('',*,*,#4278,.T.);
#6336=ORIENTED_EDGE('',*,*,#4735,.F.);
#6337=ORIENTED_EDGE('',*,*,#4472,.F.);
#6338=ORIENTED_EDGE('',*,*,#4734,.T.);
#6339=ORIENTED_EDGE('',*,*,#4277,.T.);
#6340=ORIENTED_EDGE('',*,*,#4736,.F.);
#6341=ORIENTED_EDGE('',*,*,#4473,.F.);
#6342=ORIENTED_EDGE('',*,*,#4735,.T.);
#6343=ORIENTED_EDGE('',*,*,#4276,.T.);
#6344=ORIENTED_EDGE('',*,*,#4737,.F.);
#6345=ORIENTED_EDGE('',*,*,#4474,.F.);
#6346=ORIENTED_EDGE('',*,*,#4736,.T.);
#6347=ORIENTED_EDGE('',*,*,#4285,.T.);
#6348=ORIENTED_EDGE('',*,*,#4738,.T.);
#6349=ORIENTED_EDGE('',*,*,#4423,.F.);
#6350=ORIENTED_EDGE('',*,*,#4677,.T.);
#6351=ORIENTED_EDGE('',*,*,#4284,.T.);
#6352=ORIENTED_EDGE('',*,*,#4739,.F.);
#6353=ORIENTED_EDGE('',*,*,#4424,.T.);
#6354=ORIENTED_EDGE('',*,*,#4738,.F.);
#6355=ORIENTED_EDGE('',*,*,#4293,.T.);
#6356=ORIENTED_EDGE('',*,*,#4740,.F.);
#6357=ORIENTED_EDGE('',*,*,#4415,.F.);
#6358=ORIENTED_EDGE('',*,*,#4739,.T.);
#6359=ORIENTED_EDGE('',*,*,#4295,.T.);
#6360=ORIENTED_EDGE('',*,*,#4741,.F.);
#6361=ORIENTED_EDGE('',*,*,#4454,.F.);
#6362=ORIENTED_EDGE('',*,*,#4685,.T.);
#6363=ORIENTED_EDGE('',*,*,#4294,.T.);
#6364=ORIENTED_EDGE('',*,*,#4742,.F.);
#6365=ORIENTED_EDGE('',*,*,#4440,.F.);
#6366=ORIENTED_EDGE('',*,*,#4741,.T.);
#6367=ORIENTED_EDGE('',*,*,#4308,.T.);
#6368=ORIENTED_EDGE('',*,*,#4743,.F.);
#6369=ORIENTED_EDGE('',*,*,#4441,.F.);
#6370=ORIENTED_EDGE('',*,*,#4742,.T.);
#6371=ORIENTED_EDGE('',*,*,#4307,.T.);
#6372=ORIENTED_EDGE('',*,*,#4744,.F.);
#6373=ORIENTED_EDGE('',*,*,#4442,.F.);
#6374=ORIENTED_EDGE('',*,*,#4743,.T.);
#6375=ORIENTED_EDGE('',*,*,#4306,.T.);
#6376=ORIENTED_EDGE('',*,*,#4745,.F.);
#6377=ORIENTED_EDGE('',*,*,#4443,.F.);
#6378=ORIENTED_EDGE('',*,*,#4744,.T.);
#6379=ORIENTED_EDGE('',*,*,#4305,.T.);
#6380=ORIENTED_EDGE('',*,*,#4746,.F.);
#6381=ORIENTED_EDGE('',*,*,#4444,.F.);
#6382=ORIENTED_EDGE('',*,*,#4745,.T.);
#6383=ORIENTED_EDGE('',*,*,#4304,.T.);
#6384=ORIENTED_EDGE('',*,*,#4747,.F.);
#6385=ORIENTED_EDGE('',*,*,#4445,.F.);
#6386=ORIENTED_EDGE('',*,*,#4746,.T.);
#6387=ORIENTED_EDGE('',*,*,#4324,.T.);
#6388=ORIENTED_EDGE('',*,*,#4748,.F.);
#6389=ORIENTED_EDGE('',*,*,#4464,.F.);
#6390=ORIENTED_EDGE('',*,*,#4700,.T.);
#6391=ORIENTED_EDGE('',*,*,#4323,.T.);
#6392=ORIENTED_EDGE('',*,*,#4749,.T.);
#6393=ORIENTED_EDGE('',*,*,#4465,.F.);
#6394=ORIENTED_EDGE('',*,*,#4748,.T.);
#6395=ORIENTED_EDGE('',*,*,#4335,.T.);
#6396=ORIENTED_EDGE('',*,*,#4750,.T.);
#6397=ORIENTED_EDGE('',*,*,#4579,.F.);
#6398=ORIENTED_EDGE('',*,*,#4707,.T.);
#6399=ORIENTED_EDGE('',*,*,#4334,.T.);
#6400=ORIENTED_EDGE('',*,*,#4751,.T.);
#6401=ORIENTED_EDGE('',*,*,#4580,.T.);
#6402=ORIENTED_EDGE('',*,*,#4750,.F.);
#6403=ORIENTED_EDGE('',*,*,#4345,.T.);
#6404=ORIENTED_EDGE('',*,*,#4752,.F.);
#6405=ORIENTED_EDGE('',*,*,#4581,.F.);
#6406=ORIENTED_EDGE('',*,*,#4751,.F.);
#6407=ORIENTED_EDGE('',*,*,#4350,.T.);
#6408=ORIENTED_EDGE('',*,*,#4127,.T.);
#6409=ORIENTED_EDGE('',*,*,#4753,.F.);
#6410=ORIENTED_EDGE('',*,*,#4754,.T.);
#6411=ORIENTED_EDGE('',*,*,#4755,.F.);
#6412=ORIENTED_EDGE('',*,*,#4756,.F.);
#6413=ORIENTED_EDGE('',*,*,#4757,.T.);
#6414=ORIENTED_EDGE('',*,*,#4758,.T.);
#6415=ORIENTED_EDGE('',*,*,#4361,.T.);
#6416=ORIENTED_EDGE('',*,*,#4759,.T.);
#6417=ORIENTED_EDGE('',*,*,#4760,.T.);
#6418=ORIENTED_EDGE('',*,*,#4761,.T.);
#6419=ORIENTED_EDGE('',*,*,#4354,.T.);
#6420=ORIENTED_EDGE('',*,*,#4762,.T.);
#6421=ORIENTED_EDGE('',*,*,#4360,.T.);
#6422=ORIENTED_EDGE('',*,*,#4763,.T.);
#6423=ORIENTED_EDGE('',*,*,#4764,.T.);
#6424=ORIENTED_EDGE('',*,*,#4759,.F.);
#6425=ORIENTED_EDGE('',*,*,#4359,.T.);
#6426=ORIENTED_EDGE('',*,*,#4765,.T.);
#6427=ORIENTED_EDGE('',*,*,#4766,.T.);
#6428=ORIENTED_EDGE('',*,*,#4763,.F.);
#6429=ORIENTED_EDGE('',*,*,#4767,.T.);
#6430=ORIENTED_EDGE('',*,*,#4768,.T.);
#6431=ORIENTED_EDGE('',*,*,#4765,.F.);
#6432=ORIENTED_EDGE('',*,*,#4358,.T.);
#6433=ORIENTED_EDGE('',*,*,#4769,.T.);
#6434=ORIENTED_EDGE('',*,*,#4770,.T.);
#6435=ORIENTED_EDGE('',*,*,#4767,.F.);
#6436=ORIENTED_EDGE('',*,*,#4357,.T.);
#6437=ORIENTED_EDGE('',*,*,#4771,.T.);
#6438=ORIENTED_EDGE('',*,*,#4772,.T.);
#6439=ORIENTED_EDGE('',*,*,#4769,.F.);
#6440=ORIENTED_EDGE('',*,*,#4356,.T.);
#6441=ORIENTED_EDGE('',*,*,#4773,.T.);
#6442=ORIENTED_EDGE('',*,*,#4771,.F.);
#6443=ORIENTED_EDGE('',*,*,#4355,.T.);
#6444=ORIENTED_EDGE('',*,*,#4761,.F.);
#6445=ORIENTED_EDGE('',*,*,#4774,.T.);
#6446=ORIENTED_EDGE('',*,*,#4362,.T.);
#6447=ORIENTED_EDGE('',*,*,#4758,.F.);
#6448=ORIENTED_EDGE('',*,*,#4775,.T.);
#6449=ORIENTED_EDGE('',*,*,#4776,.T.);
#6450=ORIENTED_EDGE('',*,*,#4363,.T.);
#6451=ORIENTED_EDGE('',*,*,#4774,.F.);
#6452=ORIENTED_EDGE('',*,*,#4777,.T.);
#6453=ORIENTED_EDGE('',*,*,#4778,.T.);
#6454=ORIENTED_EDGE('',*,*,#4364,.T.);
#6455=ORIENTED_EDGE('',*,*,#4776,.F.);
#6456=ORIENTED_EDGE('',*,*,#4779,.T.);
#6457=ORIENTED_EDGE('',*,*,#4365,.T.);
#6458=ORIENTED_EDGE('',*,*,#4778,.F.);
#6459=ORIENTED_EDGE('',*,*,#4780,.T.);
#6460=ORIENTED_EDGE('',*,*,#4781,.T.);
#6461=ORIENTED_EDGE('',*,*,#4351,.T.);
#6462=ORIENTED_EDGE('',*,*,#4756,.T.);
#6463=ORIENTED_EDGE('',*,*,#4762,.F.);
#6464=ORIENTED_EDGE('',*,*,#4353,.T.);
#6465=ORIENTED_EDGE('',*,*,#4366,.T.);
#6466=ORIENTED_EDGE('',*,*,#4781,.F.);
#6467=ORIENTED_EDGE('',*,*,#4782,.T.);
#6468=ORIENTED_EDGE('',*,*,#4102,.F.);
#6469=ORIENTED_EDGE('',*,*,#4764,.F.);
#6470=ORIENTED_EDGE('',*,*,#4783,.T.);
#6471=ORIENTED_EDGE('',*,*,#4784,.T.);
#6472=ORIENTED_EDGE('',*,*,#4785,.F.);
#6473=ORIENTED_EDGE('',*,*,#4766,.F.);
#6474=ORIENTED_EDGE('',*,*,#4786,.T.);
#6475=ORIENTED_EDGE('',*,*,#4787,.T.);
#6476=ORIENTED_EDGE('',*,*,#4783,.F.);
#6477=ORIENTED_EDGE('',*,*,#4768,.F.);
#6478=ORIENTED_EDGE('',*,*,#4788,.T.);
#6479=ORIENTED_EDGE('',*,*,#4789,.T.);
#6480=ORIENTED_EDGE('',*,*,#4786,.F.);
#6481=ORIENTED_EDGE('',*,*,#4770,.F.);
#6482=ORIENTED_EDGE('',*,*,#4790,.T.);
#6483=ORIENTED_EDGE('',*,*,#4791,.T.);
#6484=ORIENTED_EDGE('',*,*,#4788,.F.);
#6485=ORIENTED_EDGE('',*,*,#4772,.F.);
#6486=ORIENTED_EDGE('',*,*,#4792,.T.);
#6487=ORIENTED_EDGE('',*,*,#4793,.T.);
#6488=ORIENTED_EDGE('',*,*,#4790,.F.);
#6489=ORIENTED_EDGE('',*,*,#4773,.F.);
#6490=ORIENTED_EDGE('',*,*,#4794,.T.);
#6491=ORIENTED_EDGE('',*,*,#4795,.T.);
#6492=ORIENTED_EDGE('',*,*,#4792,.F.);
#6493=ORIENTED_EDGE('',*,*,#4760,.F.);
#6494=ORIENTED_EDGE('',*,*,#4755,.T.);
#6495=ORIENTED_EDGE('',*,*,#4796,.T.);
#6496=ORIENTED_EDGE('',*,*,#4794,.F.);
#6497=ORIENTED_EDGE('',*,*,#4782,.F.);
#6498=ORIENTED_EDGE('',*,*,#4797,.T.);
#6499=ORIENTED_EDGE('',*,*,#4798,.F.);
#6500=ORIENTED_EDGE('',*,*,#4105,.F.);
#6501=ORIENTED_EDGE('',*,*,#4757,.F.);
#6502=ORIENTED_EDGE('',*,*,#4785,.T.);
#6503=ORIENTED_EDGE('',*,*,#4799,.F.);
#6504=ORIENTED_EDGE('',*,*,#4800,.F.);
#6505=ORIENTED_EDGE('',*,*,#4775,.F.);
#6506=ORIENTED_EDGE('',*,*,#4800,.T.);
#6507=ORIENTED_EDGE('',*,*,#4801,.F.);
#6508=ORIENTED_EDGE('',*,*,#4802,.F.);
#6509=ORIENTED_EDGE('',*,*,#4777,.F.);
#6510=ORIENTED_EDGE('',*,*,#4802,.T.);
#6511=ORIENTED_EDGE('',*,*,#4803,.F.);
#6512=ORIENTED_EDGE('',*,*,#4804,.F.);
#6513=ORIENTED_EDGE('',*,*,#4805,.T.);
#6514=ORIENTED_EDGE('',*,*,#4806,.T.);
#6515=ORIENTED_EDGE('',*,*,#4807,.T.);
#6516=ORIENTED_EDGE('',*,*,#4808,.T.);
#6517=ORIENTED_EDGE('',*,*,#4809,.T.);
#6518=ORIENTED_EDGE('',*,*,#4810,.T.);
#6519=ORIENTED_EDGE('',*,*,#4811,.T.);
#6520=ORIENTED_EDGE('',*,*,#4812,.T.);
#6521=ORIENTED_EDGE('',*,*,#4813,.T.);
#6522=ORIENTED_EDGE('',*,*,#4814,.T.);
#6523=ORIENTED_EDGE('',*,*,#4815,.T.);
#6524=ORIENTED_EDGE('',*,*,#4816,.T.);
#6525=ORIENTED_EDGE('',*,*,#4817,.T.);
#6526=ORIENTED_EDGE('',*,*,#4818,.T.);
#6527=ORIENTED_EDGE('',*,*,#4819,.T.);
#6528=ORIENTED_EDGE('',*,*,#4820,.T.);
#6529=ORIENTED_EDGE('',*,*,#4821,.T.);
#6530=ORIENTED_EDGE('',*,*,#4822,.T.);
#6531=ORIENTED_EDGE('',*,*,#4823,.T.);
#6532=ORIENTED_EDGE('',*,*,#4824,.T.);
#6533=ORIENTED_EDGE('',*,*,#4825,.T.);
#6534=ORIENTED_EDGE('',*,*,#4826,.T.);
#6535=ORIENTED_EDGE('',*,*,#4827,.T.);
#6536=ORIENTED_EDGE('',*,*,#4828,.T.);
#6537=ORIENTED_EDGE('',*,*,#4829,.T.);
#6538=ORIENTED_EDGE('',*,*,#4830,.T.);
#6539=ORIENTED_EDGE('',*,*,#4831,.T.);
#6540=ORIENTED_EDGE('',*,*,#4832,.T.);
#6541=ORIENTED_EDGE('',*,*,#4833,.T.);
#6542=ORIENTED_EDGE('',*,*,#4834,.T.);
#6543=ORIENTED_EDGE('',*,*,#4835,.T.);
#6544=ORIENTED_EDGE('',*,*,#4836,.T.);
#6545=ORIENTED_EDGE('',*,*,#4837,.T.);
#6546=ORIENTED_EDGE('',*,*,#4838,.T.);
#6547=ORIENTED_EDGE('',*,*,#4839,.T.);
#6548=ORIENTED_EDGE('',*,*,#4840,.T.);
#6549=ORIENTED_EDGE('',*,*,#4841,.T.);
#6550=ORIENTED_EDGE('',*,*,#4842,.T.);
#6551=ORIENTED_EDGE('',*,*,#4843,.T.);
#6552=ORIENTED_EDGE('',*,*,#4844,.T.);
#6553=ORIENTED_EDGE('',*,*,#4845,.T.);
#6554=ORIENTED_EDGE('',*,*,#4846,.T.);
#6555=ORIENTED_EDGE('',*,*,#4847,.T.);
#6556=ORIENTED_EDGE('',*,*,#4848,.T.);
#6557=ORIENTED_EDGE('',*,*,#4849,.T.);
#6558=ORIENTED_EDGE('',*,*,#4850,.T.);
#6559=ORIENTED_EDGE('',*,*,#4851,.T.);
#6560=ORIENTED_EDGE('',*,*,#4852,.T.);
#6561=ORIENTED_EDGE('',*,*,#4853,.T.);
#6562=ORIENTED_EDGE('',*,*,#4854,.T.);
#6563=ORIENTED_EDGE('',*,*,#4855,.T.);
#6564=ORIENTED_EDGE('',*,*,#4856,.T.);
#6565=ORIENTED_EDGE('',*,*,#4857,.T.);
#6566=ORIENTED_EDGE('',*,*,#4858,.T.);
#6567=ORIENTED_EDGE('',*,*,#4859,.T.);
#6568=ORIENTED_EDGE('',*,*,#4860,.T.);
#6569=ORIENTED_EDGE('',*,*,#4861,.T.);
#6570=ORIENTED_EDGE('',*,*,#4862,.T.);
#6571=ORIENTED_EDGE('',*,*,#4863,.T.);
#6572=ORIENTED_EDGE('',*,*,#4864,.T.);
#6573=ORIENTED_EDGE('',*,*,#4865,.T.);
#6574=ORIENTED_EDGE('',*,*,#4866,.T.);
#6575=ORIENTED_EDGE('',*,*,#4867,.T.);
#6576=ORIENTED_EDGE('',*,*,#4868,.T.);
#6577=ORIENTED_EDGE('',*,*,#4869,.T.);
#6578=ORIENTED_EDGE('',*,*,#4870,.T.);
#6579=ORIENTED_EDGE('',*,*,#4871,.T.);
#6580=ORIENTED_EDGE('',*,*,#4872,.T.);
#6581=ORIENTED_EDGE('',*,*,#4873,.T.);
#6582=ORIENTED_EDGE('',*,*,#4874,.T.);
#6583=ORIENTED_EDGE('',*,*,#4875,.T.);
#6584=ORIENTED_EDGE('',*,*,#4876,.T.);
#6585=ORIENTED_EDGE('',*,*,#4877,.T.);
#6586=ORIENTED_EDGE('',*,*,#4878,.T.);
#6587=ORIENTED_EDGE('',*,*,#4879,.F.);
#6588=ORIENTED_EDGE('',*,*,#4880,.T.);
#6589=ORIENTED_EDGE('',*,*,#4881,.T.);
#6590=ORIENTED_EDGE('',*,*,#4882,.T.);
#6591=ORIENTED_EDGE('',*,*,#4883,.T.);
#6592=ORIENTED_EDGE('',*,*,#4884,.T.);
#6593=ORIENTED_EDGE('',*,*,#4885,.T.);
#6594=ORIENTED_EDGE('',*,*,#4886,.F.);
#6595=ORIENTED_EDGE('',*,*,#4887,.T.);
#6596=ORIENTED_EDGE('',*,*,#4888,.T.);
#6597=ORIENTED_EDGE('',*,*,#4889,.T.);
#6598=ORIENTED_EDGE('',*,*,#4890,.T.);
#6599=ORIENTED_EDGE('',*,*,#4891,.T.);
#6600=ORIENTED_EDGE('',*,*,#4892,.T.);
#6601=ORIENTED_EDGE('',*,*,#4893,.T.);
#6602=ORIENTED_EDGE('',*,*,#4894,.T.);
#6603=ORIENTED_EDGE('',*,*,#4895,.T.);
#6604=ORIENTED_EDGE('',*,*,#4896,.T.);
#6605=ORIENTED_EDGE('',*,*,#4897,.T.);
#6606=ORIENTED_EDGE('',*,*,#4898,.T.);
#6607=ORIENTED_EDGE('',*,*,#4899,.T.);
#6608=ORIENTED_EDGE('',*,*,#4900,.T.);
#6609=ORIENTED_EDGE('',*,*,#4901,.T.);
#6610=ORIENTED_EDGE('',*,*,#4902,.T.);
#6611=ORIENTED_EDGE('',*,*,#4903,.T.);
#6612=ORIENTED_EDGE('',*,*,#4904,.T.);
#6613=ORIENTED_EDGE('',*,*,#4905,.T.);
#6614=ORIENTED_EDGE('',*,*,#4906,.T.);
#6615=ORIENTED_EDGE('',*,*,#4907,.T.);
#6616=ORIENTED_EDGE('',*,*,#4908,.T.);
#6617=ORIENTED_EDGE('',*,*,#4909,.T.);
#6618=ORIENTED_EDGE('',*,*,#4910,.T.);
#6619=ORIENTED_EDGE('',*,*,#4911,.T.);
#6620=ORIENTED_EDGE('',*,*,#4912,.T.);
#6621=ORIENTED_EDGE('',*,*,#4913,.T.);
#6622=ORIENTED_EDGE('',*,*,#4914,.T.);
#6623=ORIENTED_EDGE('',*,*,#4915,.T.);
#6624=ORIENTED_EDGE('',*,*,#4916,.T.);
#6625=ORIENTED_EDGE('',*,*,#4917,.T.);
#6626=ORIENTED_EDGE('',*,*,#4918,.T.);
#6627=ORIENTED_EDGE('',*,*,#4919,.T.);
#6628=ORIENTED_EDGE('',*,*,#4920,.T.);
#6629=ORIENTED_EDGE('',*,*,#4921,.T.);
#6630=ORIENTED_EDGE('',*,*,#4922,.F.);
#6631=ORIENTED_EDGE('',*,*,#4923,.T.);
#6632=ORIENTED_EDGE('',*,*,#4924,.T.);
#6633=ORIENTED_EDGE('',*,*,#4925,.T.);
#6634=ORIENTED_EDGE('',*,*,#4926,.T.);
#6635=ORIENTED_EDGE('',*,*,#4927,.T.);
#6636=ORIENTED_EDGE('',*,*,#4928,.F.);
#6637=ORIENTED_EDGE('',*,*,#4929,.T.);
#6638=ORIENTED_EDGE('',*,*,#4930,.F.);
#6639=ORIENTED_EDGE('',*,*,#4931,.F.);
#6640=ORIENTED_EDGE('',*,*,#4117,.T.);
#6641=ORIENTED_EDGE('',*,*,#4932,.T.);
#6642=ORIENTED_EDGE('',*,*,#4933,.F.);
#6643=ORIENTED_EDGE('',*,*,#4929,.F.);
#6644=ORIENTED_EDGE('',*,*,#4116,.T.);
#6645=ORIENTED_EDGE('',*,*,#4934,.T.);
#6646=ORIENTED_EDGE('',*,*,#4935,.T.);
#6647=ORIENTED_EDGE('',*,*,#4936,.T.);
#6648=ORIENTED_EDGE('',*,*,#4937,.T.);
#6649=ORIENTED_EDGE('',*,*,#4938,.T.);
#6650=ORIENTED_EDGE('',*,*,#4939,.T.);
#6651=ORIENTED_EDGE('',*,*,#4940,.T.);
#6652=ORIENTED_EDGE('',*,*,#4941,.T.);
#6653=ORIENTED_EDGE('',*,*,#4942,.T.);
#6654=ORIENTED_EDGE('',*,*,#4943,.T.);
#6655=ORIENTED_EDGE('',*,*,#4944,.T.);
#6656=ORIENTED_EDGE('',*,*,#4945,.T.);
#6657=ORIENTED_EDGE('',*,*,#4946,.T.);
#6658=ORIENTED_EDGE('',*,*,#4947,.T.);
#6659=ORIENTED_EDGE('',*,*,#4948,.T.);
#6660=ORIENTED_EDGE('',*,*,#4949,.T.);
#6661=ORIENTED_EDGE('',*,*,#4950,.T.);
#6662=ORIENTED_EDGE('',*,*,#4951,.T.);
#6663=ORIENTED_EDGE('',*,*,#4952,.T.);
#6664=ORIENTED_EDGE('',*,*,#4953,.T.);
#6665=ORIENTED_EDGE('',*,*,#4954,.T.);
#6666=ORIENTED_EDGE('',*,*,#4955,.T.);
#6667=ORIENTED_EDGE('',*,*,#4956,.T.);
#6668=ORIENTED_EDGE('',*,*,#4957,.T.);
#6669=ORIENTED_EDGE('',*,*,#4958,.T.);
#6670=ORIENTED_EDGE('',*,*,#4959,.T.);
#6671=ORIENTED_EDGE('',*,*,#4960,.T.);
#6672=ORIENTED_EDGE('',*,*,#4961,.T.);
#6673=ORIENTED_EDGE('',*,*,#4962,.T.);
#6674=ORIENTED_EDGE('',*,*,#4963,.T.);
#6675=ORIENTED_EDGE('',*,*,#4964,.T.);
#6676=ORIENTED_EDGE('',*,*,#4965,.T.);
#6677=ORIENTED_EDGE('',*,*,#4966,.T.);
#6678=ORIENTED_EDGE('',*,*,#4967,.T.);
#6679=ORIENTED_EDGE('',*,*,#4968,.T.);
#6680=ORIENTED_EDGE('',*,*,#4969,.T.);
#6681=ORIENTED_EDGE('',*,*,#4970,.T.);
#6682=ORIENTED_EDGE('',*,*,#4971,.T.);
#6683=ORIENTED_EDGE('',*,*,#4972,.T.);
#6684=ORIENTED_EDGE('',*,*,#4973,.T.);
#6685=ORIENTED_EDGE('',*,*,#4974,.T.);
#6686=ORIENTED_EDGE('',*,*,#4975,.T.);
#6687=ORIENTED_EDGE('',*,*,#4976,.T.);
#6688=ORIENTED_EDGE('',*,*,#4977,.T.);
#6689=ORIENTED_EDGE('',*,*,#4978,.T.);
#6690=ORIENTED_EDGE('',*,*,#4979,.T.);
#6691=ORIENTED_EDGE('',*,*,#4980,.T.);
#6692=ORIENTED_EDGE('',*,*,#4981,.T.);
#6693=ORIENTED_EDGE('',*,*,#4982,.T.);
#6694=ORIENTED_EDGE('',*,*,#4983,.T.);
#6695=ORIENTED_EDGE('',*,*,#4984,.T.);
#6696=ORIENTED_EDGE('',*,*,#4985,.T.);
#6697=ORIENTED_EDGE('',*,*,#4986,.T.);
#6698=ORIENTED_EDGE('',*,*,#4987,.T.);
#6699=ORIENTED_EDGE('',*,*,#4988,.T.);
#6700=ORIENTED_EDGE('',*,*,#4989,.T.);
#6701=ORIENTED_EDGE('',*,*,#4990,.T.);
#6702=ORIENTED_EDGE('',*,*,#4991,.T.);
#6703=ORIENTED_EDGE('',*,*,#4992,.T.);
#6704=ORIENTED_EDGE('',*,*,#4993,.T.);
#6705=ORIENTED_EDGE('',*,*,#4994,.T.);
#6706=ORIENTED_EDGE('',*,*,#4995,.T.);
#6707=ORIENTED_EDGE('',*,*,#4996,.T.);
#6708=ORIENTED_EDGE('',*,*,#4997,.T.);
#6709=ORIENTED_EDGE('',*,*,#4998,.T.);
#6710=ORIENTED_EDGE('',*,*,#4999,.T.);
#6711=ORIENTED_EDGE('',*,*,#5000,.T.);
#6712=ORIENTED_EDGE('',*,*,#5001,.T.);
#6713=ORIENTED_EDGE('',*,*,#5002,.T.);
#6714=ORIENTED_EDGE('',*,*,#5003,.T.);
#6715=ORIENTED_EDGE('',*,*,#5004,.T.);
#6716=ORIENTED_EDGE('',*,*,#5005,.T.);
#6717=ORIENTED_EDGE('',*,*,#5006,.T.);
#6718=ORIENTED_EDGE('',*,*,#5007,.T.);
#6719=ORIENTED_EDGE('',*,*,#5008,.T.);
#6720=ORIENTED_EDGE('',*,*,#5009,.T.);
#6721=ORIENTED_EDGE('',*,*,#5010,.T.);
#6722=ORIENTED_EDGE('',*,*,#5011,.T.);
#6723=ORIENTED_EDGE('',*,*,#5012,.T.);
#6724=ORIENTED_EDGE('',*,*,#5013,.T.);
#6725=ORIENTED_EDGE('',*,*,#5014,.T.);
#6726=ORIENTED_EDGE('',*,*,#5015,.T.);
#6727=ORIENTED_EDGE('',*,*,#5016,.T.);
#6728=ORIENTED_EDGE('',*,*,#5017,.T.);
#6729=ORIENTED_EDGE('',*,*,#5018,.T.);
#6730=ORIENTED_EDGE('',*,*,#5019,.T.);
#6731=ORIENTED_EDGE('',*,*,#5020,.T.);
#6732=ORIENTED_EDGE('',*,*,#5021,.T.);
#6733=ORIENTED_EDGE('',*,*,#5022,.T.);
#6734=ORIENTED_EDGE('',*,*,#5023,.T.);
#6735=ORIENTED_EDGE('',*,*,#5024,.T.);
#6736=ORIENTED_EDGE('',*,*,#5025,.T.);
#6737=ORIENTED_EDGE('',*,*,#5026,.T.);
#6738=ORIENTED_EDGE('',*,*,#5027,.T.);
#6739=ORIENTED_EDGE('',*,*,#5028,.T.);
#6740=ORIENTED_EDGE('',*,*,#5029,.T.);
#6741=ORIENTED_EDGE('',*,*,#5030,.T.);
#6742=ORIENTED_EDGE('',*,*,#5031,.T.);
#6743=ORIENTED_EDGE('',*,*,#5032,.T.);
#6744=ORIENTED_EDGE('',*,*,#5033,.T.);
#6745=ORIENTED_EDGE('',*,*,#5034,.T.);
#6746=ORIENTED_EDGE('',*,*,#5035,.T.);
#6747=ORIENTED_EDGE('',*,*,#5036,.T.);
#6748=ORIENTED_EDGE('',*,*,#5037,.T.);
#6749=ORIENTED_EDGE('',*,*,#5038,.T.);
#6750=ORIENTED_EDGE('',*,*,#5039,.T.);
#6751=ORIENTED_EDGE('',*,*,#5040,.T.);
#6752=ORIENTED_EDGE('',*,*,#5041,.T.);
#6753=ORIENTED_EDGE('',*,*,#5042,.T.);
#6754=ORIENTED_EDGE('',*,*,#5043,.T.);
#6755=ORIENTED_EDGE('',*,*,#5044,.F.);
#6756=ORIENTED_EDGE('',*,*,#4932,.F.);
#6757=ORIENTED_EDGE('',*,*,#4115,.T.);
#6758=ORIENTED_EDGE('',*,*,#5045,.T.);
#6759=ORIENTED_EDGE('',*,*,#5046,.F.);
#6760=ORIENTED_EDGE('',*,*,#5042,.F.);
#6761=ORIENTED_EDGE('',*,*,#4114,.T.);
#6762=ORIENTED_EDGE('',*,*,#5047,.T.);
#6763=ORIENTED_EDGE('',*,*,#5048,.F.);
#6764=ORIENTED_EDGE('',*,*,#5045,.F.);
#6765=ORIENTED_EDGE('',*,*,#4113,.T.);
#6766=ORIENTED_EDGE('',*,*,#4107,.F.);
#6767=ORIENTED_EDGE('',*,*,#5049,.F.);
#6768=ORIENTED_EDGE('',*,*,#5047,.F.);
#6769=ORIENTED_EDGE('',*,*,#4112,.T.);
#6770=ORIENTED_EDGE('',*,*,#5050,.F.);
#6771=ORIENTED_EDGE('',*,*,#5051,.T.);
#6772=ORIENTED_EDGE('',*,*,#4753,.T.);
#6773=ORIENTED_EDGE('',*,*,#4126,.T.);
#6774=ORIENTED_EDGE('',*,*,#4342,.T.);
#6775=ORIENTED_EDGE('',*,*,#4702,.F.);
#6776=ORIENTED_EDGE('',*,*,#4584,.F.);
#6777=ORIENTED_EDGE('',*,*,#5052,.T.);
#6778=ORIENTED_EDGE('',*,*,#4218,.T.);
#6779=ORIENTED_EDGE('',*,*,#5053,.F.);
#6780=ORIENTED_EDGE('',*,*,#4378,.F.);
#6781=ORIENTED_EDGE('',*,*,#4719,.T.);
#6782=ORIENTED_EDGE('',*,*,#4217,.T.);
#6783=ORIENTED_EDGE('',*,*,#5054,.F.);
#6784=ORIENTED_EDGE('',*,*,#4379,.F.);
#6785=ORIENTED_EDGE('',*,*,#5053,.T.);
#6786=ORIENTED_EDGE('',*,*,#4216,.T.);
#6787=ORIENTED_EDGE('',*,*,#5055,.F.);
#6788=ORIENTED_EDGE('',*,*,#4380,.F.);
#6789=ORIENTED_EDGE('',*,*,#5054,.T.);
#6790=ORIENTED_EDGE('',*,*,#4344,.T.);
#6791=ORIENTED_EDGE('',*,*,#5056,.F.);
#6792=ORIENTED_EDGE('',*,*,#4582,.F.);
#6793=ORIENTED_EDGE('',*,*,#4752,.T.);
#6794=ORIENTED_EDGE('',*,*,#4343,.T.);
#6795=ORIENTED_EDGE('',*,*,#5052,.F.);
#6796=ORIENTED_EDGE('',*,*,#4583,.F.);
#6797=ORIENTED_EDGE('',*,*,#5056,.T.);
#6798=ORIENTED_EDGE('',*,*,#4215,.T.);
#6799=ORIENTED_EDGE('',*,*,#4627,.F.);
#6800=ORIENTED_EDGE('',*,*,#4367,.T.);
#6801=ORIENTED_EDGE('',*,*,#5055,.T.);
#6802=ORIENTED_EDGE('',*,*,#5057,.F.);
#6803=ORIENTED_EDGE('',*,*,#5058,.T.);
#6804=ORIENTED_EDGE('',*,*,#5059,.F.);
#6805=ORIENTED_EDGE('',*,*,#5060,.T.);
#6806=ORIENTED_EDGE('',*,*,#5061,.F.);
#6807=ORIENTED_EDGE('',*,*,#5060,.F.);
#6808=ORIENTED_EDGE('',*,*,#5062,.F.);
#6809=ORIENTED_EDGE('',*,*,#4928,.T.);
#6810=ORIENTED_EDGE('',*,*,#5063,.F.);
#6811=ORIENTED_EDGE('',*,*,#4922,.T.);
#6812=ORIENTED_EDGE('',*,*,#5064,.F.);
#6813=ORIENTED_EDGE('',*,*,#5065,.F.);
#6814=ORIENTED_EDGE('',*,*,#5066,.F.);
#6815=ORIENTED_EDGE('',*,*,#5067,.F.);
#6816=ORIENTED_EDGE('',*,*,#5068,.F.);
#6817=ORIENTED_EDGE('',*,*,#4886,.T.);
#6818=ORIENTED_EDGE('',*,*,#5069,.F.);
#6819=ORIENTED_EDGE('',*,*,#4879,.T.);
#6820=ORIENTED_EDGE('',*,*,#5070,.F.);
#6821=ORIENTED_EDGE('',*,*,#5058,.F.);
#6822=ORIENTED_EDGE('',*,*,#5071,.F.);
#6823=ORIENTED_EDGE('',*,*,#5065,.T.);
#6824=ORIENTED_EDGE('',*,*,#5072,.F.);
#6825=ORIENTED_EDGE('',*,*,#5073,.F.);
#6826=ORIENTED_EDGE('',*,*,#5067,.T.);
#6827=ORIENTED_EDGE('',*,*,#5074,.F.);
#6828=ORIENTED_EDGE('',*,*,#5063,.T.);
#6829=ORIENTED_EDGE('',*,*,#5071,.T.);
#6830=ORIENTED_EDGE('',*,*,#5075,.T.);
#6831=ORIENTED_EDGE('',*,*,#5076,.F.);
#6832=ORIENTED_EDGE('',*,*,#5077,.F.);
#6833=ORIENTED_EDGE('',*,*,#4923,.F.);
#6834=ORIENTED_EDGE('',*,*,#5074,.T.);
#6835=ORIENTED_EDGE('',*,*,#5066,.T.);
#6836=ORIENTED_EDGE('',*,*,#4885,.F.);
#6837=ORIENTED_EDGE('',*,*,#5078,.T.);
#6838=ORIENTED_EDGE('',*,*,#5079,.F.);
#6839=ORIENTED_EDGE('',*,*,#5075,.F.);
#6840=ORIENTED_EDGE('',*,*,#5080,.T.);
#6841=ORIENTED_EDGE('',*,*,#5081,.T.);
#6842=ORIENTED_EDGE('',*,*,#5082,.T.);
#6843=ORIENTED_EDGE('',*,*,#5076,.T.);
#6844=ORIENTED_EDGE('',*,*,#5079,.T.);
#6845=ORIENTED_EDGE('',*,*,#5083,.T.);
#6846=ORIENTED_EDGE('',*,*,#5084,.T.);
#6847=ORIENTED_EDGE('',*,*,#5085,.T.);
#6848=ORIENTED_EDGE('',*,*,#5086,.T.);
#6849=ORIENTED_EDGE('',*,*,#5087,.T.);
#6850=ORIENTED_EDGE('',*,*,#5082,.F.);
#6851=ORIENTED_EDGE('',*,*,#5088,.F.);
#6852=ORIENTED_EDGE('',*,*,#4924,.F.);
#6853=ORIENTED_EDGE('',*,*,#5077,.T.);
#6854=ORIENTED_EDGE('',*,*,#5081,.F.);
#6855=ORIENTED_EDGE('',*,*,#5089,.F.);
#6856=ORIENTED_EDGE('',*,*,#4925,.F.);
#6857=ORIENTED_EDGE('',*,*,#5088,.T.);
#6858=ORIENTED_EDGE('',*,*,#5080,.F.);
#6859=ORIENTED_EDGE('',*,*,#5090,.F.);
#6860=ORIENTED_EDGE('',*,*,#4926,.F.);
#6861=ORIENTED_EDGE('',*,*,#5089,.T.);
#6862=ORIENTED_EDGE('',*,*,#5061,.T.);
#6863=ORIENTED_EDGE('',*,*,#4927,.F.);
#6864=ORIENTED_EDGE('',*,*,#5090,.T.);
#6865=ORIENTED_EDGE('',*,*,#5087,.F.);
#6866=ORIENTED_EDGE('',*,*,#5091,.F.);
#6867=ORIENTED_EDGE('',*,*,#4880,.F.);
#6868=ORIENTED_EDGE('',*,*,#5069,.T.);
#6869=ORIENTED_EDGE('',*,*,#5057,.T.);
#6870=ORIENTED_EDGE('',*,*,#5086,.F.);
#6871=ORIENTED_EDGE('',*,*,#5092,.F.);
#6872=ORIENTED_EDGE('',*,*,#4881,.F.);
#6873=ORIENTED_EDGE('',*,*,#5091,.T.);
#6874=ORIENTED_EDGE('',*,*,#5085,.F.);
#6875=ORIENTED_EDGE('',*,*,#5093,.F.);
#6876=ORIENTED_EDGE('',*,*,#4882,.F.);
#6877=ORIENTED_EDGE('',*,*,#5092,.T.);
#6878=ORIENTED_EDGE('',*,*,#5084,.F.);
#6879=ORIENTED_EDGE('',*,*,#5094,.F.);
#6880=ORIENTED_EDGE('',*,*,#4883,.F.);
#6881=ORIENTED_EDGE('',*,*,#5093,.T.);
#6882=ORIENTED_EDGE('',*,*,#5083,.F.);
#6883=ORIENTED_EDGE('',*,*,#5078,.F.);
#6884=ORIENTED_EDGE('',*,*,#4884,.F.);
#6885=ORIENTED_EDGE('',*,*,#5094,.T.);
#6886=ORIENTED_EDGE('',*,*,#5068,.T.);
#6887=ORIENTED_EDGE('',*,*,#5073,.T.);
#6888=ORIENTED_EDGE('',*,*,#5095,.T.);
#6889=ORIENTED_EDGE('',*,*,#5012,.F.);
#6890=ORIENTED_EDGE('',*,*,#5096,.F.);
#6891=ORIENTED_EDGE('',*,*,#4887,.F.);
#6892=ORIENTED_EDGE('',*,*,#4143,.T.);
#6893=ORIENTED_EDGE('',*,*,#5097,.F.);
#6894=ORIENTED_EDGE('',*,*,#4399,.T.);
#6895=ORIENTED_EDGE('',*,*,#5098,.F.);
#6896=ORIENTED_EDGE('',*,*,#4148,.T.);
#6897=ORIENTED_EDGE('',*,*,#5099,.F.);
#6898=ORIENTED_EDGE('',*,*,#4394,.T.);
#6899=ORIENTED_EDGE('',*,*,#4709,.F.);
#6900=ORIENTED_EDGE('',*,*,#4147,.T.);
#6901=ORIENTED_EDGE('',*,*,#5100,.F.);
#6902=ORIENTED_EDGE('',*,*,#4395,.F.);
#6903=ORIENTED_EDGE('',*,*,#5099,.T.);
#6904=ORIENTED_EDGE('',*,*,#4145,.T.);
#6905=ORIENTED_EDGE('',*,*,#5101,.F.);
#6906=ORIENTED_EDGE('',*,*,#4397,.F.);
#6907=ORIENTED_EDGE('',*,*,#5102,.T.);
#6908=ORIENTED_EDGE('',*,*,#4146,.T.);
#6909=ORIENTED_EDGE('',*,*,#5102,.F.);
#6910=ORIENTED_EDGE('',*,*,#4396,.F.);
#6911=ORIENTED_EDGE('',*,*,#5100,.T.);
#6912=ORIENTED_EDGE('',*,*,#4144,.T.);
#6913=ORIENTED_EDGE('',*,*,#5098,.T.);
#6914=ORIENTED_EDGE('',*,*,#4398,.F.);
#6915=ORIENTED_EDGE('',*,*,#5101,.T.);
#6916=ORIENTED_EDGE('',*,*,#4142,.T.);
#6917=ORIENTED_EDGE('',*,*,#5103,.F.);
#6918=ORIENTED_EDGE('',*,*,#4400,.F.);
#6919=ORIENTED_EDGE('',*,*,#5097,.T.);
#6920=ORIENTED_EDGE('',*,*,#4333,.T.);
#6921=ORIENTED_EDGE('',*,*,#5104,.F.);
#6922=ORIENTED_EDGE('',*,*,#4455,.T.);
#6923=ORIENTED_EDGE('',*,*,#4749,.F.);
#6924=ORIENTED_EDGE('',*,*,#4332,.T.);
#6925=ORIENTED_EDGE('',*,*,#5105,.F.);
#6926=ORIENTED_EDGE('',*,*,#4456,.F.);
#6927=ORIENTED_EDGE('',*,*,#5104,.T.);
#6928=ORIENTED_EDGE('',*,*,#4331,.T.);
#6929=ORIENTED_EDGE('',*,*,#5106,.F.);
#6930=ORIENTED_EDGE('',*,*,#4457,.F.);
#6931=ORIENTED_EDGE('',*,*,#5105,.T.);
#6932=ORIENTED_EDGE('',*,*,#4330,.T.);
#6933=ORIENTED_EDGE('',*,*,#4696,.F.);
#6934=ORIENTED_EDGE('',*,*,#4458,.F.);
#6935=ORIENTED_EDGE('',*,*,#5106,.T.);
#6936=ORIENTED_EDGE('',*,*,#4197,.T.);
#6937=ORIENTED_EDGE('',*,*,#5107,.F.);
#6938=ORIENTED_EDGE('',*,*,#4433,.T.);
#6939=ORIENTED_EDGE('',*,*,#5108,.F.);
#6940=ORIENTED_EDGE('',*,*,#4322,.T.);
#6941=ORIENTED_EDGE('',*,*,#5109,.F.);
#6942=ORIENTED_EDGE('',*,*,#4530,.T.);
#6943=ORIENTED_EDGE('',*,*,#5110,.F.);
#6944=ORIENTED_EDGE('',*,*,#4198,.T.);
#6945=ORIENTED_EDGE('',*,*,#5108,.T.);
#6946=ORIENTED_EDGE('',*,*,#4432,.F.);
#6947=ORIENTED_EDGE('',*,*,#4625,.T.);
#6948=ORIENTED_EDGE('',*,*,#4315,.T.);
#6949=ORIENTED_EDGE('',*,*,#5110,.T.);
#6950=ORIENTED_EDGE('',*,*,#4537,.F.);
#6951=ORIENTED_EDGE('',*,*,#5111,.T.);
#6952=ORIENTED_EDGE('',*,*,#4321,.T.);
#6953=ORIENTED_EDGE('',*,*,#4691,.F.);
#6954=ORIENTED_EDGE('',*,*,#4531,.F.);
#6955=ORIENTED_EDGE('',*,*,#5109,.T.);
#6956=ORIENTED_EDGE('',*,*,#4936,.F.);
#6957=ORIENTED_EDGE('',*,*,#5112,.F.);
#6958=ORIENTED_EDGE('',*,*,#4807,.F.);
#6959=ORIENTED_EDGE('',*,*,#5113,.T.);
#6960=ORIENTED_EDGE('',*,*,#4937,.F.);
#6961=ORIENTED_EDGE('',*,*,#5113,.F.);
#6962=ORIENTED_EDGE('',*,*,#4806,.F.);
#6963=ORIENTED_EDGE('',*,*,#5114,.T.);
#6964=ORIENTED_EDGE('',*,*,#4934,.F.);
#6965=ORIENTED_EDGE('',*,*,#5114,.F.);
#6966=ORIENTED_EDGE('',*,*,#4805,.F.);
#6967=ORIENTED_EDGE('',*,*,#5115,.T.);
#6968=ORIENTED_EDGE('',*,*,#4935,.F.);
#6969=ORIENTED_EDGE('',*,*,#5115,.F.);
#6970=ORIENTED_EDGE('',*,*,#4808,.F.);
#6971=ORIENTED_EDGE('',*,*,#5112,.T.);
#6972=ORIENTED_EDGE('',*,*,#4940,.F.);
#6973=ORIENTED_EDGE('',*,*,#5116,.F.);
#6974=ORIENTED_EDGE('',*,*,#4811,.F.);
#6975=ORIENTED_EDGE('',*,*,#5117,.T.);
#6976=ORIENTED_EDGE('',*,*,#4941,.F.);
#6977=ORIENTED_EDGE('',*,*,#5117,.F.);
#6978=ORIENTED_EDGE('',*,*,#4810,.F.);
#6979=ORIENTED_EDGE('',*,*,#5118,.T.);
#6980=ORIENTED_EDGE('',*,*,#4938,.F.);
#6981=ORIENTED_EDGE('',*,*,#5118,.F.);
#6982=ORIENTED_EDGE('',*,*,#4809,.F.);
#6983=ORIENTED_EDGE('',*,*,#5119,.T.);
#6984=ORIENTED_EDGE('',*,*,#4939,.F.);
#6985=ORIENTED_EDGE('',*,*,#5119,.F.);
#6986=ORIENTED_EDGE('',*,*,#4812,.F.);
#6987=ORIENTED_EDGE('',*,*,#5116,.T.);
#6988=ORIENTED_EDGE('',*,*,#4960,.F.);
#6989=ORIENTED_EDGE('',*,*,#5120,.F.);
#6990=ORIENTED_EDGE('',*,*,#4830,.F.);
#6991=ORIENTED_EDGE('',*,*,#5121,.T.);
#6992=ORIENTED_EDGE('',*,*,#4961,.F.);
#6993=ORIENTED_EDGE('',*,*,#5121,.F.);
#6994=ORIENTED_EDGE('',*,*,#4829,.F.);
#6995=ORIENTED_EDGE('',*,*,#5122,.T.);
#6996=ORIENTED_EDGE('',*,*,#4962,.F.);
#6997=ORIENTED_EDGE('',*,*,#5122,.F.);
#6998=ORIENTED_EDGE('',*,*,#4828,.F.);
#6999=ORIENTED_EDGE('',*,*,#5123,.T.);
#7000=ORIENTED_EDGE('',*,*,#4963,.F.);
#7001=ORIENTED_EDGE('',*,*,#5123,.F.);
#7002=ORIENTED_EDGE('',*,*,#4827,.F.);
#7003=ORIENTED_EDGE('',*,*,#5124,.T.);
#7004=ORIENTED_EDGE('',*,*,#4964,.F.);
#7005=ORIENTED_EDGE('',*,*,#5124,.F.);
#7006=ORIENTED_EDGE('',*,*,#4826,.F.);
#7007=ORIENTED_EDGE('',*,*,#5125,.T.);
#7008=ORIENTED_EDGE('',*,*,#4965,.F.);
#7009=ORIENTED_EDGE('',*,*,#5125,.F.);
#7010=ORIENTED_EDGE('',*,*,#4825,.F.);
#7011=ORIENTED_EDGE('',*,*,#5126,.T.);
#7012=ORIENTED_EDGE('',*,*,#4966,.F.);
#7013=ORIENTED_EDGE('',*,*,#5126,.F.);
#7014=ORIENTED_EDGE('',*,*,#4824,.F.);
#7015=ORIENTED_EDGE('',*,*,#5127,.T.);
#7016=ORIENTED_EDGE('',*,*,#4967,.F.);
#7017=ORIENTED_EDGE('',*,*,#5127,.F.);
#7018=ORIENTED_EDGE('',*,*,#4823,.F.);
#7019=ORIENTED_EDGE('',*,*,#5128,.T.);
#7020=ORIENTED_EDGE('',*,*,#4968,.F.);
#7021=ORIENTED_EDGE('',*,*,#5128,.F.);
#7022=ORIENTED_EDGE('',*,*,#4822,.F.);
#7023=ORIENTED_EDGE('',*,*,#5129,.T.);
#7024=ORIENTED_EDGE('',*,*,#4969,.F.);
#7025=ORIENTED_EDGE('',*,*,#5129,.F.);
#7026=ORIENTED_EDGE('',*,*,#4821,.F.);
#7027=ORIENTED_EDGE('',*,*,#5130,.T.);
#7028=ORIENTED_EDGE('',*,*,#4970,.F.);
#7029=ORIENTED_EDGE('',*,*,#5130,.F.);
#7030=ORIENTED_EDGE('',*,*,#4820,.F.);
#7031=ORIENTED_EDGE('',*,*,#5131,.T.);
#7032=ORIENTED_EDGE('',*,*,#4971,.F.);
#7033=ORIENTED_EDGE('',*,*,#5131,.F.);
#7034=ORIENTED_EDGE('',*,*,#4819,.F.);
#7035=ORIENTED_EDGE('',*,*,#5132,.T.);
#7036=ORIENTED_EDGE('',*,*,#4972,.F.);
#7037=ORIENTED_EDGE('',*,*,#5132,.F.);
#7038=ORIENTED_EDGE('',*,*,#4818,.F.);
#7039=ORIENTED_EDGE('',*,*,#5133,.T.);
#7040=ORIENTED_EDGE('',*,*,#4973,.F.);
#7041=ORIENTED_EDGE('',*,*,#5133,.F.);
#7042=ORIENTED_EDGE('',*,*,#4817,.F.);
#7043=ORIENTED_EDGE('',*,*,#5134,.T.);
#7044=ORIENTED_EDGE('',*,*,#4974,.F.);
#7045=ORIENTED_EDGE('',*,*,#5134,.F.);
#7046=ORIENTED_EDGE('',*,*,#4816,.F.);
#7047=ORIENTED_EDGE('',*,*,#5135,.T.);
#7048=ORIENTED_EDGE('',*,*,#4975,.F.);
#7049=ORIENTED_EDGE('',*,*,#5135,.F.);
#7050=ORIENTED_EDGE('',*,*,#4815,.F.);
#7051=ORIENTED_EDGE('',*,*,#5136,.T.);
#7052=ORIENTED_EDGE('',*,*,#4976,.F.);
#7053=ORIENTED_EDGE('',*,*,#5136,.F.);
#7054=ORIENTED_EDGE('',*,*,#4814,.F.);
#7055=ORIENTED_EDGE('',*,*,#5137,.T.);
#7056=ORIENTED_EDGE('',*,*,#4942,.F.);
#7057=ORIENTED_EDGE('',*,*,#5137,.F.);
#7058=ORIENTED_EDGE('',*,*,#4813,.F.);
#7059=ORIENTED_EDGE('',*,*,#5138,.T.);
#7060=ORIENTED_EDGE('',*,*,#4943,.F.);
#7061=ORIENTED_EDGE('',*,*,#5138,.F.);
#7062=ORIENTED_EDGE('',*,*,#4847,.F.);
#7063=ORIENTED_EDGE('',*,*,#5139,.T.);
#7064=ORIENTED_EDGE('',*,*,#4944,.F.);
#7065=ORIENTED_EDGE('',*,*,#5139,.F.);
#7066=ORIENTED_EDGE('',*,*,#4846,.F.);
#7067=ORIENTED_EDGE('',*,*,#5140,.T.);
#7068=ORIENTED_EDGE('',*,*,#4945,.F.);
#7069=ORIENTED_EDGE('',*,*,#5140,.F.);
#7070=ORIENTED_EDGE('',*,*,#4845,.F.);
#7071=ORIENTED_EDGE('',*,*,#5141,.T.);
#7072=ORIENTED_EDGE('',*,*,#4946,.F.);
#7073=ORIENTED_EDGE('',*,*,#5141,.F.);
#7074=ORIENTED_EDGE('',*,*,#4844,.F.);
#7075=ORIENTED_EDGE('',*,*,#5142,.T.);
#7076=ORIENTED_EDGE('',*,*,#4947,.F.);
#7077=ORIENTED_EDGE('',*,*,#5142,.F.);
#7078=ORIENTED_EDGE('',*,*,#4843,.F.);
#7079=ORIENTED_EDGE('',*,*,#5143,.T.);
#7080=ORIENTED_EDGE('',*,*,#4948,.F.);
#7081=ORIENTED_EDGE('',*,*,#5143,.F.);
#7082=ORIENTED_EDGE('',*,*,#4842,.F.);
#7083=ORIENTED_EDGE('',*,*,#5144,.T.);
#7084=ORIENTED_EDGE('',*,*,#4949,.F.);
#7085=ORIENTED_EDGE('',*,*,#5144,.F.);
#7086=ORIENTED_EDGE('',*,*,#4841,.F.);
#7087=ORIENTED_EDGE('',*,*,#5145,.T.);
#7088=ORIENTED_EDGE('',*,*,#4950,.F.);
#7089=ORIENTED_EDGE('',*,*,#5145,.F.);
#7090=ORIENTED_EDGE('',*,*,#4840,.F.);
#7091=ORIENTED_EDGE('',*,*,#5146,.T.);
#7092=ORIENTED_EDGE('',*,*,#4951,.F.);
#7093=ORIENTED_EDGE('',*,*,#5146,.F.);
#7094=ORIENTED_EDGE('',*,*,#4839,.F.);
#7095=ORIENTED_EDGE('',*,*,#5147,.T.);
#7096=ORIENTED_EDGE('',*,*,#4952,.F.);
#7097=ORIENTED_EDGE('',*,*,#5147,.F.);
#7098=ORIENTED_EDGE('',*,*,#4838,.F.);
#7099=ORIENTED_EDGE('',*,*,#5148,.T.);
#7100=ORIENTED_EDGE('',*,*,#4953,.F.);
#7101=ORIENTED_EDGE('',*,*,#5148,.F.);
#7102=ORIENTED_EDGE('',*,*,#4837,.F.);
#7103=ORIENTED_EDGE('',*,*,#5149,.T.);
#7104=ORIENTED_EDGE('',*,*,#4954,.F.);
#7105=ORIENTED_EDGE('',*,*,#5149,.F.);
#7106=ORIENTED_EDGE('',*,*,#4836,.F.);
#7107=ORIENTED_EDGE('',*,*,#5150,.T.);
#7108=ORIENTED_EDGE('',*,*,#4955,.F.);
#7109=ORIENTED_EDGE('',*,*,#5150,.F.);
#7110=ORIENTED_EDGE('',*,*,#4835,.F.);
#7111=ORIENTED_EDGE('',*,*,#5151,.T.);
#7112=ORIENTED_EDGE('',*,*,#4956,.F.);
#7113=ORIENTED_EDGE('',*,*,#5151,.F.);
#7114=ORIENTED_EDGE('',*,*,#4834,.F.);
#7115=ORIENTED_EDGE('',*,*,#5152,.T.);
#7116=ORIENTED_EDGE('',*,*,#4957,.F.);
#7117=ORIENTED_EDGE('',*,*,#5152,.F.);
#7118=ORIENTED_EDGE('',*,*,#4833,.F.);
#7119=ORIENTED_EDGE('',*,*,#5153,.T.);
#7120=ORIENTED_EDGE('',*,*,#4958,.F.);
#7121=ORIENTED_EDGE('',*,*,#5153,.F.);
#7122=ORIENTED_EDGE('',*,*,#4832,.F.);
#7123=ORIENTED_EDGE('',*,*,#5154,.T.);
#7124=ORIENTED_EDGE('',*,*,#4959,.F.);
#7125=ORIENTED_EDGE('',*,*,#5154,.F.);
#7126=ORIENTED_EDGE('',*,*,#4831,.F.);
#7127=ORIENTED_EDGE('',*,*,#5120,.T.);
#7128=ORIENTED_EDGE('',*,*,#4983,.F.);
#7129=ORIENTED_EDGE('',*,*,#5155,.F.);
#7130=ORIENTED_EDGE('',*,*,#4854,.F.);
#7131=ORIENTED_EDGE('',*,*,#5156,.T.);
#7132=ORIENTED_EDGE('',*,*,#4984,.F.);
#7133=ORIENTED_EDGE('',*,*,#5156,.F.);
#7134=ORIENTED_EDGE('',*,*,#4853,.F.);
#7135=ORIENTED_EDGE('',*,*,#5157,.T.);
#7136=ORIENTED_EDGE('',*,*,#4985,.F.);
#7137=ORIENTED_EDGE('',*,*,#5157,.F.);
#7138=ORIENTED_EDGE('',*,*,#4852,.F.);
#7139=ORIENTED_EDGE('',*,*,#5158,.T.);
#7140=ORIENTED_EDGE('',*,*,#4986,.F.);
#7141=ORIENTED_EDGE('',*,*,#5158,.F.);
#7142=ORIENTED_EDGE('',*,*,#4851,.F.);
#7143=ORIENTED_EDGE('',*,*,#5159,.T.);
#7144=ORIENTED_EDGE('',*,*,#4987,.F.);
#7145=ORIENTED_EDGE('',*,*,#5159,.F.);
#7146=ORIENTED_EDGE('',*,*,#4850,.F.);
#7147=ORIENTED_EDGE('',*,*,#5160,.T.);
#7148=ORIENTED_EDGE('',*,*,#4988,.F.);
#7149=ORIENTED_EDGE('',*,*,#5160,.F.);
#7150=ORIENTED_EDGE('',*,*,#4849,.F.);
#7151=ORIENTED_EDGE('',*,*,#5161,.T.);
#7152=ORIENTED_EDGE('',*,*,#4977,.F.);
#7153=ORIENTED_EDGE('',*,*,#5161,.F.);
#7154=ORIENTED_EDGE('',*,*,#4848,.F.);
#7155=ORIENTED_EDGE('',*,*,#5162,.T.);
#7156=ORIENTED_EDGE('',*,*,#4978,.F.);
#7157=ORIENTED_EDGE('',*,*,#5162,.F.);
#7158=ORIENTED_EDGE('',*,*,#4859,.F.);
#7159=ORIENTED_EDGE('',*,*,#5163,.T.);
#7160=ORIENTED_EDGE('',*,*,#4979,.F.);
#7161=ORIENTED_EDGE('',*,*,#5163,.F.);
#7162=ORIENTED_EDGE('',*,*,#4858,.F.);
#7163=ORIENTED_EDGE('',*,*,#5164,.T.);
#7164=ORIENTED_EDGE('',*,*,#4980,.F.);
#7165=ORIENTED_EDGE('',*,*,#5164,.F.);
#7166=ORIENTED_EDGE('',*,*,#4857,.F.);
#7167=ORIENTED_EDGE('',*,*,#5165,.T.);
#7168=ORIENTED_EDGE('',*,*,#4981,.F.);
#7169=ORIENTED_EDGE('',*,*,#5165,.F.);
#7170=ORIENTED_EDGE('',*,*,#4856,.F.);
#7171=ORIENTED_EDGE('',*,*,#5166,.T.);
#7172=ORIENTED_EDGE('',*,*,#4982,.F.);
#7173=ORIENTED_EDGE('',*,*,#5166,.F.);
#7174=ORIENTED_EDGE('',*,*,#4855,.F.);
#7175=ORIENTED_EDGE('',*,*,#5155,.T.);
#7176=ORIENTED_EDGE('',*,*,#4991,.F.);
#7177=ORIENTED_EDGE('',*,*,#5167,.F.);
#7178=ORIENTED_EDGE('',*,*,#4862,.F.);
#7179=ORIENTED_EDGE('',*,*,#5168,.T.);
#7180=ORIENTED_EDGE('',*,*,#4992,.F.);
#7181=ORIENTED_EDGE('',*,*,#5168,.F.);
#7182=ORIENTED_EDGE('',*,*,#4861,.F.);
#7183=ORIENTED_EDGE('',*,*,#5169,.T.);
#7184=ORIENTED_EDGE('',*,*,#4989,.F.);
#7185=ORIENTED_EDGE('',*,*,#5169,.F.);
#7186=ORIENTED_EDGE('',*,*,#4860,.F.);
#7187=ORIENTED_EDGE('',*,*,#5170,.T.);
#7188=ORIENTED_EDGE('',*,*,#4990,.F.);
#7189=ORIENTED_EDGE('',*,*,#5170,.F.);
#7190=ORIENTED_EDGE('',*,*,#4863,.F.);
#7191=ORIENTED_EDGE('',*,*,#5167,.T.);
#7192=ORIENTED_EDGE('',*,*,#4995,.F.);
#7193=ORIENTED_EDGE('',*,*,#5171,.F.);
#7194=ORIENTED_EDGE('',*,*,#4866,.F.);
#7195=ORIENTED_EDGE('',*,*,#5172,.T.);
#7196=ORIENTED_EDGE('',*,*,#4996,.F.);
#7197=ORIENTED_EDGE('',*,*,#5172,.F.);
#7198=ORIENTED_EDGE('',*,*,#4865,.F.);
#7199=ORIENTED_EDGE('',*,*,#5173,.T.);
#7200=ORIENTED_EDGE('',*,*,#4993,.F.);
#7201=ORIENTED_EDGE('',*,*,#5173,.F.);
#7202=ORIENTED_EDGE('',*,*,#4864,.F.);
#7203=ORIENTED_EDGE('',*,*,#5174,.T.);
#7204=ORIENTED_EDGE('',*,*,#4994,.F.);
#7205=ORIENTED_EDGE('',*,*,#5174,.F.);
#7206=ORIENTED_EDGE('',*,*,#4867,.F.);
#7207=ORIENTED_EDGE('',*,*,#5171,.T.);
#7208=ORIENTED_EDGE('',*,*,#5003,.F.);
#7209=ORIENTED_EDGE('',*,*,#5175,.F.);
#7210=ORIENTED_EDGE('',*,*,#4873,.F.);
#7211=ORIENTED_EDGE('',*,*,#5176,.T.);
#7212=ORIENTED_EDGE('',*,*,#5004,.F.);
#7213=ORIENTED_EDGE('',*,*,#5176,.F.);
#7214=ORIENTED_EDGE('',*,*,#4872,.F.);
#7215=ORIENTED_EDGE('',*,*,#5177,.T.);
#7216=ORIENTED_EDGE('',*,*,#5005,.F.);
#7217=ORIENTED_EDGE('',*,*,#5177,.F.);
#7218=ORIENTED_EDGE('',*,*,#4871,.F.);
#7219=ORIENTED_EDGE('',*,*,#5178,.T.);
#7220=ORIENTED_EDGE('',*,*,#5006,.F.);
#7221=ORIENTED_EDGE('',*,*,#5178,.F.);
#7222=ORIENTED_EDGE('',*,*,#4870,.F.);
#7223=ORIENTED_EDGE('',*,*,#5179,.T.);
#7224=ORIENTED_EDGE('',*,*,#5007,.F.);
#7225=ORIENTED_EDGE('',*,*,#5179,.F.);
#7226=ORIENTED_EDGE('',*,*,#4869,.F.);
#7227=ORIENTED_EDGE('',*,*,#5180,.T.);
#7228=ORIENTED_EDGE('',*,*,#4997,.F.);
#7229=ORIENTED_EDGE('',*,*,#5180,.F.);
#7230=ORIENTED_EDGE('',*,*,#4868,.F.);
#7231=ORIENTED_EDGE('',*,*,#5181,.T.);
#7232=ORIENTED_EDGE('',*,*,#4998,.F.);
#7233=ORIENTED_EDGE('',*,*,#5181,.F.);
#7234=ORIENTED_EDGE('',*,*,#4878,.F.);
#7235=ORIENTED_EDGE('',*,*,#5182,.T.);
#7236=ORIENTED_EDGE('',*,*,#4999,.F.);
#7237=ORIENTED_EDGE('',*,*,#5182,.F.);
#7238=ORIENTED_EDGE('',*,*,#4877,.F.);
#7239=ORIENTED_EDGE('',*,*,#5183,.T.);
#7240=ORIENTED_EDGE('',*,*,#5000,.F.);
#7241=ORIENTED_EDGE('',*,*,#5183,.F.);
#7242=ORIENTED_EDGE('',*,*,#4876,.F.);
#7243=ORIENTED_EDGE('',*,*,#5184,.T.);
#7244=ORIENTED_EDGE('',*,*,#5001,.F.);
#7245=ORIENTED_EDGE('',*,*,#5184,.F.);
#7246=ORIENTED_EDGE('',*,*,#4875,.F.);
#7247=ORIENTED_EDGE('',*,*,#5185,.T.);
#7248=ORIENTED_EDGE('',*,*,#5002,.F.);
#7249=ORIENTED_EDGE('',*,*,#5185,.F.);
#7250=ORIENTED_EDGE('',*,*,#4874,.F.);
#7251=ORIENTED_EDGE('',*,*,#5175,.T.);
#7252=ORIENTED_EDGE('',*,*,#5014,.F.);
#7253=ORIENTED_EDGE('',*,*,#5186,.F.);
#7254=ORIENTED_EDGE('',*,*,#4920,.F.);
#7255=ORIENTED_EDGE('',*,*,#5187,.T.);
#7256=ORIENTED_EDGE('',*,*,#5015,.F.);
#7257=ORIENTED_EDGE('',*,*,#5187,.F.);
#7258=ORIENTED_EDGE('',*,*,#4919,.F.);
#7259=ORIENTED_EDGE('',*,*,#5188,.T.);
#7260=ORIENTED_EDGE('',*,*,#5016,.F.);
#7261=ORIENTED_EDGE('',*,*,#5188,.F.);
#7262=ORIENTED_EDGE('',*,*,#4918,.F.);
#7263=ORIENTED_EDGE('',*,*,#5189,.T.);
#7264=ORIENTED_EDGE('',*,*,#5017,.F.);
#7265=ORIENTED_EDGE('',*,*,#5189,.F.);
#7266=ORIENTED_EDGE('',*,*,#4917,.F.);
#7267=ORIENTED_EDGE('',*,*,#5190,.T.);
#7268=ORIENTED_EDGE('',*,*,#5070,.T.);
#7269=ORIENTED_EDGE('',*,*,#4893,.F.);
#7270=ORIENTED_EDGE('',*,*,#5191,.T.);
#7271=ORIENTED_EDGE('',*,*,#5018,.F.);
#7272=ORIENTED_EDGE('',*,*,#5190,.F.);
#7273=ORIENTED_EDGE('',*,*,#4916,.F.);
#7274=ORIENTED_EDGE('',*,*,#5062,.T.);
#7275=ORIENTED_EDGE('',*,*,#5059,.T.);
#7276=ORIENTED_EDGE('',*,*,#5019,.F.);
#7277=ORIENTED_EDGE('',*,*,#5191,.F.);
#7278=ORIENTED_EDGE('',*,*,#4892,.F.);
#7279=ORIENTED_EDGE('',*,*,#5192,.T.);
#7280=ORIENTED_EDGE('',*,*,#5008,.F.);
#7281=ORIENTED_EDGE('',*,*,#5192,.F.);
#7282=ORIENTED_EDGE('',*,*,#4891,.F.);
#7283=ORIENTED_EDGE('',*,*,#5193,.T.);
#7284=ORIENTED_EDGE('',*,*,#5009,.F.);
#7285=ORIENTED_EDGE('',*,*,#5193,.F.);
#7286=ORIENTED_EDGE('',*,*,#4890,.F.);
#7287=ORIENTED_EDGE('',*,*,#5194,.T.);
#7288=ORIENTED_EDGE('',*,*,#5010,.F.);
#7289=ORIENTED_EDGE('',*,*,#5194,.F.);
#7290=ORIENTED_EDGE('',*,*,#4889,.F.);
#7291=ORIENTED_EDGE('',*,*,#5195,.T.);
#7292=ORIENTED_EDGE('',*,*,#5011,.F.);
#7293=ORIENTED_EDGE('',*,*,#5195,.F.);
#7294=ORIENTED_EDGE('',*,*,#4888,.F.);
#7295=ORIENTED_EDGE('',*,*,#5096,.T.);
#7296=ORIENTED_EDGE('',*,*,#5064,.T.);
#7297=ORIENTED_EDGE('',*,*,#4921,.F.);
#7298=ORIENTED_EDGE('',*,*,#5186,.T.);
#7299=ORIENTED_EDGE('',*,*,#5013,.F.);
#7300=ORIENTED_EDGE('',*,*,#5095,.F.);
#7301=ORIENTED_EDGE('',*,*,#5072,.T.);
#7302=ORIENTED_EDGE('',*,*,#5031,.F.);
#7303=ORIENTED_EDGE('',*,*,#5196,.F.);
#7304=ORIENTED_EDGE('',*,*,#4905,.F.);
#7305=ORIENTED_EDGE('',*,*,#5197,.T.);
#7306=ORIENTED_EDGE('',*,*,#5032,.F.);
#7307=ORIENTED_EDGE('',*,*,#5197,.F.);
#7308=ORIENTED_EDGE('',*,*,#4904,.F.);
#7309=ORIENTED_EDGE('',*,*,#5198,.T.);
#7310=ORIENTED_EDGE('',*,*,#5033,.F.);
#7311=ORIENTED_EDGE('',*,*,#5198,.F.);
#7312=ORIENTED_EDGE('',*,*,#4903,.F.);
#7313=ORIENTED_EDGE('',*,*,#5199,.T.);
#7314=ORIENTED_EDGE('',*,*,#5034,.F.);
#7315=ORIENTED_EDGE('',*,*,#5199,.F.);
#7316=ORIENTED_EDGE('',*,*,#4902,.F.);
#7317=ORIENTED_EDGE('',*,*,#5200,.T.);
#7318=ORIENTED_EDGE('',*,*,#5035,.F.);
#7319=ORIENTED_EDGE('',*,*,#5200,.F.);
#7320=ORIENTED_EDGE('',*,*,#4901,.F.);
#7321=ORIENTED_EDGE('',*,*,#5201,.T.);
#7322=ORIENTED_EDGE('',*,*,#5036,.F.);
#7323=ORIENTED_EDGE('',*,*,#5201,.F.);
#7324=ORIENTED_EDGE('',*,*,#4900,.F.);
#7325=ORIENTED_EDGE('',*,*,#5202,.T.);
#7326=ORIENTED_EDGE('',*,*,#5037,.F.);
#7327=ORIENTED_EDGE('',*,*,#5202,.F.);
#7328=ORIENTED_EDGE('',*,*,#4899,.F.);
#7329=ORIENTED_EDGE('',*,*,#5203,.T.);
#7330=ORIENTED_EDGE('',*,*,#5038,.F.);
#7331=ORIENTED_EDGE('',*,*,#5203,.F.);
#7332=ORIENTED_EDGE('',*,*,#4898,.F.);
#7333=ORIENTED_EDGE('',*,*,#5204,.T.);
#7334=ORIENTED_EDGE('',*,*,#5039,.F.);
#7335=ORIENTED_EDGE('',*,*,#5204,.F.);
#7336=ORIENTED_EDGE('',*,*,#4897,.F.);
#7337=ORIENTED_EDGE('',*,*,#5205,.T.);
#7338=ORIENTED_EDGE('',*,*,#5040,.F.);
#7339=ORIENTED_EDGE('',*,*,#5205,.F.);
#7340=ORIENTED_EDGE('',*,*,#4896,.F.);
#7341=ORIENTED_EDGE('',*,*,#5206,.T.);
#7342=ORIENTED_EDGE('',*,*,#5041,.F.);
#7343=ORIENTED_EDGE('',*,*,#5206,.F.);
#7344=ORIENTED_EDGE('',*,*,#4895,.F.);
#7345=ORIENTED_EDGE('',*,*,#5207,.T.);
#7346=ORIENTED_EDGE('',*,*,#5020,.F.);
#7347=ORIENTED_EDGE('',*,*,#5207,.F.);
#7348=ORIENTED_EDGE('',*,*,#4894,.F.);
#7349=ORIENTED_EDGE('',*,*,#5208,.T.);
#7350=ORIENTED_EDGE('',*,*,#5021,.F.);
#7351=ORIENTED_EDGE('',*,*,#5208,.F.);
#7352=ORIENTED_EDGE('',*,*,#4915,.F.);
#7353=ORIENTED_EDGE('',*,*,#5209,.T.);
#7354=ORIENTED_EDGE('',*,*,#5022,.F.);
#7355=ORIENTED_EDGE('',*,*,#5209,.F.);
#7356=ORIENTED_EDGE('',*,*,#4914,.F.);
#7357=ORIENTED_EDGE('',*,*,#5210,.T.);
#7358=ORIENTED_EDGE('',*,*,#5023,.F.);
#7359=ORIENTED_EDGE('',*,*,#5210,.F.);
#7360=ORIENTED_EDGE('',*,*,#4913,.F.);
#7361=ORIENTED_EDGE('',*,*,#5211,.T.);
#7362=ORIENTED_EDGE('',*,*,#5024,.F.);
#7363=ORIENTED_EDGE('',*,*,#5211,.F.);
#7364=ORIENTED_EDGE('',*,*,#4912,.F.);
#7365=ORIENTED_EDGE('',*,*,#5212,.T.);
#7366=ORIENTED_EDGE('',*,*,#5025,.F.);
#7367=ORIENTED_EDGE('',*,*,#5212,.F.);
#7368=ORIENTED_EDGE('',*,*,#4911,.F.);
#7369=ORIENTED_EDGE('',*,*,#5213,.T.);
#7370=ORIENTED_EDGE('',*,*,#5026,.F.);
#7371=ORIENTED_EDGE('',*,*,#5213,.F.);
#7372=ORIENTED_EDGE('',*,*,#4910,.F.);
#7373=ORIENTED_EDGE('',*,*,#5214,.T.);
#7374=ORIENTED_EDGE('',*,*,#5027,.F.);
#7375=ORIENTED_EDGE('',*,*,#5214,.F.);
#7376=ORIENTED_EDGE('',*,*,#4909,.F.);
#7377=ORIENTED_EDGE('',*,*,#5215,.T.);
#7378=ORIENTED_EDGE('',*,*,#5028,.F.);
#7379=ORIENTED_EDGE('',*,*,#5215,.F.);
#7380=ORIENTED_EDGE('',*,*,#4908,.F.);
#7381=ORIENTED_EDGE('',*,*,#5216,.T.);
#7382=ORIENTED_EDGE('',*,*,#5029,.F.);
#7383=ORIENTED_EDGE('',*,*,#5216,.F.);
#7384=ORIENTED_EDGE('',*,*,#4907,.F.);
#7385=ORIENTED_EDGE('',*,*,#5217,.T.);
#7386=ORIENTED_EDGE('',*,*,#5030,.F.);
#7387=ORIENTED_EDGE('',*,*,#5217,.F.);
#7388=ORIENTED_EDGE('',*,*,#4906,.F.);
#7389=ORIENTED_EDGE('',*,*,#5196,.T.);
#7390=ORIENTED_EDGE('',*,*,#4314,.T.);
#7391=ORIENTED_EDGE('',*,*,#4687,.F.);
#7392=ORIENTED_EDGE('',*,*,#4435,.F.);
#7393=ORIENTED_EDGE('',*,*,#5218,.T.);
#7394=ORIENTED_EDGE('',*,*,#4309,.T.);
#7395=ORIENTED_EDGE('',*,*,#5218,.F.);
#7396=ORIENTED_EDGE('',*,*,#4434,.F.);
#7397=ORIENTED_EDGE('',*,*,#5219,.T.);
#7398=ORIENTED_EDGE('',*,*,#4310,.T.);
#7399=ORIENTED_EDGE('',*,*,#5219,.F.);
#7400=ORIENTED_EDGE('',*,*,#4439,.F.);
#7401=ORIENTED_EDGE('',*,*,#4689,.T.);
#7402=ORIENTED_EDGE('',*,*,#4303,.T.);
#7403=ORIENTED_EDGE('',*,*,#4679,.F.);
#7404=ORIENTED_EDGE('',*,*,#4446,.F.);
#7405=ORIENTED_EDGE('',*,*,#4747,.T.);
#7406=ORIENTED_EDGE('',*,*,#4291,.T.);
#7407=ORIENTED_EDGE('',*,*,#4673,.F.);
#7408=ORIENTED_EDGE('',*,*,#4417,.F.);
#7409=ORIENTED_EDGE('',*,*,#5220,.T.);
#7410=ORIENTED_EDGE('',*,*,#4292,.T.);
#7411=ORIENTED_EDGE('',*,*,#5220,.F.);
#7412=ORIENTED_EDGE('',*,*,#4416,.F.);
#7413=ORIENTED_EDGE('',*,*,#4740,.T.);
#7414=ORIENTED_EDGE('',*,*,#4280,.T.);
#7415=ORIENTED_EDGE('',*,*,#4670,.F.);
#7416=ORIENTED_EDGE('',*,*,#4466,.F.);
#7417=ORIENTED_EDGE('',*,*,#5221,.T.);
#7418=ORIENTED_EDGE('',*,*,#4281,.T.);
#7419=ORIENTED_EDGE('',*,*,#5221,.F.);
#7420=ORIENTED_EDGE('',*,*,#4469,.F.);
#7421=ORIENTED_EDGE('',*,*,#4671,.T.);
#7422=ORIENTED_EDGE('',*,*,#4273,.T.);
#7423=ORIENTED_EDGE('',*,*,#4661,.F.);
#7424=ORIENTED_EDGE('',*,*,#4477,.F.);
#7425=ORIENTED_EDGE('',*,*,#5222,.T.);
#7426=ORIENTED_EDGE('',*,*,#4274,.T.);
#7427=ORIENTED_EDGE('',*,*,#5222,.F.);
#7428=ORIENTED_EDGE('',*,*,#4476,.F.);
#7429=ORIENTED_EDGE('',*,*,#5223,.T.);
#7430=ORIENTED_EDGE('',*,*,#4275,.T.);
#7431=ORIENTED_EDGE('',*,*,#5223,.F.);
#7432=ORIENTED_EDGE('',*,*,#4475,.F.);
#7433=ORIENTED_EDGE('',*,*,#4737,.T.);
#7434=ORIENTED_EDGE('',*,*,#4259,.T.);
#7435=ORIENTED_EDGE('',*,*,#4658,.F.);
#7436=ORIENTED_EDGE('',*,*,#4487,.F.);
#7437=ORIENTED_EDGE('',*,*,#5224,.T.);
#7438=ORIENTED_EDGE('',*,*,#4260,.T.);
#7439=ORIENTED_EDGE('',*,*,#5224,.F.);
#7440=ORIENTED_EDGE('',*,*,#4490,.F.);
#7441=ORIENTED_EDGE('',*,*,#4659,.T.);
#7442=ORIENTED_EDGE('',*,*,#4255,.T.);
#7443=ORIENTED_EDGE('',*,*,#4655,.F.);
#7444=ORIENTED_EDGE('',*,*,#4491,.F.);
#7445=ORIENTED_EDGE('',*,*,#5225,.T.);
#7446=ORIENTED_EDGE('',*,*,#4256,.T.);
#7447=ORIENTED_EDGE('',*,*,#5225,.F.);
#7448=ORIENTED_EDGE('',*,*,#4494,.F.);
#7449=ORIENTED_EDGE('',*,*,#4656,.T.);
#7450=ORIENTED_EDGE('',*,*,#4248,.T.);
#7451=ORIENTED_EDGE('',*,*,#4645,.F.);
#7452=ORIENTED_EDGE('',*,*,#4502,.F.);
#7453=ORIENTED_EDGE('',*,*,#5226,.T.);
#7454=ORIENTED_EDGE('',*,*,#4249,.T.);
#7455=ORIENTED_EDGE('',*,*,#5226,.F.);
#7456=ORIENTED_EDGE('',*,*,#4501,.F.);
#7457=ORIENTED_EDGE('',*,*,#5227,.T.);
#7458=ORIENTED_EDGE('',*,*,#4250,.T.);
#7459=ORIENTED_EDGE('',*,*,#5227,.F.);
#7460=ORIENTED_EDGE('',*,*,#4500,.F.);
#7461=ORIENTED_EDGE('',*,*,#4731,.T.);
#7462=ORIENTED_EDGE('',*,*,#4233,.T.);
#7463=ORIENTED_EDGE('',*,*,#4642,.F.);
#7464=ORIENTED_EDGE('',*,*,#4513,.F.);
#7465=ORIENTED_EDGE('',*,*,#5228,.T.);
#7466=ORIENTED_EDGE('',*,*,#4234,.T.);
#7467=ORIENTED_EDGE('',*,*,#5228,.F.);
#7468=ORIENTED_EDGE('',*,*,#4516,.F.);
#7469=ORIENTED_EDGE('',*,*,#4643,.T.);
#7470=ORIENTED_EDGE('',*,*,#4140,.T.);
#7471=ORIENTED_EDGE('',*,*,#4586,.F.);
#7472=ORIENTED_EDGE('',*,*,#4402,.F.);
#7473=ORIENTED_EDGE('',*,*,#5229,.T.);
#7474=ORIENTED_EDGE('',*,*,#4141,.T.);
#7475=ORIENTED_EDGE('',*,*,#5229,.F.);
#7476=ORIENTED_EDGE('',*,*,#4401,.F.);
#7477=ORIENTED_EDGE('',*,*,#5103,.T.);
#7478=ORIENTED_EDGE('',*,*,#4157,.T.);
#7479=ORIENTED_EDGE('',*,*,#4597,.F.);
#7480=ORIENTED_EDGE('',*,*,#4385,.F.);
#7481=ORIENTED_EDGE('',*,*,#5230,.T.);
#7482=ORIENTED_EDGE('',*,*,#4158,.T.);
#7483=ORIENTED_EDGE('',*,*,#5230,.F.);
#7484=ORIENTED_EDGE('',*,*,#4384,.F.);
#7485=ORIENTED_EDGE('',*,*,#5231,.T.);
#7486=ORIENTED_EDGE('',*,*,#4159,.T.);
#7487=ORIENTED_EDGE('',*,*,#5231,.F.);
#7488=ORIENTED_EDGE('',*,*,#4383,.F.);
#7489=ORIENTED_EDGE('',*,*,#5232,.T.);
#7490=ORIENTED_EDGE('',*,*,#4160,.T.);
#7491=ORIENTED_EDGE('',*,*,#5232,.F.);
#7492=ORIENTED_EDGE('',*,*,#4382,.F.);
#7493=ORIENTED_EDGE('',*,*,#4712,.T.);
#7494=ORIENTED_EDGE('',*,*,#4228,.T.);
#7495=ORIENTED_EDGE('',*,*,#4635,.F.);
#7496=ORIENTED_EDGE('',*,*,#4522,.F.);
#7497=ORIENTED_EDGE('',*,*,#4725,.T.);
#7498=ORIENTED_EDGE('',*,*,#4205,.T.);
#7499=ORIENTED_EDGE('',*,*,#4716,.F.);
#7500=ORIENTED_EDGE('',*,*,#4425,.F.);
#7501=ORIENTED_EDGE('',*,*,#5107,.T.);
#7502=ORIENTED_EDGE('',*,*,#4316,.T.);
#7503=ORIENTED_EDGE('',*,*,#5111,.F.);
#7504=ORIENTED_EDGE('',*,*,#4536,.F.);
#7505=ORIENTED_EDGE('',*,*,#4694,.T.);
#7506=ORIENTED_EDGE('',*,*,#4181,.T.);
#7507=ORIENTED_EDGE('',*,*,#4604,.F.);
#7508=ORIENTED_EDGE('',*,*,#4554,.F.);
#7509=ORIENTED_EDGE('',*,*,#5233,.T.);
#7510=ORIENTED_EDGE('',*,*,#4182,.T.);
#7511=ORIENTED_EDGE('',*,*,#5233,.F.);
#7512=ORIENTED_EDGE('',*,*,#4553,.F.);
#7513=ORIENTED_EDGE('',*,*,#5234,.T.);
#7514=ORIENTED_EDGE('',*,*,#4183,.T.);
#7515=ORIENTED_EDGE('',*,*,#5234,.F.);
#7516=ORIENTED_EDGE('',*,*,#4552,.F.);
#7517=ORIENTED_EDGE('',*,*,#5235,.T.);
#7518=ORIENTED_EDGE('',*,*,#4184,.T.);
#7519=ORIENTED_EDGE('',*,*,#5235,.F.);
#7520=ORIENTED_EDGE('',*,*,#4551,.F.);
#7521=ORIENTED_EDGE('',*,*,#5236,.T.);
#7522=ORIENTED_EDGE('',*,*,#4185,.T.);
#7523=ORIENTED_EDGE('',*,*,#5236,.F.);
#7524=ORIENTED_EDGE('',*,*,#4550,.F.);
#7525=ORIENTED_EDGE('',*,*,#5237,.T.);
#7526=ORIENTED_EDGE('',*,*,#4186,.T.);
#7527=ORIENTED_EDGE('',*,*,#5237,.F.);
#7528=ORIENTED_EDGE('',*,*,#4549,.F.);
#7529=ORIENTED_EDGE('',*,*,#5238,.T.);
#7530=ORIENTED_EDGE('',*,*,#4187,.T.);
#7531=ORIENTED_EDGE('',*,*,#5238,.F.);
#7532=ORIENTED_EDGE('',*,*,#4548,.F.);
#7533=ORIENTED_EDGE('',*,*,#5239,.T.);
#7534=ORIENTED_EDGE('',*,*,#4188,.T.);
#7535=ORIENTED_EDGE('',*,*,#5239,.F.);
#7536=ORIENTED_EDGE('',*,*,#4547,.F.);
#7537=ORIENTED_EDGE('',*,*,#5240,.T.);
#7538=ORIENTED_EDGE('',*,*,#4189,.T.);
#7539=ORIENTED_EDGE('',*,*,#5240,.F.);
#7540=ORIENTED_EDGE('',*,*,#4546,.F.);
#7541=ORIENTED_EDGE('',*,*,#5241,.T.);
#7542=ORIENTED_EDGE('',*,*,#4190,.T.);
#7543=ORIENTED_EDGE('',*,*,#5241,.F.);
#7544=ORIENTED_EDGE('',*,*,#4545,.F.);
#7545=ORIENTED_EDGE('',*,*,#5242,.T.);
#7546=ORIENTED_EDGE('',*,*,#4191,.T.);
#7547=ORIENTED_EDGE('',*,*,#5242,.F.);
#7548=ORIENTED_EDGE('',*,*,#4544,.F.);
#7549=ORIENTED_EDGE('',*,*,#5243,.T.);
#7550=ORIENTED_EDGE('',*,*,#4192,.T.);
#7551=ORIENTED_EDGE('',*,*,#5243,.F.);
#7552=ORIENTED_EDGE('',*,*,#4543,.F.);
#7553=ORIENTED_EDGE('',*,*,#5244,.T.);
#7554=ORIENTED_EDGE('',*,*,#4193,.T.);
#7555=ORIENTED_EDGE('',*,*,#5244,.F.);
#7556=ORIENTED_EDGE('',*,*,#4542,.F.);
#7557=ORIENTED_EDGE('',*,*,#5245,.T.);
#7558=ORIENTED_EDGE('',*,*,#4194,.T.);
#7559=ORIENTED_EDGE('',*,*,#5245,.F.);
#7560=ORIENTED_EDGE('',*,*,#4541,.F.);
#7561=ORIENTED_EDGE('',*,*,#5246,.T.);
#7562=ORIENTED_EDGE('',*,*,#4195,.T.);
#7563=ORIENTED_EDGE('',*,*,#5246,.F.);
#7564=ORIENTED_EDGE('',*,*,#4540,.F.);
#7565=ORIENTED_EDGE('',*,*,#5247,.T.);
#7566=ORIENTED_EDGE('',*,*,#4196,.T.);
#7567=ORIENTED_EDGE('',*,*,#5247,.F.);
#7568=ORIENTED_EDGE('',*,*,#4539,.F.);
#7569=ORIENTED_EDGE('',*,*,#4714,.T.);
#7570=ORIENTED_EDGE('',*,*,#4780,.F.);
#7571=ORIENTED_EDGE('',*,*,#5248,.T.);
#7572=ORIENTED_EDGE('',*,*,#5249,.F.);
#7573=ORIENTED_EDGE('',*,*,#4797,.F.);
#7574=ORIENTED_EDGE('',*,*,#4779,.F.);
#7575=ORIENTED_EDGE('',*,*,#4804,.T.);
#7576=ORIENTED_EDGE('',*,*,#5250,.F.);
#7577=ORIENTED_EDGE('',*,*,#5248,.F.);
#7578=ORIENTED_EDGE('',*,*,#5251,.T.);
#7579=ORIENTED_EDGE('',*,*,#5252,.T.);
#7580=ORIENTED_EDGE('',*,*,#5253,.F.);
#7581=ORIENTED_EDGE('',*,*,#5043,.F.);
#7582=ORIENTED_EDGE('',*,*,#5254,.T.);
#7583=ORIENTED_EDGE('',*,*,#5255,.T.);
#7584=ORIENTED_EDGE('',*,*,#5256,.F.);
#7585=ORIENTED_EDGE('',*,*,#5252,.F.);
#7586=ORIENTED_EDGE('',*,*,#5257,.T.);
#7587=ORIENTED_EDGE('',*,*,#5258,.T.);
#7588=ORIENTED_EDGE('',*,*,#5259,.F.);
#7589=ORIENTED_EDGE('',*,*,#5255,.F.);
#7590=ORIENTED_EDGE('',*,*,#5260,.T.);
#7591=ORIENTED_EDGE('',*,*,#5261,.T.);
#7592=ORIENTED_EDGE('',*,*,#5262,.F.);
#7593=ORIENTED_EDGE('',*,*,#5258,.F.);
#7594=ORIENTED_EDGE('',*,*,#5263,.T.);
#7595=ORIENTED_EDGE('',*,*,#5264,.T.);
#7596=ORIENTED_EDGE('',*,*,#5265,.F.);
#7597=ORIENTED_EDGE('',*,*,#5261,.F.);
#7598=ORIENTED_EDGE('',*,*,#5266,.T.);
#7599=ORIENTED_EDGE('',*,*,#5267,.T.);
#7600=ORIENTED_EDGE('',*,*,#5268,.F.);
#7601=ORIENTED_EDGE('',*,*,#5264,.F.);
#7602=ORIENTED_EDGE('',*,*,#5269,.T.);
#7603=ORIENTED_EDGE('',*,*,#5270,.T.);
#7604=ORIENTED_EDGE('',*,*,#5271,.F.);
#7605=ORIENTED_EDGE('',*,*,#5267,.F.);
#7606=ORIENTED_EDGE('',*,*,#4931,.T.);
#7607=ORIENTED_EDGE('',*,*,#5272,.F.);
#7608=ORIENTED_EDGE('',*,*,#5270,.F.);
#7609=ORIENTED_EDGE('',*,*,#5273,.F.);
#7610=ORIENTED_EDGE('',*,*,#4118,.T.);
#7611=ORIENTED_EDGE('',*,*,#5044,.T.);
#7612=ORIENTED_EDGE('',*,*,#5253,.T.);
#7613=ORIENTED_EDGE('',*,*,#5256,.T.);
#7614=ORIENTED_EDGE('',*,*,#5259,.T.);
#7615=ORIENTED_EDGE('',*,*,#5262,.T.);
#7616=ORIENTED_EDGE('',*,*,#5265,.T.);
#7617=ORIENTED_EDGE('',*,*,#5268,.T.);
#7618=ORIENTED_EDGE('',*,*,#5271,.T.);
#7619=ORIENTED_EDGE('',*,*,#5272,.T.);
#7620=ORIENTED_EDGE('',*,*,#4930,.T.);
#7621=ORIENTED_EDGE('',*,*,#4933,.T.);
#7622=ORIENTED_EDGE('',*,*,#5051,.F.);
#7623=ORIENTED_EDGE('',*,*,#5274,.F.);
#7624=ORIENTED_EDGE('',*,*,#5275,.F.);
#7625=ORIENTED_EDGE('',*,*,#5276,.T.);
#7626=ORIENTED_EDGE('',*,*,#5277,.T.);
#7627=ORIENTED_EDGE('',*,*,#5278,.T.);
#7628=ORIENTED_EDGE('',*,*,#5279,.T.);
#7629=ORIENTED_EDGE('',*,*,#5280,.T.);
#7630=ORIENTED_EDGE('',*,*,#5281,.T.);
#7631=ORIENTED_EDGE('',*,*,#5282,.T.);
#7632=ORIENTED_EDGE('',*,*,#5283,.T.);
#7633=ORIENTED_EDGE('',*,*,#5269,.F.);
#7634=ORIENTED_EDGE('',*,*,#5266,.F.);
#7635=ORIENTED_EDGE('',*,*,#5263,.F.);
#7636=ORIENTED_EDGE('',*,*,#5260,.F.);
#7637=ORIENTED_EDGE('',*,*,#5257,.F.);
#7638=ORIENTED_EDGE('',*,*,#5254,.F.);
#7639=ORIENTED_EDGE('',*,*,#5251,.F.);
#7640=ORIENTED_EDGE('',*,*,#5046,.T.);
#7641=ORIENTED_EDGE('',*,*,#5048,.T.);
#7642=ORIENTED_EDGE('',*,*,#5049,.T.);
#7643=ORIENTED_EDGE('',*,*,#4106,.T.);
#7644=ORIENTED_EDGE('',*,*,#4798,.T.);
#7645=ORIENTED_EDGE('',*,*,#5249,.T.);
#7646=ORIENTED_EDGE('',*,*,#5250,.T.);
#7647=ORIENTED_EDGE('',*,*,#4803,.T.);
#7648=ORIENTED_EDGE('',*,*,#4801,.T.);
#7649=ORIENTED_EDGE('',*,*,#4799,.T.);
#7650=ORIENTED_EDGE('',*,*,#4784,.F.);
#7651=ORIENTED_EDGE('',*,*,#4787,.F.);
#7652=ORIENTED_EDGE('',*,*,#4789,.F.);
#7653=ORIENTED_EDGE('',*,*,#4791,.F.);
#7654=ORIENTED_EDGE('',*,*,#4793,.F.);
#7655=ORIENTED_EDGE('',*,*,#4795,.F.);
#7656=ORIENTED_EDGE('',*,*,#4796,.F.);
#7657=ORIENTED_EDGE('',*,*,#4754,.F.);
#7658=ORIENTED_EDGE('',*,*,#5284,.T.);
#7659=ORIENTED_EDGE('',*,*,#5274,.T.);
#7660=ORIENTED_EDGE('',*,*,#5050,.T.);
#7661=ORIENTED_EDGE('',*,*,#4125,.T.);
#7662=ORIENTED_EDGE('',*,*,#5273,.T.);
#7663=ORIENTED_EDGE('',*,*,#5283,.F.);
#7664=ORIENTED_EDGE('',*,*,#5285,.F.);
#7665=ORIENTED_EDGE('',*,*,#4119,.T.);
#7666=ORIENTED_EDGE('',*,*,#5286,.T.);
#7667=ORIENTED_EDGE('',*,*,#5275,.T.);
#7668=ORIENTED_EDGE('',*,*,#5284,.F.);
#7669=ORIENTED_EDGE('',*,*,#4124,.T.);
#7670=ORIENTED_EDGE('',*,*,#5276,.F.);
#7671=ORIENTED_EDGE('',*,*,#5287,.T.);
#7672=ORIENTED_EDGE('',*,*,#5288,.T.);
#7673=ORIENTED_EDGE('',*,*,#5289,.F.);
#7674=ORIENTED_EDGE('',*,*,#5277,.F.);
#7675=ORIENTED_EDGE('',*,*,#5289,.T.);
#7676=ORIENTED_EDGE('',*,*,#5290,.T.);
#7677=ORIENTED_EDGE('',*,*,#5291,.F.);
#7678=ORIENTED_EDGE('',*,*,#5278,.F.);
#7679=ORIENTED_EDGE('',*,*,#5291,.T.);
#7680=ORIENTED_EDGE('',*,*,#5292,.T.);
#7681=ORIENTED_EDGE('',*,*,#5293,.F.);
#7682=ORIENTED_EDGE('',*,*,#5279,.F.);
#7683=ORIENTED_EDGE('',*,*,#5293,.T.);
#7684=ORIENTED_EDGE('',*,*,#5294,.T.);
#7685=ORIENTED_EDGE('',*,*,#5295,.F.);
#7686=ORIENTED_EDGE('',*,*,#5280,.F.);
#7687=ORIENTED_EDGE('',*,*,#5295,.T.);
#7688=ORIENTED_EDGE('',*,*,#5296,.T.);
#7689=ORIENTED_EDGE('',*,*,#5297,.F.);
#7690=ORIENTED_EDGE('',*,*,#5281,.F.);
#7691=ORIENTED_EDGE('',*,*,#5297,.T.);
#7692=ORIENTED_EDGE('',*,*,#5298,.T.);
#7693=ORIENTED_EDGE('',*,*,#5299,.F.);
#7694=ORIENTED_EDGE('',*,*,#5282,.F.);
#7695=ORIENTED_EDGE('',*,*,#5299,.T.);
#7696=ORIENTED_EDGE('',*,*,#5300,.T.);
#7697=ORIENTED_EDGE('',*,*,#5301,.F.);
#7698=ORIENTED_EDGE('',*,*,#5285,.T.);
#7699=ORIENTED_EDGE('',*,*,#5301,.T.);
#7700=ORIENTED_EDGE('',*,*,#5302,.T.);
#7701=ORIENTED_EDGE('',*,*,#5303,.F.);
#7702=ORIENTED_EDGE('',*,*,#4120,.T.);
#7703=ORIENTED_EDGE('',*,*,#5303,.T.);
#7704=ORIENTED_EDGE('',*,*,#5304,.T.);
#7705=ORIENTED_EDGE('',*,*,#5305,.F.);
#7706=ORIENTED_EDGE('',*,*,#4121,.T.);
#7707=ORIENTED_EDGE('',*,*,#5305,.T.);
#7708=ORIENTED_EDGE('',*,*,#5306,.T.);
#7709=ORIENTED_EDGE('',*,*,#5307,.F.);
#7710=ORIENTED_EDGE('',*,*,#4122,.T.);
#7711=ORIENTED_EDGE('',*,*,#5307,.T.);
#7712=ORIENTED_EDGE('',*,*,#5308,.T.);
#7713=ORIENTED_EDGE('',*,*,#5287,.F.);
#7714=ORIENTED_EDGE('',*,*,#5286,.F.);
#7715=ORIENTED_EDGE('',*,*,#4123,.T.);
#7716=ORIENTED_EDGE('',*,*,#5308,.F.);
#7717=ORIENTED_EDGE('',*,*,#5306,.F.);
#7718=ORIENTED_EDGE('',*,*,#5304,.F.);
#7719=ORIENTED_EDGE('',*,*,#5302,.F.);
#7720=ORIENTED_EDGE('',*,*,#5300,.F.);
#7721=ORIENTED_EDGE('',*,*,#5298,.F.);
#7722=ORIENTED_EDGE('',*,*,#5296,.F.);
#7723=ORIENTED_EDGE('',*,*,#5294,.F.);
#7724=ORIENTED_EDGE('',*,*,#5292,.F.);
#7725=ORIENTED_EDGE('',*,*,#5290,.F.);
#7726=ORIENTED_EDGE('',*,*,#5288,.F.);
#7727=CYLINDRICAL_SURFACE('',#8172,1.);
#7728=CYLINDRICAL_SURFACE('',#8261,1.);
#7729=CYLINDRICAL_SURFACE('',#8264,1.);
#7730=CYLINDRICAL_SURFACE('',#8267,1.);
#7731=CYLINDRICAL_SURFACE('',#8269,1.);
#7732=CYLINDRICAL_SURFACE('',#8274,1.);
#7733=CYLINDRICAL_SURFACE('',#8279,1.);
#7734=CYLINDRICAL_SURFACE('',#8283,1.);
#7735=CYLINDRICAL_SURFACE('',#8288,1.);
#7736=CYLINDRICAL_SURFACE('',#8290,1.);
#7737=CYLINDRICAL_SURFACE('',#8291,1.);
#7738=CYLINDRICAL_SURFACE('',#8294,11.9999999999996);
#7739=CYLINDRICAL_SURFACE('',#8297,2.99999999999999);
#7740=CYLINDRICAL_SURFACE('',#8303,11.9999999999996);
#7741=CYLINDRICAL_SURFACE('',#8306,8.99999998509846);
#7742=CYLINDRICAL_SURFACE('',#8394,2.99999999999999);
#7743=CYLINDRICAL_SURFACE('',#8398,0.999999999999996);
#7744=CYLINDRICAL_SURFACE('',#8402,9.99999999999962);
#7745=CYLINDRICAL_SURFACE('',#8417,0.999999999999996);
#7746=CYLINDRICAL_SURFACE('',#8420,9.99999999999962);
#7747=CYLINDRICAL_SURFACE('',#8425,8.99999998509846);
#7748=ADVANCED_FACE('',(#871),#7727,.T.);
#7749=ADVANCED_FACE('',(#872),#678,.T.);
#7750=ADVANCED_FACE('',(#873,#211,#212,#213,#214,#215,#216,#217,#218,#219,
#220,#221,#222,#223,#224,#225,#226,#227,#228),#679,.F.);
#7751=ADVANCED_FACE('',(#874),#680,.F.);
#7752=ADVANCED_FACE('',(#875),#681,.F.);
#7753=ADVANCED_FACE('',(#876),#682,.F.);
#7754=ADVANCED_FACE('',(#877,#229,#230,#231,#232,#233,#234,#235,#236,#237,
#238,#239,#240,#241,#242,#243,#244,#245,#246),#683,.T.);
#7755=ADVANCED_FACE('',(#878),#19,.F.);
#7756=ADVANCED_FACE('',(#879),#20,.F.);
#7757=ADVANCED_FACE('',(#880),#21,.F.);
#7758=ADVANCED_FACE('',(#881),#684,.F.);
#7759=ADVANCED_FACE('',(#882),#22,.F.);
#7760=ADVANCED_FACE('',(#883),#23,.F.);
#7761=ADVANCED_FACE('',(#884),#24,.F.);
#7762=ADVANCED_FACE('',(#885),#25,.F.);
#7763=ADVANCED_FACE('',(#886),#26,.F.);
#7764=ADVANCED_FACE('',(#887),#27,.F.);
#7765=ADVANCED_FACE('',(#888),#685,.F.);
#7766=ADVANCED_FACE('',(#889),#686,.F.);
#7767=ADVANCED_FACE('',(#890),#687,.T.);
#7768=ADVANCED_FACE('',(#891),#28,.F.);
#7769=ADVANCED_FACE('',(#892),#29,.F.);
#7770=ADVANCED_FACE('',(#893),#30,.F.);
#7771=ADVANCED_FACE('',(#894),#31,.F.);
#7772=ADVANCED_FACE('',(#895),#32,.F.);
#7773=ADVANCED_FACE('',(#896),#33,.F.);
#7774=ADVANCED_FACE('',(#897),#34,.F.);
#7775=ADVANCED_FACE('',(#898),#688,.F.);
#7776=ADVANCED_FACE('',(#899),#35,.F.);
#7777=ADVANCED_FACE('',(#900),#36,.F.);
#7778=ADVANCED_FACE('',(#901),#37,.F.);
#7779=ADVANCED_FACE('',(#902),#38,.F.);
#7780=ADVANCED_FACE('',(#903),#39,.F.);
#7781=ADVANCED_FACE('',(#904),#40,.F.);
#7782=ADVANCED_FACE('',(#905),#41,.F.);
#7783=ADVANCED_FACE('',(#906),#42,.F.);
#7784=ADVANCED_FACE('',(#907),#43,.F.);
#7785=ADVANCED_FACE('',(#908),#44,.F.);
#7786=ADVANCED_FACE('',(#909),#45,.F.);
#7787=ADVANCED_FACE('',(#910),#46,.F.);
#7788=ADVANCED_FACE('',(#911),#689,.T.);
#7789=ADVANCED_FACE('',(#912),#690,.F.);
#7790=ADVANCED_FACE('',(#913),#47,.F.);
#7791=ADVANCED_FACE('',(#914),#48,.F.);
#7792=ADVANCED_FACE('',(#915),#691,.F.);
#7793=ADVANCED_FACE('',(#916),#692,.F.);
#7794=ADVANCED_FACE('',(#917),#693,.F.);
#7795=ADVANCED_FACE('',(#918),#49,.F.);
#7796=ADVANCED_FACE('',(#919),#50,.F.);
#7797=ADVANCED_FACE('',(#920),#51,.F.);
#7798=ADVANCED_FACE('',(#921),#52,.F.);
#7799=ADVANCED_FACE('',(#922),#53,.F.);
#7800=ADVANCED_FACE('',(#923),#54,.F.);
#7801=ADVANCED_FACE('',(#924),#694,.F.);
#7802=ADVANCED_FACE('',(#925),#55,.F.);
#7803=ADVANCED_FACE('',(#926),#56,.F.);
#7804=ADVANCED_FACE('',(#927),#57,.F.);
#7805=ADVANCED_FACE('',(#928),#695,.F.);
#7806=ADVANCED_FACE('',(#929),#696,.F.);
#7807=ADVANCED_FACE('',(#930),#58,.F.);
#7808=ADVANCED_FACE('',(#931),#59,.F.);
#7809=ADVANCED_FACE('',(#932),#697,.F.);
#7810=ADVANCED_FACE('',(#933),#698,.F.);
#7811=ADVANCED_FACE('',(#934),#699,.F.);
#7812=ADVANCED_FACE('',(#935),#60,.F.);
#7813=ADVANCED_FACE('',(#936),#61,.F.);
#7814=ADVANCED_FACE('',(#937),#62,.F.);
#7815=ADVANCED_FACE('',(#938),#63,.F.);
#7816=ADVANCED_FACE('',(#939),#700,.F.);
#7817=ADVANCED_FACE('',(#940),#701,.F.);
#7818=ADVANCED_FACE('',(#941),#702,.F.);
#7819=ADVANCED_FACE('',(#942),#703,.F.);
#7820=ADVANCED_FACE('',(#943),#64,.F.);
#7821=ADVANCED_FACE('',(#944),#704,.F.);
#7822=ADVANCED_FACE('',(#945),#705,.F.);
#7823=ADVANCED_FACE('',(#946),#706,.F.);
#7824=ADVANCED_FACE('',(#947),#65,.F.);
#7825=ADVANCED_FACE('',(#948),#66,.F.);
#7826=ADVANCED_FACE('',(#949),#67,.F.);
#7827=ADVANCED_FACE('',(#950),#68,.F.);
#7828=ADVANCED_FACE('',(#951),#707,.F.);
#7829=ADVANCED_FACE('',(#952),#708,.F.);
#7830=ADVANCED_FACE('',(#953),#69,.F.);
#7831=ADVANCED_FACE('',(#954),#709,.T.);
#7832=ADVANCED_FACE('',(#955),#70,.F.);
#7833=ADVANCED_FACE('',(#956),#71,.F.);
#7834=ADVANCED_FACE('',(#957),#72,.F.);
#7835=ADVANCED_FACE('',(#958),#710,.F.);
#7836=ADVANCED_FACE('',(#959),#711,.F.);
#7837=ADVANCED_FACE('',(#960),#712,.F.);
#7838=ADVANCED_FACE('',(#961),#713,.F.);
#7839=ADVANCED_FACE('',(#962),#714,.F.);
#7840=ADVANCED_FACE('',(#963),#715,.F.);
#7841=ADVANCED_FACE('',(#964),#716,.F.);
#7842=ADVANCED_FACE('',(#965),#717,.F.);
#7843=ADVANCED_FACE('',(#966),#718,.F.);
#7844=ADVANCED_FACE('',(#967),#719,.F.);
#7845=ADVANCED_FACE('',(#968),#720,.F.);
#7846=ADVANCED_FACE('',(#969),#721,.F.);
#7847=ADVANCED_FACE('',(#970),#722,.F.);
#7848=ADVANCED_FACE('',(#971),#723,.F.);
#7849=ADVANCED_FACE('',(#972),#73,.F.);
#7850=ADVANCED_FACE('',(#973),#724,.T.);
#7851=ADVANCED_FACE('',(#974),#74,.F.);
#7852=ADVANCED_FACE('',(#975),#75,.F.);
#7853=ADVANCED_FACE('',(#976),#76,.F.);
#7854=ADVANCED_FACE('',(#977),#725,.T.);
#7855=ADVANCED_FACE('',(#978),#77,.F.);
#7856=ADVANCED_FACE('',(#979),#78,.F.);
#7857=ADVANCED_FACE('',(#980),#79,.F.);
#7858=ADVANCED_FACE('',(#981),#726,.F.);
#7859=ADVANCED_FACE('',(#982),#727,.F.);
#7860=ADVANCED_FACE('',(#983),#80,.F.);
#7861=ADVANCED_FACE('',(#984),#81,.F.);
#7862=ADVANCED_FACE('',(#985),#82,.F.);
#7863=ADVANCED_FACE('',(#986),#728,.T.);
#7864=ADVANCED_FACE('',(#987),#83,.F.);
#7865=ADVANCED_FACE('',(#988),#84,.F.);
#7866=ADVANCED_FACE('',(#989),#85,.F.);
#7867=ADVANCED_FACE('',(#990),#729,.F.);
#7868=ADVANCED_FACE('',(#991),#730,.F.);
#7869=ADVANCED_FACE('',(#992),#86,.F.);
#7870=ADVANCED_FACE('',(#993),#731,.T.);
#7871=ADVANCED_FACE('',(#994),#87,.F.);
#7872=ADVANCED_FACE('',(#995),#88,.F.);
#7873=ADVANCED_FACE('',(#996),#732,.F.);
#7874=ADVANCED_FACE('',(#997),#733,.F.);
#7875=ADVANCED_FACE('',(#998),#734,.F.);
#7876=ADVANCED_FACE('',(#999),#735,.F.);
#7877=ADVANCED_FACE('',(#1000),#736,.F.);
#7878=ADVANCED_FACE('',(#1001),#89,.F.);
#7879=ADVANCED_FACE('',(#1002),#737,.F.);
#7880=ADVANCED_FACE('',(#1003),#738,.F.);
#7881=ADVANCED_FACE('',(#1004),#739,.F.);
#7882=ADVANCED_FACE('',(#1005),#740,.F.);
#7883=ADVANCED_FACE('',(#1006),#741,.F.);
#7884=ADVANCED_FACE('',(#1007),#90,.F.);
#7885=ADVANCED_FACE('',(#1008),#742,.F.);
#7886=ADVANCED_FACE('',(#1009),#743,.F.);
#7887=ADVANCED_FACE('',(#1010),#744,.F.);
#7888=ADVANCED_FACE('',(#1011),#745,.F.);
#7889=ADVANCED_FACE('',(#1012),#746,.F.);
#7890=ADVANCED_FACE('',(#1013),#91,.F.);
#7891=ADVANCED_FACE('',(#1014),#747,.T.);
#7892=ADVANCED_FACE('',(#1015),#92,.F.);
#7893=ADVANCED_FACE('',(#1016),#748,.F.);
#7894=ADVANCED_FACE('',(#1017),#749,.F.);
#7895=ADVANCED_FACE('',(#1018),#750,.F.);
#7896=ADVANCED_FACE('',(#1019),#751,.F.);
#7897=ADVANCED_FACE('',(#1020),#752,.F.);
#7898=ADVANCED_FACE('',(#1021),#753,.F.);
#7899=ADVANCED_FACE('',(#1022),#93,.F.);
#7900=ADVANCED_FACE('',(#1023),#94,.F.);
#7901=ADVANCED_FACE('',(#1024),#95,.F.);
#7902=ADVANCED_FACE('',(#1025),#754,.F.);
#7903=ADVANCED_FACE('',(#1026),#755,.T.);
#7904=ADVANCED_FACE('',(#1027),#96,.F.);
#7905=ADVANCED_FACE('',(#1028),#756,.T.);
#7906=ADVANCED_FACE('',(#1029),#7728,.T.);
#7907=ADVANCED_FACE('',(#1030),#7729,.T.);
#7908=ADVANCED_FACE('',(#1031),#7730,.T.);
#7909=ADVANCED_FACE('',(#1032),#7731,.T.);
#7910=ADVANCED_FACE('',(#1033),#15,.T.);
#7911=ADVANCED_FACE('',(#1034),#7732,.T.);
#7912=ADVANCED_FACE('',(#1035),#16,.T.);
#7913=ADVANCED_FACE('',(#1036),#7733,.T.);
#7914=ADVANCED_FACE('',(#1037),#17,.T.);
#7915=ADVANCED_FACE('',(#1038),#7734,.T.);
#7916=ADVANCED_FACE('',(#1039),#18,.T.);
#7917=ADVANCED_FACE('',(#1040),#7735,.T.);
#7918=ADVANCED_FACE('',(#1041),#7736,.T.);
#7919=ADVANCED_FACE('',(#1042),#7737,.T.);
#7920=ADVANCED_FACE('',(#1043),#757,.F.);
#7921=ADVANCED_FACE('',(#1044),#758,.F.);
#7922=ADVANCED_FACE('',(#1045),#7738,.T.);
#7923=ADVANCED_FACE('',(#1046),#759,.F.);
#7924=ADVANCED_FACE('',(#1047),#7739,.T.);
#7925=ADVANCED_FACE('',(#1048),#760,.T.);
#7926=ADVANCED_FACE('',(#1049),#761,.F.);
#7927=ADVANCED_FACE('',(#1050),#762,.T.);
#7928=ADVANCED_FACE('',(#1051),#763,.T.);
#7929=ADVANCED_FACE('',(#1052),#7740,.T.);
#7930=ADVANCED_FACE('',(#1053,#247,#248,#249,#250,#251,#252,#253,#254,#255,
#256),#764,.T.);
#7931=ADVANCED_FACE('',(#1054),#7741,.F.);
#7932=ADVANCED_FACE('',(#1055,#257,#258,#259,#260,#261,#262,#263,#264,#265),
#765,.T.);
#7933=ADVANCED_FACE('',(#1056),#766,.T.);
#7934=ADVANCED_FACE('',(#1057),#767,.T.);
#7935=ADVANCED_FACE('',(#1058),#768,.T.);
#7936=ADVANCED_FACE('',(#1059),#769,.F.);
#7937=ADVANCED_FACE('',(#1060),#770,.F.);
#7938=ADVANCED_FACE('',(#1061),#97,.F.);
#7939=ADVANCED_FACE('',(#1062),#98,.F.);
#7940=ADVANCED_FACE('',(#1063),#99,.F.);
#7941=ADVANCED_FACE('',(#1064),#100,.F.);
#7942=ADVANCED_FACE('',(#1065),#101,.F.);
#7943=ADVANCED_FACE('',(#1066),#102,.F.);
#7944=ADVANCED_FACE('',(#1067),#771,.T.);
#7945=ADVANCED_FACE('',(#1068),#772,.F.);
#7946=ADVANCED_FACE('',(#1069),#773,.T.);
#7947=ADVANCED_FACE('',(#1070),#774,.T.);
#7948=ADVANCED_FACE('',(#1071),#775,.T.);
#7949=ADVANCED_FACE('',(#1072),#776,.T.);
#7950=ADVANCED_FACE('',(#1073),#777,.F.);
#7951=ADVANCED_FACE('',(#1074),#103,.F.);
#7952=ADVANCED_FACE('',(#1075),#104,.F.);
#7953=ADVANCED_FACE('',(#1076),#778,.T.);
#7954=ADVANCED_FACE('',(#1077),#105,.F.);
#7955=ADVANCED_FACE('',(#1078),#106,.F.);
#7956=ADVANCED_FACE('',(#1079),#779,.F.);
#7957=ADVANCED_FACE('',(#1080),#780,.F.);
#7958=ADVANCED_FACE('',(#1081),#781,.F.);
#7959=ADVANCED_FACE('',(#1082),#107,.F.);
#7960=ADVANCED_FACE('',(#1083),#108,.F.);
#7961=ADVANCED_FACE('',(#1084),#109,.F.);
#7962=ADVANCED_FACE('',(#1085),#110,.F.);
#7963=ADVANCED_FACE('',(#1086),#782,.T.);
#7964=ADVANCED_FACE('',(#1087),#783,.T.);
#7965=ADVANCED_FACE('',(#1088),#111,.F.);
#7966=ADVANCED_FACE('',(#1089),#112,.F.);
#7967=ADVANCED_FACE('',(#1090),#113,.F.);
#7968=ADVANCED_FACE('',(#1091),#114,.F.);
#7969=ADVANCED_FACE('',(#1092),#784,.F.);
#7970=ADVANCED_FACE('',(#1093),#785,.T.);
#7971=ADVANCED_FACE('',(#1094),#115,.F.);
#7972=ADVANCED_FACE('',(#1095),#116,.F.);
#7973=ADVANCED_FACE('',(#1096),#117,.F.);
#7974=ADVANCED_FACE('',(#1097),#786,.T.);
#7975=ADVANCED_FACE('',(#1098),#787,.T.);
#7976=ADVANCED_FACE('',(#1099),#788,.F.);
#7977=ADVANCED_FACE('',(#1100),#789,.F.);
#7978=ADVANCED_FACE('',(#1101),#790,.F.);
#7979=ADVANCED_FACE('',(#1102),#791,.F.);
#7980=ADVANCED_FACE('',(#1103),#792,.F.);
#7981=ADVANCED_FACE('',(#1104),#793,.F.);
#7982=ADVANCED_FACE('',(#1105),#794,.F.);
#7983=ADVANCED_FACE('',(#1106),#795,.F.);
#7984=ADVANCED_FACE('',(#1107),#796,.F.);
#7985=ADVANCED_FACE('',(#1108),#797,.F.);
#7986=ADVANCED_FACE('',(#1109),#798,.F.);
#7987=ADVANCED_FACE('',(#1110),#118,.F.);
#7988=ADVANCED_FACE('',(#1111),#119,.F.);
#7989=ADVANCED_FACE('',(#1112),#120,.F.);
#7990=ADVANCED_FACE('',(#1113),#121,.F.);
#7991=ADVANCED_FACE('',(#1114),#122,.F.);
#7992=ADVANCED_FACE('',(#1115),#123,.F.);
#7993=ADVANCED_FACE('',(#1116),#124,.F.);
#7994=ADVANCED_FACE('',(#1117),#125,.F.);
#7995=ADVANCED_FACE('',(#1118),#126,.F.);
#7996=ADVANCED_FACE('',(#1119),#127,.F.);
#7997=ADVANCED_FACE('',(#1120),#128,.F.);
#7998=ADVANCED_FACE('',(#1121),#129,.F.);
#7999=ADVANCED_FACE('',(#1122),#130,.F.);
#8000=ADVANCED_FACE('',(#1123),#131,.F.);
#8001=ADVANCED_FACE('',(#1124),#132,.F.);
#8002=ADVANCED_FACE('',(#1125),#799,.F.);
#8003=ADVANCED_FACE('',(#1126),#133,.F.);
#8004=ADVANCED_FACE('',(#1127),#134,.F.);
#8005=ADVANCED_FACE('',(#1128),#135,.F.);
#8006=ADVANCED_FACE('',(#1129),#136,.F.);
#8007=ADVANCED_FACE('',(#1130),#137,.F.);
#8008=ADVANCED_FACE('',(#1131),#138,.F.);
#8009=ADVANCED_FACE('',(#1132),#139,.F.);
#8010=ADVANCED_FACE('',(#1133),#140,.F.);
#8011=ADVANCED_FACE('',(#1134),#141,.F.);
#8012=ADVANCED_FACE('',(#1135),#142,.F.);
#8013=ADVANCED_FACE('',(#1136),#143,.F.);
#8014=ADVANCED_FACE('',(#1137),#144,.F.);
#8015=ADVANCED_FACE('',(#1138),#145,.F.);
#8016=ADVANCED_FACE('',(#1139),#146,.F.);
#8017=ADVANCED_FACE('',(#1140),#147,.F.);
#8018=ADVANCED_FACE('',(#1141),#800,.F.);
#8019=ADVANCED_FACE('',(#1142),#148,.F.);
#8020=ADVANCED_FACE('',(#1143),#149,.F.);
#8021=ADVANCED_FACE('',(#1144),#150,.F.);
#8022=ADVANCED_FACE('',(#1145),#801,.F.);
#8023=ADVANCED_FACE('',(#1146),#802,.F.);
#8024=ADVANCED_FACE('',(#1147),#803,.F.);
#8025=ADVANCED_FACE('',(#1148),#804,.F.);
#8026=ADVANCED_FACE('',(#1149),#805,.F.);
#8027=ADVANCED_FACE('',(#1150),#806,.F.);
#8028=ADVANCED_FACE('',(#1151),#807,.F.);
#8029=ADVANCED_FACE('',(#1152),#808,.F.);
#8030=ADVANCED_FACE('',(#1153),#809,.F.);
#8031=ADVANCED_FACE('',(#1154),#810,.F.);
#8032=ADVANCED_FACE('',(#1155),#811,.F.);
#8033=ADVANCED_FACE('',(#1156),#812,.F.);
#8034=ADVANCED_FACE('',(#1157),#813,.F.);
#8035=ADVANCED_FACE('',(#1158),#814,.F.);
#8036=ADVANCED_FACE('',(#1159),#815,.F.);
#8037=ADVANCED_FACE('',(#1160),#816,.F.);
#8038=ADVANCED_FACE('',(#1161),#817,.F.);
#8039=ADVANCED_FACE('',(#1162),#818,.F.);
#8040=ADVANCED_FACE('',(#1163),#819,.F.);
#8041=ADVANCED_FACE('',(#1164),#820,.F.);
#8042=ADVANCED_FACE('',(#1165),#821,.F.);
#8043=ADVANCED_FACE('',(#1166),#822,.F.);
#8044=ADVANCED_FACE('',(#1167),#823,.F.);
#8045=ADVANCED_FACE('',(#1168),#824,.F.);
#8046=ADVANCED_FACE('',(#1169),#825,.F.);
#8047=ADVANCED_FACE('',(#1170),#826,.F.);
#8048=ADVANCED_FACE('',(#1171),#827,.F.);
#8049=ADVANCED_FACE('',(#1172),#828,.F.);
#8050=ADVANCED_FACE('',(#1173),#829,.F.);
#8051=ADVANCED_FACE('',(#1174),#151,.F.);
#8052=ADVANCED_FACE('',(#1175),#152,.F.);
#8053=ADVANCED_FACE('',(#1176),#153,.F.);
#8054=ADVANCED_FACE('',(#1177),#154,.F.);
#8055=ADVANCED_FACE('',(#1178),#155,.F.);
#8056=ADVANCED_FACE('',(#1179),#830,.F.);
#8057=ADVANCED_FACE('',(#1180),#831,.F.);
#8058=ADVANCED_FACE('',(#1181),#832,.F.);
#8059=ADVANCED_FACE('',(#1182),#156,.F.);
#8060=ADVANCED_FACE('',(#1183),#157,.F.);
#8061=ADVANCED_FACE('',(#1184),#158,.F.);
#8062=ADVANCED_FACE('',(#1185),#159,.F.);
#8063=ADVANCED_FACE('',(#1186),#160,.F.);
#8064=ADVANCED_FACE('',(#1187),#161,.F.);
#8065=ADVANCED_FACE('',(#1188),#162,.F.);
#8066=ADVANCED_FACE('',(#1189),#163,.F.);
#8067=ADVANCED_FACE('',(#1190),#164,.F.);
#8068=ADVANCED_FACE('',(#1191),#165,.F.);
#8069=ADVANCED_FACE('',(#1192),#166,.F.);
#8070=ADVANCED_FACE('',(#1193),#167,.F.);
#8071=ADVANCED_FACE('',(#1194),#168,.F.);
#8072=ADVANCED_FACE('',(#1195),#169,.F.);
#8073=ADVANCED_FACE('',(#1196),#833,.F.);
#8074=ADVANCED_FACE('',(#1197),#170,.F.);
#8075=ADVANCED_FACE('',(#1198),#171,.F.);
#8076=ADVANCED_FACE('',(#1199),#172,.F.);
#8077=ADVANCED_FACE('',(#1200),#173,.F.);
#8078=ADVANCED_FACE('',(#1201),#174,.F.);
#8079=ADVANCED_FACE('',(#1202),#175,.F.);
#8080=ADVANCED_FACE('',(#1203),#176,.F.);
#8081=ADVANCED_FACE('',(#1204),#177,.F.);
#8082=ADVANCED_FACE('',(#1205),#178,.F.);
#8083=ADVANCED_FACE('',(#1206),#179,.F.);
#8084=ADVANCED_FACE('',(#1207),#834,.F.);
#8085=ADVANCED_FACE('',(#1208),#180,.F.);
#8086=ADVANCED_FACE('',(#1209),#835,.F.);
#8087=ADVANCED_FACE('',(#1210),#836,.F.);
#8088=ADVANCED_FACE('',(#1211),#837,.F.);
#8089=ADVANCED_FACE('',(#1212),#181,.F.);
#8090=ADVANCED_FACE('',(#1213),#182,.F.);
#8091=ADVANCED_FACE('',(#1214),#183,.F.);
#8092=ADVANCED_FACE('',(#1215),#838,.F.);
#8093=ADVANCED_FACE('',(#1216),#839,.F.);
#8094=ADVANCED_FACE('',(#1217),#184,.F.);
#8095=ADVANCED_FACE('',(#1218),#185,.F.);
#8096=ADVANCED_FACE('',(#1219),#186,.F.);
#8097=ADVANCED_FACE('',(#1220),#840,.F.);
#8098=ADVANCED_FACE('',(#1221),#841,.F.);
#8099=ADVANCED_FACE('',(#1222),#842,.F.);
#8100=ADVANCED_FACE('',(#1223),#843,.F.);
#8101=ADVANCED_FACE('',(#1224),#187,.F.);
#8102=ADVANCED_FACE('',(#1225),#188,.F.);
#8103=ADVANCED_FACE('',(#1226),#189,.F.);
#8104=ADVANCED_FACE('',(#1227),#844,.F.);
#8105=ADVANCED_FACE('',(#1228),#845,.F.);
#8106=ADVANCED_FACE('',(#1229),#190,.F.);
#8107=ADVANCED_FACE('',(#1230),#191,.F.);
#8108=ADVANCED_FACE('',(#1231),#846,.F.);
#8109=ADVANCED_FACE('',(#1232),#192,.F.);
#8110=ADVANCED_FACE('',(#1233),#193,.F.);
#8111=ADVANCED_FACE('',(#1234),#194,.F.);
#8112=ADVANCED_FACE('',(#1235),#195,.F.);
#8113=ADVANCED_FACE('',(#1236),#847,.F.);
#8114=ADVANCED_FACE('',(#1237),#848,.F.);
#8115=ADVANCED_FACE('',(#1238),#196,.F.);
#8116=ADVANCED_FACE('',(#1239),#197,.F.);
#8117=ADVANCED_FACE('',(#1240),#198,.F.);
#8118=ADVANCED_FACE('',(#1241),#199,.F.);
#8119=ADVANCED_FACE('',(#1242),#200,.F.);
#8120=ADVANCED_FACE('',(#1243),#201,.F.);
#8121=ADVANCED_FACE('',(#1244),#202,.F.);
#8122=ADVANCED_FACE('',(#1245),#203,.F.);
#8123=ADVANCED_FACE('',(#1246),#204,.F.);
#8124=ADVANCED_FACE('',(#1247),#205,.F.);
#8125=ADVANCED_FACE('',(#1248),#206,.F.);
#8126=ADVANCED_FACE('',(#1249),#207,.F.);
#8127=ADVANCED_FACE('',(#1250),#208,.F.);
#8128=ADVANCED_FACE('',(#1251),#209,.F.);
#8129=ADVANCED_FACE('',(#1252),#849,.F.);
#8130=ADVANCED_FACE('',(#1253),#210,.F.);
#8131=ADVANCED_FACE('',(#1254),#850,.T.);
#8132=ADVANCED_FACE('',(#1255),#7742,.T.);
#8133=ADVANCED_FACE('',(#1256),#851,.T.);
#8134=ADVANCED_FACE('',(#1257),#852,.T.);
#8135=ADVANCED_FACE('',(#1258),#7743,.T.);
#8136=ADVANCED_FACE('',(#1259),#853,.T.);
#8137=ADVANCED_FACE('',(#1260),#7744,.T.);
#8138=ADVANCED_FACE('',(#1261),#854,.T.);
#8139=ADVANCED_FACE('',(#1262),#855,.T.);
#8140=ADVANCED_FACE('',(#1263),#856,.T.);
#8141=ADVANCED_FACE('',(#1264),#857,.T.);
#8142=ADVANCED_FACE('',(#1265),#858,.F.);
#8143=ADVANCED_FACE('',(#1266),#859,.F.);
#8144=ADVANCED_FACE('',(#1267),#860,.F.);
#8145=ADVANCED_FACE('',(#1268),#861,.F.);
#8146=ADVANCED_FACE('',(#1269),#862,.F.);
#8147=ADVANCED_FACE('',(#1270),#863,.F.);
#8148=ADVANCED_FACE('',(#1271),#7745,.T.);
#8149=ADVANCED_FACE('',(#1272),#864,.F.);
#8150=ADVANCED_FACE('',(#1273),#7746,.T.);
#8151=ADVANCED_FACE('',(#1274),#865,.F.);
#8152=ADVANCED_FACE('',(#1275),#866,.F.);
#8153=ADVANCED_FACE('',(#1276),#867,.F.);
#8154=ADVANCED_FACE('',(#1277),#7747,.F.);
#8155=ADVANCED_FACE('',(#1278),#868,.F.);
#8156=ADVANCED_FACE('',(#1279),#869,.F.);
#8157=ADVANCED_FACE('',(#1280),#870,.F.);
#8158=CLOSED_SHELL('',(#7748,#7749,#7750,#7751,#7752,#7753,#7754,#7755,
#7756,#7757,#7758,#7759,#7760,#7761,#7762,#7763,#7764,#7765,#7766,#7767,
#7768,#7769,#7770,#7771,#7772,#7773,#7774,#7775,#7776,#7777,#7778,#7779,
#7780,#7781,#7782,#7783,#7784,#7785,#7786,#7787,#7788,#7789,#7790,#7791,
#7792,#7793,#7794,#7795,#7796,#7797,#7798,#7799,#7800,#7801,#7802,#7803,
#7804,#7805,#7806,#7807,#7808,#7809,#7810,#7811,#7812,#7813,#7814,#7815,
#7816,#7817,#7818,#7819,#7820,#7821,#7822,#7823,#7824,#7825,#7826,#7827,
#7828,#7829,#7830,#7831,#7832,#7833,#7834,#7835,#7836,#7837,#7838,#7839,
#7840,#7841,#7842,#7843,#7844,#7845,#7846,#7847,#7848,#7849,#7850,#7851,
#7852,#7853,#7854,#7855,#7856,#7857,#7858,#7859,#7860,#7861,#7862,#7863,
#7864,#7865,#7866,#7867,#7868,#7869,#7870,#7871,#7872,#7873,#7874,#7875,
#7876,#7877,#7878,#7879,#7880,#7881,#7882,#7883,#7884,#7885,#7886,#7887,
#7888,#7889,#7890,#7891,#7892,#7893,#7894,#7895,#7896,#7897,#7898,#7899,
#7900,#7901,#7902,#7903,#7904,#7905,#7906,#7907,#7908,#7909,#7910,#7911,
#7912,#7913,#7914,#7915,#7916,#7917,#7918,#7919,#7920,#7921,#7922,#7923,
#7924,#7925,#7926,#7927,#7928,#7929,#7930,#7931,#7932,#7933,#7934,#7935,
#7936,#7937,#7938,#7939,#7940,#7941,#7942,#7943,#7944,#7945,#7946,#7947,
#7948,#7949,#7950,#7951,#7952,#7953,#7954,#7955,#7956,#7957,#7958,#7959,
#7960,#7961,#7962,#7963,#7964,#7965,#7966,#7967,#7968,#7969,#7970,#7971,
#7972,#7973,#7974,#7975,#7976,#7977,#7978,#7979,#7980,#7981,#7982,#7983,
#7984,#7985,#7986,#7987,#7988,#7989,#7990,#7991,#7992,#7993,#7994,#7995,
#7996,#7997,#7998,#7999,#8000,#8001,#8002,#8003,#8004,#8005,#8006,#8007,
#8008,#8009,#8010,#8011,#8012,#8013,#8014,#8015,#8016,#8017,#8018,#8019,
#8020,#8021,#8022,#8023,#8024,#8025,#8026,#8027,#8028,#8029,#8030,#8031,
#8032,#8033,#8034,#8035,#8036,#8037,#8038,#8039,#8040,#8041,#8042,#8043,
#8044,#8045,#8046,#8047,#8048,#8049,#8050,#8051,#8052,#8053,#8054,#8055,
#8056,#8057,#8058,#8059,#8060,#8061,#8062,#8063,#8064,#8065,#8066,#8067,
#8068,#8069,#8070,#8071,#8072,#8073,#8074,#8075,#8076,#8077,#8078,#8079,
#8080,#8081,#8082,#8083,#8084,#8085,#8086,#8087,#8088,#8089,#8090,#8091,
#8092,#8093,#8094,#8095,#8096,#8097,#8098,#8099,#8100,#8101,#8102,#8103,
#8104,#8105,#8106,#8107,#8108,#8109,#8110,#8111,#8112,#8113,#8114,#8115,
#8116,#8117,#8118,#8119,#8120,#8121,#8122,#8123,#8124,#8125,#8126,#8127,
#8128,#8129,#8130,#8131,#8132,#8133,#8134,#8135,#8136,#8137,#8138,#8139,
#8140,#8141,#8142,#8143,#8144,#8145,#8146,#8147,#8148,#8149,#8150,#8151,
#8152,#8153,#8154,#8155,#8156,#8157));
#8159=DERIVED_UNIT_ELEMENT(#8161,1.);
#8160=DERIVED_UNIT_ELEMENT(#16098,-3.);
#8161=(
MASS_UNIT()
NAMED_UNIT(*)
SI_UNIT(.KILO.,.GRAM.)
);
#8162=DERIVED_UNIT((#8159,#8160));
#8163=MEASURE_REPRESENTATION_ITEM('density measure',
POSITIVE_RATIO_MEASURE(7850.),#8162);
#8164=PROPERTY_DEFINITION_REPRESENTATION(#8169,#8166);
#8165=PROPERTY_DEFINITION_REPRESENTATION(#8170,#8167);
#8166=REPRESENTATION('material name',(#8168),#16095);
#8167=REPRESENTATION('density',(#8163),#16095);
#8168=DESCRIPTIVE_REPRESENTATION_ITEM('Acier','Acier');
#8169=PROPERTY_DEFINITION('material property','material name',#16105);
#8170=PROPERTY_DEFINITION('material property','density of part',#16105);
#8171=AXIS2_PLACEMENT_3D('',#9705,#8430,#8431);
#8172=AXIS2_PLACEMENT_3D('',#9706,#8432,#8433);
#8173=AXIS2_PLACEMENT_3D('',#9709,#8434,#8435);
#8174=AXIS2_PLACEMENT_3D('',#9713,#8437,#8438);
#8175=AXIS2_PLACEMENT_3D('',#9715,#8440,#8441);
#8176=AXIS2_PLACEMENT_3D('',#9725,#8447,#8448);
#8177=AXIS2_PLACEMENT_3D('',#9743,#8457,#8458);
#8178=AXIS2_PLACEMENT_3D('',#9751,#8462,#8463);
#8179=AXIS2_PLACEMENT_3D('',#10925,#8567,#8568);
#8180=AXIS2_PLACEMENT_3D('',#10931,#8572,#8573);
#8181=AXIS2_PLACEMENT_3D('',#10933,#8575,#8576);
#8182=AXIS2_PLACEMENT_3D('',#10937,#8578,#8579);
#8183=AXIS2_PLACEMENT_3D('',#10939,#8581,#8582);
#8184=AXIS2_PLACEMENT_3D('',#10947,#8586,#8587);
#8185=AXIS2_PLACEMENT_3D('',#10951,#8589,#8590);
#8186=AXIS2_PLACEMENT_3D('',#10959,#8594,#8595);
#8187=AXIS2_PLACEMENT_3D('',#10963,#8597,#8598);
#8188=AXIS2_PLACEMENT_3D('',#12157,#8702,#8703);
#8189=AXIS2_PLACEMENT_3D('',#12225,#8711,#8712);
#8190=AXIS2_PLACEMENT_3D('',#12228,#8715,#8716);
#8191=AXIS2_PLACEMENT_3D('',#12230,#8718,#8719);
#8192=AXIS2_PLACEMENT_3D('',#12313,#8728,#8729);
#8193=AXIS2_PLACEMENT_3D('',#12447,#8743,#8744);
#8194=AXIS2_PLACEMENT_3D('',#12450,#8747,#8748);
#8195=AXIS2_PLACEMENT_3D('',#12474,#8752,#8753);
#8196=AXIS2_PLACEMENT_3D('',#12477,#8756,#8757);
#8197=AXIS2_PLACEMENT_3D('',#12479,#8759,#8760);
#8198=AXIS2_PLACEMENT_3D('',#12548,#8769,#8770);
#8199=AXIS2_PLACEMENT_3D('',#12583,#8775,#8776);
#8200=AXIS2_PLACEMENT_3D('',#12586,#8779,#8780);
#8201=AXIS2_PLACEMENT_3D('',#12611,#8785,#8786);
#8202=AXIS2_PLACEMENT_3D('',#12613,#8788,#8789);
#8203=AXIS2_PLACEMENT_3D('',#12615,#8791,#8792);
#8204=AXIS2_PLACEMENT_3D('',#12661,#8798,#8799);
#8205=AXIS2_PLACEMENT_3D('',#12664,#8802,#8803);
#8206=AXIS2_PLACEMENT_3D('',#12666,#8805,#8806);
#8207=AXIS2_PLACEMENT_3D('',#12669,#8809,#8810);
#8208=AXIS2_PLACEMENT_3D('',#12683,#8814,#8815);
#8209=AXIS2_PLACEMENT_3D('',#12685,#8817,#8818);
#8210=AXIS2_PLACEMENT_3D('',#12687,#8820,#8821);
#8211=AXIS2_PLACEMENT_3D('',#12733,#8827,#8828);
#8212=AXIS2_PLACEMENT_3D('',#12736,#8831,#8832);
#8213=AXIS2_PLACEMENT_3D('',#12753,#8835,#8836);
#8214=AXIS2_PLACEMENT_3D('',#12791,#8840,#8841);
#8215=AXIS2_PLACEMENT_3D('',#12794,#8844,#8845);
#8216=AXIS2_PLACEMENT_3D('',#12796,#8847,#8848);
#8217=AXIS2_PLACEMENT_3D('',#12798,#8850,#8851);
#8218=AXIS2_PLACEMENT_3D('',#12800,#8853,#8854);
#8219=AXIS2_PLACEMENT_3D('',#12802,#8856,#8857);
#8220=AXIS2_PLACEMENT_3D('',#12804,#8859,#8860);
#8221=AXIS2_PLACEMENT_3D('',#12806,#8862,#8863);
#8222=AXIS2_PLACEMENT_3D('',#12809,#8866,#8867);
#8223=AXIS2_PLACEMENT_3D('',#12811,#8869,#8870);
#8224=AXIS2_PLACEMENT_3D('',#12813,#8872,#8873);
#8225=AXIS2_PLACEMENT_3D('',#12816,#8876,#8877);
#8226=AXIS2_PLACEMENT_3D('',#12818,#8879,#8880);
#8227=AXIS2_PLACEMENT_3D('',#12820,#8882,#8883);
#8228=AXIS2_PLACEMENT_3D('',#12837,#8886,#8887);
#8229=AXIS2_PLACEMENT_3D('',#12875,#8891,#8892);
#8230=AXIS2_PLACEMENT_3D('',#12917,#8896,#8897);
#8231=AXIS2_PLACEMENT_3D('',#12919,#8899,#8900);
#8232=AXIS2_PLACEMENT_3D('',#12960,#8903,#8904);
#8233=AXIS2_PLACEMENT_3D('',#12998,#8908,#8909);
#8234=AXIS2_PLACEMENT_3D('',#13001,#8912,#8913);
#8235=AXIS2_PLACEMENT_3D('',#13016,#8914,#8915);
#8236=AXIS2_PLACEMENT_3D('',#13043,#8918,#8919);
#8237=AXIS2_PLACEMENT_3D('',#13045,#8921,#8922);
#8238=AXIS2_PLACEMENT_3D('',#13047,#8924,#8925);
#8239=AXIS2_PLACEMENT_3D('',#13049,#8927,#8928);
#8240=AXIS2_PLACEMENT_3D('',#13051,#8930,#8931);
#8241=AXIS2_PLACEMENT_3D('',#13064,#8934,#8935);
#8242=AXIS2_PLACEMENT_3D('',#13066,#8937,#8938);
#8243=AXIS2_PLACEMENT_3D('',#13068,#8940,#8941);
#8244=AXIS2_PLACEMENT_3D('',#13070,#8943,#8944);
#8245=AXIS2_PLACEMENT_3D('',#13072,#8946,#8947);
#8246=AXIS2_PLACEMENT_3D('',#13085,#8950,#8951);
#8247=AXIS2_PLACEMENT_3D('',#13087,#8953,#8954);
#8248=AXIS2_PLACEMENT_3D('',#13089,#8956,#8957);
#8249=AXIS2_PLACEMENT_3D('',#13091,#8959,#8960);
#8250=AXIS2_PLACEMENT_3D('',#13093,#8962,#8963);
#8251=AXIS2_PLACEMENT_3D('',#13109,#8965,#8966);
#8252=AXIS2_PLACEMENT_3D('',#13125,#8968,#8969);
#8253=AXIS2_PLACEMENT_3D('',#13127,#8971,#8972);
#8254=AXIS2_PLACEMENT_3D('',#13129,#8974,#8975);
#8255=AXIS2_PLACEMENT_3D('',#13131,#8977,#8978);
#8256=AXIS2_PLACEMENT_3D('',#13133,#8980,#8981);
#8257=AXIS2_PLACEMENT_3D('',#13135,#8983,#8984);
#8258=AXIS2_PLACEMENT_3D('',#13173,#8988,#8989);
#8259=AXIS2_PLACEMENT_3D('',#13175,#8991,#8992);
#8260=AXIS2_PLACEMENT_3D('',#13191,#8994,#8995);
#8261=AXIS2_PLACEMENT_3D('',#13199,#9000,#9001);
#8262=AXIS2_PLACEMENT_3D('',#13203,#9003,#9004);
#8263=AXIS2_PLACEMENT_3D('',#13204,#9005,#9006);
#8264=AXIS2_PLACEMENT_3D('',#13205,#9007,#9008);
#8265=AXIS2_PLACEMENT_3D('',#13208,#9010,#9011);
#8266=AXIS2_PLACEMENT_3D('',#13209,#9012,#9013);
#8267=AXIS2_PLACEMENT_3D('',#13210,#9014,#9015);
#8268=AXIS2_PLACEMENT_3D('',#13212,#9016,#9017);
#8269=AXIS2_PLACEMENT_3D('',#13214,#9019,#9020);
#8270=AXIS2_PLACEMENT_3D('',#13216,#9021,#9022);
#8271=AXIS2_PLACEMENT_3D('',#13218,#9024,#9025);
#8272=AXIS2_PLACEMENT_3D('',#13220,#9026,#9027);
#8273=AXIS2_PLACEMENT_3D('',#13221,#9028,#9029);
#8274=AXIS2_PLACEMENT_3D('',#13222,#9030,#9031);
#8275=AXIS2_PLACEMENT_3D('',#13224,#9032,#9033);
#8276=AXIS2_PLACEMENT_3D('',#13226,#9035,#9036);
#8277=AXIS2_PLACEMENT_3D('',#13228,#9037,#9038);
#8278=AXIS2_PLACEMENT_3D('',#13229,#9039,#9040);
#8279=AXIS2_PLACEMENT_3D('',#13230,#9041,#9042);
#8280=AXIS2_PLACEMENT_3D('',#13232,#9044,#9045);
#8281=AXIS2_PLACEMENT_3D('',#13234,#9046,#9047);
#8282=AXIS2_PLACEMENT_3D('',#13235,#9048,#9049);
#8283=AXIS2_PLACEMENT_3D('',#13236,#9050,#9051);
#8284=AXIS2_PLACEMENT_3D('',#13238,#9052,#9053);
#8285=AXIS2_PLACEMENT_3D('',#13240,#9055,#9056);
#8286=AXIS2_PLACEMENT_3D('',#13242,#9057,#9058);
#8287=AXIS2_PLACEMENT_3D('',#13243,#9059,#9060);
#8288=AXIS2_PLACEMENT_3D('',#13244,#9061,#9062);
#8289=AXIS2_PLACEMENT_3D('',#13247,#9064,#9065);
#8290=AXIS2_PLACEMENT_3D('',#13248,#9066,#9067);
#8291=AXIS2_PLACEMENT_3D('',#13249,#9068,#9069);
#8292=AXIS2_PLACEMENT_3D('',#13251,#9071,#9072);
#8293=AXIS2_PLACEMENT_3D('',#13257,#9076,#9077);
#8294=AXIS2_PLACEMENT_3D('',#13261,#9080,#9081);
#8295=AXIS2_PLACEMENT_3D('',#13264,#9083,#9084);
#8296=AXIS2_PLACEMENT_3D('',#13265,#9085,#9086);
#8297=AXIS2_PLACEMENT_3D('',#13269,#9089,#9090);
#8298=AXIS2_PLACEMENT_3D('',#13272,#9092,#9093);
#8299=AXIS2_PLACEMENT_3D('',#13273,#9094,#9095);
#8300=AXIS2_PLACEMENT_3D('',#13277,#9098,#9099);
#8301=AXIS2_PLACEMENT_3D('',#13279,#9101,#9102);
#8302=AXIS2_PLACEMENT_3D('',#13283,#9105,#9106);
#8303=AXIS2_PLACEMENT_3D('',#13287,#9109,#9110);
#8304=AXIS2_PLACEMENT_3D('',#13289,#9111,#9112);
#8305=AXIS2_PLACEMENT_3D('',#13291,#9114,#9115);
#8306=AXIS2_PLACEMENT_3D('',#13827,#9171,#9172);
#8307=AXIS2_PLACEMENT_3D('',#13831,#9174,#9175);
#8308=AXIS2_PLACEMENT_3D('',#13833,#9177,#9178);
#8309=AXIS2_PLACEMENT_3D('',#14437,#9225,#9226);
#8310=AXIS2_PLACEMENT_3D('',#14443,#9230,#9231);
#8311=AXIS2_PLACEMENT_3D('',#14447,#9234,#9235);
#8312=AXIS2_PLACEMENT_3D('',#14451,#9238,#9239);
#8313=AXIS2_PLACEMENT_3D('',#14453,#9241,#9242);
#8314=AXIS2_PLACEMENT_3D('',#14525,#9249,#9250);
#8315=AXIS2_PLACEMENT_3D('',#14526,#9251,#9252);
#8316=AXIS2_PLACEMENT_3D('',#14535,#9257,#9258);
#8317=AXIS2_PLACEMENT_3D('',#14538,#9261,#9262);
#8318=AXIS2_PLACEMENT_3D('',#14550,#9264,#9265);
#8319=AXIS2_PLACEMENT_3D('',#14562,#9267,#9268);
#8320=AXIS2_PLACEMENT_3D('',#14565,#9271,#9272);
#8321=AXIS2_PLACEMENT_3D('',#14624,#9276,#9277);
#8322=AXIS2_PLACEMENT_3D('',#14692,#9283,#9284);
#8323=AXIS2_PLACEMENT_3D('',#14694,#9286,#9287);
#8324=AXIS2_PLACEMENT_3D('',#14696,#9289,#9290);
#8325=AXIS2_PLACEMENT_3D('',#14742,#9296,#9297);
#8326=AXIS2_PLACEMENT_3D('',#14748,#9299,#9300);
#8327=AXIS2_PLACEMENT_3D('',#14796,#9304,#9305);
#8328=AXIS2_PLACEMENT_3D('',#14798,#9307,#9308);
#8329=AXIS2_PLACEMENT_3D('',#14835,#9311,#9312);
#8330=AXIS2_PLACEMENT_3D('',#14838,#9315,#9316);
#8331=AXIS2_PLACEMENT_3D('',#14841,#9319,#9320);
#8332=AXIS2_PLACEMENT_3D('',#14842,#9321,#9322);
#8333=AXIS2_PLACEMENT_3D('',#14844,#9324,#9325);
#8334=AXIS2_PLACEMENT_3D('',#14845,#9326,#9327);
#8335=AXIS2_PLACEMENT_3D('',#14848,#9330,#9331);
#8336=AXIS2_PLACEMENT_3D('',#14850,#9333,#9334);
#8337=AXIS2_PLACEMENT_3D('',#14852,#9336,#9337);
#8338=AXIS2_PLACEMENT_3D('',#14853,#9338,#9339);
#8339=AXIS2_PLACEMENT_3D('',#14856,#9342,#9343);
#8340=AXIS2_PLACEMENT_3D('',#14858,#9345,#9346);
#8341=AXIS2_PLACEMENT_3D('',#14860,#9348,#9349);
#8342=AXIS2_PLACEMENT_3D('',#15027,#9366,#9367);
#8343=AXIS2_PLACEMENT_3D('',#15194,#9384,#9385);
#8344=AXIS2_PLACEMENT_3D('',#15228,#9389,#9390);
#8345=AXIS2_PLACEMENT_3D('',#15231,#9393,#9394);
#8346=AXIS2_PLACEMENT_3D('',#15233,#9396,#9397);
#8347=AXIS2_PLACEMENT_3D('',#15235,#9399,#9400);
#8348=AXIS2_PLACEMENT_3D('',#15237,#9402,#9403);
#8349=AXIS2_PLACEMENT_3D('',#15239,#9405,#9406);
#8350=AXIS2_PLACEMENT_3D('',#15241,#9408,#9409);
#8351=AXIS2_PLACEMENT_3D('',#15243,#9411,#9412);
#8352=AXIS2_PLACEMENT_3D('',#15245,#9414,#9415);
#8353=AXIS2_PLACEMENT_3D('',#15247,#9417,#9418);
#8354=AXIS2_PLACEMENT_3D('',#15249,#9420,#9421);
#8355=AXIS2_PLACEMENT_3D('',#15251,#9423,#9424);
#8356=AXIS2_PLACEMENT_3D('',#15252,#9425,#9426);
#8357=AXIS2_PLACEMENT_3D('',#15255,#9429,#9430);
#8358=AXIS2_PLACEMENT_3D('',#15257,#9432,#9433);
#8359=AXIS2_PLACEMENT_3D('',#15259,#9435,#9436);
#8360=AXIS2_PLACEMENT_3D('',#15260,#9437,#9438);
#8361=AXIS2_PLACEMENT_3D('',#15263,#9441,#9442);
#8362=AXIS2_PLACEMENT_3D('',#15265,#9444,#9445);
#8363=AXIS2_PLACEMENT_3D('',#15267,#9447,#9448);
#8364=AXIS2_PLACEMENT_3D('',#15268,#9449,#9450);
#8365=AXIS2_PLACEMENT_3D('',#15271,#9453,#9454);
#8366=AXIS2_PLACEMENT_3D('',#15273,#9456,#9457);
#8367=AXIS2_PLACEMENT_3D('',#15275,#9459,#9460);
#8368=AXIS2_PLACEMENT_3D('',#15277,#9462,#9463);
#8369=AXIS2_PLACEMENT_3D('',#15279,#9465,#9466);
#8370=AXIS2_PLACEMENT_3D('',#15281,#9468,#9469);
#8371=AXIS2_PLACEMENT_3D('',#15283,#9471,#9472);
#8372=AXIS2_PLACEMENT_3D('',#15285,#9474,#9475);
#8373=AXIS2_PLACEMENT_3D('',#15342,#9482,#9483);
#8374=AXIS2_PLACEMENT_3D('',#15344,#9485,#9486);
#8375=AXIS2_PLACEMENT_3D('',#15346,#9488,#9489);
#8376=AXIS2_PLACEMENT_3D('',#15501,#9504,#9505);
#8377=AXIS2_PLACEMENT_3D('',#15613,#9517,#9518);
#8378=AXIS2_PLACEMENT_3D('',#15625,#9520,#9521);
#8379=AXIS2_PLACEMENT_3D('',#15627,#9523,#9524);
#8380=AXIS2_PLACEMENT_3D('',#15629,#9526,#9527);
#8381=AXIS2_PLACEMENT_3D('',#15661,#9529,#9530);
#8382=AXIS2_PLACEMENT_3D('',#15663,#9532,#9533);
#8383=AXIS2_PLACEMENT_3D('',#15696,#9536,#9537);
#8384=AXIS2_PLACEMENT_3D('',#15698,#9539,#9540);
#8385=AXIS2_PLACEMENT_3D('',#15699,#9541,#9542);
#8386=AXIS2_PLACEMENT_3D('',#15701,#9544,#9545);
#8387=AXIS2_PLACEMENT_3D('',#15734,#9548,#9549);
#8388=AXIS2_PLACEMENT_3D('',#15736,#9551,#9552);
#8389=AXIS2_PLACEMENT_3D('',#15758,#9554,#9555);
#8390=AXIS2_PLACEMENT_3D('',#15802,#9559,#9560);
#8391=AXIS2_PLACEMENT_3D('',#15803,#9561,#9562);
#8392=AXIS2_PLACEMENT_3D('',#15958,#9577,#9578);
#8393=AXIS2_PLACEMENT_3D('',#15970,#9580,#9581);
#8394=AXIS2_PLACEMENT_3D('',#15974,#9584,#9585);
#8395=AXIS2_PLACEMENT_3D('',#15975,#9586,#9587);
#8396=AXIS2_PLACEMENT_3D('',#15976,#9588,#9589);
#8397=AXIS2_PLACEMENT_3D('',#15982,#9593,#9594);
#8398=AXIS2_PLACEMENT_3D('',#15988,#9598,#9599);
#8399=AXIS2_PLACEMENT_3D('',#15990,#9600,#9601);
#8400=AXIS2_PLACEMENT_3D('',#15993,#9603,#9604);
#8401=AXIS2_PLACEMENT_3D('',#15994,#9605,#9606);
#8402=AXIS2_PLACEMENT_3D('',#16000,#9610,#9611);
#8403=AXIS2_PLACEMENT_3D('',#16002,#9612,#9613);
#8404=AXIS2_PLACEMENT_3D('',#16005,#9615,#9616);
#8405=AXIS2_PLACEMENT_3D('',#16006,#9617,#9618);
#8406=AXIS2_PLACEMENT_3D('',#16012,#9622,#9623);
#8407=AXIS2_PLACEMENT_3D('',#16018,#9627,#9628);
#8408=AXIS2_PLACEMENT_3D('',#16021,#9631,#9632);
#8409=AXIS2_PLACEMENT_3D('',#16022,#9633,#9634);
#8410=AXIS2_PLACEMENT_3D('',#16032,#9639,#9640);
#8411=AXIS2_PLACEMENT_3D('',#16036,#9642,#9643);
#8412=AXIS2_PLACEMENT_3D('',#16042,#9647,#9648);
#8413=AXIS2_PLACEMENT_3D('',#16044,#9650,#9651);
#8414=AXIS2_PLACEMENT_3D('',#16046,#9653,#9654);
#8415=AXIS2_PLACEMENT_3D('',#16048,#9656,#9657);
#8416=AXIS2_PLACEMENT_3D('',#16054,#9661,#9662);
#8417=AXIS2_PLACEMENT_3D('',#16058,#9665,#9666);
#8418=AXIS2_PLACEMENT_3D('',#16060,#9667,#9668);
#8419=AXIS2_PLACEMENT_3D('',#16062,#9670,#9671);
#8420=AXIS2_PLACEMENT_3D('',#16066,#9674,#9675);
#8421=AXIS2_PLACEMENT_3D('',#16068,#9676,#9677);
#8422=AXIS2_PLACEMENT_3D('',#16070,#9679,#9680);
#8423=AXIS2_PLACEMENT_3D('',#16074,#9683,#9684);
#8424=AXIS2_PLACEMENT_3D('',#16078,#9687,#9688);
#8425=AXIS2_PLACEMENT_3D('',#16082,#9691,#9692);
#8426=AXIS2_PLACEMENT_3D('',#16084,#9693,#9694);
#8427=AXIS2_PLACEMENT_3D('',#16086,#9696,#9697);
#8428=AXIS2_PLACEMENT_3D('',#16090,#9700,#9701);
#8429=AXIS2_PLACEMENT_3D('',#16092,#9703,#9704);
#8430=DIRECTION('axis',(0.,0.,1.));
#8431=DIRECTION('refdir',(1.,0.,0.));
#8432=DIRECTION('center_axis',(-1.,0.,-4.22942104619108E-16));
#8433=DIRECTION('ref_axis',(-2.9439233600321E-16,-0.707106781186557,0.707106781186538));
#8434=DIRECTION('center_axis',(1.,0.,0.));
#8435=DIRECTION('ref_axis',(-2.9439233600321E-16,-0.707106781186557,0.707106781186538));
#8436=DIRECTION('',(1.,0.,4.22942104619107E-16));
#8437=DIRECTION('center_axis',(-0.707106781186544,0.,-0.707106781186551));
#8438=DIRECTION('ref_axis',(0.707106781186551,0.,-0.707106781186544));
#8439=DIRECTION('',(-1.,0.,-4.22942104619107E-16));
#8440=DIRECTION('center_axis',(-4.22942104619108E-16,0.,1.));
#8441=DIRECTION('ref_axis',(1.,0.,4.22942104619107E-16));
#8442=DIRECTION('',(0.,-1.,0.));
#8443=DIRECTION('',(0.,1.,0.));
#8444=DIRECTION('',(1.,0.,4.22942104619107E-16));
#8445=DIRECTION('',(0.,-1.,0.));
#8446=DIRECTION('',(-1.,0.,-4.22942104619107E-16));
#8447=DIRECTION('center_axis',(0.,-1.,0.));
#8448=DIRECTION('ref_axis',(-1.,0.,0.));
#8449=DIRECTION('',(0.,0.,-1.));
#8450=DIRECTION('',(1.,0.,0.));
#8451=DIRECTION('',(0.,0.,1.));
#8452=DIRECTION('',(-5.2245789394125E-16,0.,1.));
#8453=DIRECTION('',(-1.,0.,-3.5527136788005E-16));
#8454=DIRECTION('',(0.,0.,-1.));
#8455=DIRECTION('',(-1.,0.,-1.35465134059648E-9));
#8456=DIRECTION('',(3.51346068857507E-10,0.,1.));
#8457=DIRECTION('center_axis',(0.,-1.,0.));
#8458=DIRECTION('ref_axis',(1.,0.,0.));
#8459=DIRECTION('',(0.309853785720715,0.,0.950784219197259));
#8460=DIRECTION('',(1.,0.,0.));
#8461=DIRECTION('',(0.309853785720715,0.,-0.950784219197259));
#8462=DIRECTION('center_axis',(0.,-1.,0.));
#8463=DIRECTION('ref_axis',(-1.,0.,0.));
#8464=DIRECTION('',(3.51346068857507E-10,0.,-1.));
#8465=DIRECTION('',(-1.,0.,1.35465134059648E-9));
#8466=DIRECTION('',(0.,0.,1.));
#8467=DIRECTION('',(-1.,0.,3.5527136788005E-16));
#8468=DIRECTION('',(8.88178419700125E-16,0.,-1.));
#8469=DIRECTION('',(-1.,0.,-4.22942104619107E-16));
#8470=DIRECTION('',(0.98914277909647,0.,-0.146957689697792));
#8471=DIRECTION('',(0.,0.,-1.));
#8472=DIRECTION('',(1.,0.,0.));
#8473=DIRECTION('',(1.,0.,0.));
#8474=DIRECTION('',(-1.,0.,0.));
#8475=DIRECTION('',(-1.,0.,0.));
#8476=DIRECTION('',(0.,0.,-1.));
#8477=DIRECTION('',(1.,0.,0.));
#8478=DIRECTION('',(0.,0.,1.));
#8479=DIRECTION('',(-0.997179282672485,0.,-0.0750565001101664));
#8480=DIRECTION('',(0.996199637336571,0.,0.0870992684842059));
#8481=DIRECTION('',(-1.,0.,0.));
#8482=DIRECTION('',(-0.350646301665048,0.,-0.936507966398911));
#8483=DIRECTION('',(-0.352638345585261,0.,0.935759689889926));
#8484=DIRECTION('',(-1.,0.,0.));
#8485=DIRECTION('',(0.378780345038221,0.,-0.92548660185479));
#8486=DIRECTION('',(1.,0.,0.));
#8487=DIRECTION('',(0.358509563304159,0.,0.93352605374433));
#8488=DIRECTION('',(-1.,0.,0.));
#8489=DIRECTION('',(0.,0.,-1.));
#8490=DIRECTION('',(1.,0.,0.));
#8491=DIRECTION('',(0.,0.,1.));
#8492=DIRECTION('',(-1.,0.,0.));
#8493=DIRECTION('',(0.,0.,-1.));
#8494=DIRECTION('',(-0.34804671649537,0.,-0.937477190728815));
#8495=DIRECTION('',(0.,0.,-1.));
#8496=DIRECTION('',(1.,0.,0.));
#8497=DIRECTION('',(0.,0.,1.));
#8498=DIRECTION('',(-1.,0.,0.));
#8499=DIRECTION('',(0.,0.,-1.));
#8500=DIRECTION('',(1.,0.,0.));
#8501=DIRECTION('',(0.,0.,1.));
#8502=DIRECTION('',(-1.,0.,0.));
#8503=DIRECTION('',(0.,0.,-1.));
#8504=DIRECTION('',(0.,0.,1.));
#8505=DIRECTION('',(-1.,0.,0.));
#8506=DIRECTION('',(0.,0.,-1.));
#8507=DIRECTION('',(0.,0.,-1.));
#8508=DIRECTION('',(1.,0.,0.));
#8509=DIRECTION('',(0.,0.,1.));
#8510=DIRECTION('',(-1.,0.,0.));
#8511=DIRECTION('',(0.,0.,-1.));
#8512=DIRECTION('',(1.,0.,0.));
#8513=DIRECTION('',(0.,0.,1.));
#8514=DIRECTION('',(-1.,0.,0.));
#8515=DIRECTION('',(0.,0.,-1.));
#8516=DIRECTION('',(1.,0.,0.));
#8517=DIRECTION('',(0.,0.,1.));
#8518=DIRECTION('',(-1.,0.,0.));
#8519=DIRECTION('',(0.,0.,-1.));
#8520=DIRECTION('',(0.,0.,1.));
#8521=DIRECTION('',(-1.,0.,0.));
#8522=DIRECTION('',(0.,0.,-1.));
#8523=DIRECTION('',(0.,0.,-1.));
#8524=DIRECTION('',(1.,0.,0.));
#8525=DIRECTION('',(0.,0.,1.));
#8526=DIRECTION('',(-1.,0.,0.));
#8527=DIRECTION('',(0.,0.,-1.));
#8528=DIRECTION('',(1.,0.,0.));
#8529=DIRECTION('',(0.,0.,1.));
#8530=DIRECTION('',(-1.,0.,0.));
#8531=DIRECTION('',(-1.,0.,0.));
#8532=DIRECTION('',(-1.,0.,0.));
#8533=DIRECTION('',(0.,0.,-1.));
#8534=DIRECTION('',(-0.321684959881556,0.,0.946846759822307));
#8535=DIRECTION('',(-1.,0.,0.));
#8536=DIRECTION('',(-0.327983143694921,0.,-0.944683575305508));
#8537=DIRECTION('',(0.,0.,1.));
#8538=DIRECTION('',(-1.,0.,0.));
#8539=DIRECTION('',(0.,0.,-1.));
#8540=DIRECTION('',(1.,0.,0.));
#8541=DIRECTION('',(0.325390749145551,0.,0.945579642531763));
#8542=DIRECTION('',(0.317049832039897,0.,-0.948408880179574));
#8543=DIRECTION('',(1.,0.,0.));
#8544=DIRECTION('',(0.,0.,1.));
#8545=DIRECTION('',(-1.,0.,0.));
#8546=DIRECTION('',(0.,0.,-1.));
#8547=DIRECTION('',(1.,0.,0.));
#8548=DIRECTION('',(0.,0.,-1.));
#8549=DIRECTION('',(1.,0.,0.));
#8550=DIRECTION('',(0.,0.,1.));
#8551=DIRECTION('',(-1.,0.,0.));
#8552=DIRECTION('',(0.358509563304159,0.,0.93352605374433));
#8553=DIRECTION('',(-1.,0.,0.));
#8554=DIRECTION('',(-0.340892879419712,0.,-0.940102145918696));
#8555=DIRECTION('',(-1.,0.,0.));
#8556=DIRECTION('',(-0.359401529578064,0.,0.933183015563907));
#8557=DIRECTION('',(-1.,0.,0.));
#8558=DIRECTION('',(0.378780345038221,0.,-0.92548660185479));
#8559=DIRECTION('',(1.,0.,0.));
#8560=DIRECTION('',(1.,0.,0.));
#8561=DIRECTION('',(1.,0.,0.));
#8562=DIRECTION('',(1.,0.,0.));
#8563=DIRECTION('',(0.,0.,1.));
#8564=DIRECTION('',(-1.,0.,0.));
#8565=DIRECTION('',(0.,0.,-1.));
#8566=DIRECTION('',(1.,0.,0.));
#8567=DIRECTION('center_axis',(0.,0.,-1.));
#8568=DIRECTION('ref_axis',(-1.,0.,0.));
#8569=DIRECTION('',(0.,1.,0.));
#8570=DIRECTION('',(-1.,0.,0.));
#8571=DIRECTION('',(0.,1.,0.));
#8572=DIRECTION('center_axis',(1.,0.,0.));
#8573=DIRECTION('ref_axis',(0.,0.,-1.));
#8574=DIRECTION('',(0.,0.,-1.));
#8575=DIRECTION('center_axis',(-1.,0.,0.));
#8576=DIRECTION('ref_axis',(0.,0.,1.));
#8577=DIRECTION('',(0.,1.,0.));
#8578=DIRECTION('center_axis',(-1.,0.,0.));
#8579=DIRECTION('ref_axis',(-2.9439233600321E-16,-0.707106781186557,0.707106781186538));
#8580=DIRECTION('',(0.,0.,1.));
#8581=DIRECTION('center_axis',(0.,-1.,0.));
#8582=DIRECTION('ref_axis',(-1.,0.,0.));
#8583=DIRECTION('',(1.,0.,4.22942104619107E-16));
#8584=DIRECTION('',(0.,0.,-1.));
#8585=DIRECTION('',(1.,0.,6.83214169000095E-16));
#8586=DIRECTION('center_axis',(0.,1.,0.));
#8587=DIRECTION('ref_axis',(-0.707106781186549,0.,0.707106781186546));
#8588=DIRECTION('',(0.,0.,1.));
#8589=DIRECTION('center_axis',(0.,1.,0.));
#8590=DIRECTION('ref_axis',(-0.98761941536133,0.,-0.156869023077675));
#8591=DIRECTION('',(-0.309853785720553,0.,0.950784219197312));
#8592=DIRECTION('',(-1.,0.,0.));
#8593=DIRECTION('',(-0.309853785720553,0.,-0.950784219197312));
#8594=DIRECTION('center_axis',(0.,1.,0.));
#8595=DIRECTION('ref_axis',(0.98761941536133,0.,-0.156869023077675));
#8596=DIRECTION('',(0.,0.,-1.));
#8597=DIRECTION('center_axis',(0.,1.,0.));
#8598=DIRECTION('ref_axis',(0.707106781186549,0.,0.707106781186546));
#8599=DIRECTION('',(1.,0.,6.83214169000095E-16));
#8600=DIRECTION('',(0.,0.,1.));
#8601=DIRECTION('',(-1.,0.,0.));
#8602=DIRECTION('',(0.,0.,1.));
#8603=DIRECTION('',(1.,0.,0.));
#8604=DIRECTION('',(0.,0.,-1.));
#8605=DIRECTION('',(-1.,0.,0.));
#8606=DIRECTION('',(0.,0.,1.));
#8607=DIRECTION('',(1.,0.,0.));
#8608=DIRECTION('',(0.,0.,-1.));
#8609=DIRECTION('',(1.,0.,0.));
#8610=DIRECTION('',(1.,0.,0.));
#8611=DIRECTION('',(-1.,0.,0.));
#8612=DIRECTION('',(-1.,0.,0.));
#8613=DIRECTION('',(0.,0.,-1.));
#8614=DIRECTION('',(0.98914277909647,0.,-0.146957689697792));
#8615=DIRECTION('',(1.,0.,0.));
#8616=DIRECTION('',(1.,0.,0.));
#8617=DIRECTION('',(0.358509563304159,0.,0.93352605374433));
#8618=DIRECTION('',(1.,0.,0.));
#8619=DIRECTION('',(0.378780345038221,0.,-0.92548660185479));
#8620=DIRECTION('',(1.,0.,0.));
#8621=DIRECTION('',(-0.352638345585261,0.,0.935759689889926));
#8622=DIRECTION('',(-0.350646301665048,0.,-0.936507966398911));
#8623=DIRECTION('',(1.,0.,0.));
#8624=DIRECTION('',(0.,0.,-1.));
#8625=DIRECTION('',(-1.,0.,0.));
#8626=DIRECTION('',(0.,0.,1.));
#8627=DIRECTION('',(1.,0.,0.));
#8628=DIRECTION('',(0.,0.,-1.));
#8629=DIRECTION('',(1.,0.,0.));
#8630=DIRECTION('',(0.,0.,-1.));
#8631=DIRECTION('',(-1.,0.,0.));
#8632=DIRECTION('',(0.,0.,1.));
#8633=DIRECTION('',(1.,0.,0.));
#8634=DIRECTION('',(0.317049832039897,0.,-0.948408880179574));
#8635=DIRECTION('',(0.325390749145551,0.,0.945579642531763));
#8636=DIRECTION('',(1.,0.,0.));
#8637=DIRECTION('',(0.,0.,-1.));
#8638=DIRECTION('',(-1.,0.,0.));
#8639=DIRECTION('',(0.,0.,1.));
#8640=DIRECTION('',(-0.327983143694921,0.,-0.944683575305508));
#8641=DIRECTION('',(-1.,0.,0.));
#8642=DIRECTION('',(-0.321684959881556,0.,0.946846759822307));
#8643=DIRECTION('',(-1.,0.,0.));
#8644=DIRECTION('',(-1.,0.,0.));
#8645=DIRECTION('',(0.,0.,-1.));
#8646=DIRECTION('',(-1.,0.,0.));
#8647=DIRECTION('',(0.,0.,1.));
#8648=DIRECTION('',(1.,0.,0.));
#8649=DIRECTION('',(0.,0.,-1.));
#8650=DIRECTION('',(-1.,0.,0.));
#8651=DIRECTION('',(0.,0.,1.));
#8652=DIRECTION('',(1.,0.,0.));
#8653=DIRECTION('',(0.,0.,-1.));
#8654=DIRECTION('',(0.,0.,-1.));
#8655=DIRECTION('',(-1.,0.,0.));
#8656=DIRECTION('',(0.,0.,1.));
#8657=DIRECTION('',(0.,0.,-1.));
#8658=DIRECTION('',(-1.,0.,0.));
#8659=DIRECTION('',(0.,0.,1.));
#8660=DIRECTION('',(1.,0.,0.));
#8661=DIRECTION('',(0.,0.,-1.));
#8662=DIRECTION('',(-1.,0.,0.));
#8663=DIRECTION('',(0.,0.,1.));
#8664=DIRECTION('',(1.,0.,0.));
#8665=DIRECTION('',(0.,0.,-1.));
#8666=DIRECTION('',(-1.,0.,0.));
#8667=DIRECTION('',(0.,0.,1.));
#8668=DIRECTION('',(1.,0.,0.));
#8669=DIRECTION('',(0.,0.,-1.));
#8670=DIRECTION('',(0.,0.,-1.));
#8671=DIRECTION('',(-1.,0.,0.));
#8672=DIRECTION('',(0.,0.,1.));
#8673=DIRECTION('',(0.,0.,-1.));
#8674=DIRECTION('',(-1.,0.,0.));
#8675=DIRECTION('',(0.,0.,1.));
#8676=DIRECTION('',(1.,0.,0.));
#8677=DIRECTION('',(0.,0.,-1.));
#8678=DIRECTION('',(-1.,0.,0.));
#8679=DIRECTION('',(0.,0.,1.));
#8680=DIRECTION('',(1.,0.,0.));
#8681=DIRECTION('',(0.,0.,-1.));
#8682=DIRECTION('',(-0.34804671649537,0.,-0.937477190728816));
#8683=DIRECTION('',(-1.,0.,0.));
#8684=DIRECTION('',(0.378780345038221,0.,-0.92548660185479));
#8685=DIRECTION('',(-1.,0.,0.));
#8686=DIRECTION('',(-0.359401529578064,0.,0.933183015563907));
#8687=DIRECTION('',(-1.,0.,0.));
#8688=DIRECTION('',(-0.340892879419712,0.,-0.940102145918696));
#8689=DIRECTION('',(-1.,0.,0.));
#8690=DIRECTION('',(0.358509563304159,0.,0.93352605374433));
#8691=DIRECTION('',(0.996199637336571,0.,0.0870992684842059));
#8692=DIRECTION('',(-0.997179282672485,0.,-0.0750565001101664));
#8693=DIRECTION('',(1.,0.,0.));
#8694=DIRECTION('',(0.,0.,-1.));
#8695=DIRECTION('',(-1.,0.,0.));
#8696=DIRECTION('',(0.,0.,1.));
#8697=DIRECTION('',(1.,0.,0.));
#8698=DIRECTION('',(0.,1.,0.));
#8699=DIRECTION('',(0.,1.,0.));
#8700=DIRECTION('',(0.,1.,0.));
#8701=DIRECTION('',(0.,1.,0.));
#8702=DIRECTION('center_axis',(0.146957689697792,0.,0.98914277909647));
#8703=DIRECTION('ref_axis',(0.98914277909647,0.,-0.146957689697792));
#8704=DIRECTION('',(0.,1.,0.));
#8705=DIRECTION('',(0.,1.,0.));
#8706=DIRECTION('',(0.,1.,0.));
#8707=DIRECTION('',(0.,1.,0.));
#8708=DIRECTION('',(0.,1.,0.));
#8709=DIRECTION('',(0.,1.,0.));
#8710=DIRECTION('',(0.,1.,0.));
#8711=DIRECTION('center_axis',(0.,0.,1.));
#8712=DIRECTION('ref_axis',(1.,0.,0.));
#8713=DIRECTION('',(0.,1.,0.));
#8714=DIRECTION('',(0.,1.,0.));
#8715=DIRECTION('center_axis',(1.,0.,0.));
#8716=DIRECTION('ref_axis',(0.,0.,-1.));
#8717=DIRECTION('',(0.,-1.,0.));
#8718=DIRECTION('center_axis',(0.,0.,1.));
#8719=DIRECTION('ref_axis',(1.,0.,0.));
#8720=DIRECTION('',(0.,1.,0.));
#8721=DIRECTION('',(0.,1.,0.));
#8722=DIRECTION('',(0.,1.,0.));
#8723=DIRECTION('',(0.,1.,0.));
#8724=DIRECTION('',(0.,1.,0.));
#8725=DIRECTION('',(0.,1.,0.));
#8726=DIRECTION('',(0.,1.,0.));
#8727=DIRECTION('',(0.,1.,0.));
#8728=DIRECTION('center_axis',(0.0750565001101665,0.,-0.997179282672486));
#8729=DIRECTION('ref_axis',(-0.997179282672485,0.,-0.0750565001101664));
#8730=DIRECTION('',(0.,1.,0.));
#8731=DIRECTION('',(0.,1.,0.));
#8732=DIRECTION('',(0.,1.,0.));
#8733=DIRECTION('',(0.,1.,0.));
#8734=DIRECTION('',(0.,1.,0.));
#8735=DIRECTION('',(0.,1.,0.));
#8736=DIRECTION('',(0.,1.,0.));
#8737=DIRECTION('',(0.,1.,0.));
#8738=DIRECTION('',(0.,1.,0.));
#8739=DIRECTION('',(0.,1.,0.));
#8740=DIRECTION('',(0.,1.,0.));
#8741=DIRECTION('',(0.,1.,0.));
#8742=DIRECTION('',(0.,1.,0.));
#8743=DIRECTION('center_axis',(0.,0.,1.));
#8744=DIRECTION('ref_axis',(1.,0.,0.));
#8745=DIRECTION('',(0.,1.,0.));
#8746=DIRECTION('',(0.,-1.,0.));
#8747=DIRECTION('center_axis',(-0.935759689889926,0.,-0.352638345585261));
#8748=DIRECTION('ref_axis',(-0.352638345585261,0.,0.935759689889926));
#8749=DIRECTION('',(0.,1.,0.));
#8750=DIRECTION('',(0.,1.,0.));
#8751=DIRECTION('',(0.,1.,0.));
#8752=DIRECTION('center_axis',(-1.,0.,0.));
#8753=DIRECTION('ref_axis',(0.,0.,1.));
#8754=DIRECTION('',(0.,1.,0.));
#8755=DIRECTION('',(0.,1.,0.));
#8756=DIRECTION('center_axis',(0.,0.,1.));
#8757=DIRECTION('ref_axis',(1.,0.,0.));
#8758=DIRECTION('',(0.,1.,0.));
#8759=DIRECTION('center_axis',(1.,0.,0.));
#8760=DIRECTION('ref_axis',(0.,0.,-1.));
#8761=DIRECTION('',(0.,1.,0.));
#8762=DIRECTION('',(0.,1.,0.));
#8763=DIRECTION('',(0.,1.,0.));
#8764=DIRECTION('',(0.,1.,0.));
#8765=DIRECTION('',(0.,1.,0.));
#8766=DIRECTION('',(0.,1.,0.));
#8767=DIRECTION('',(0.,1.,0.));
#8768=DIRECTION('',(0.,1.,0.));
#8769=DIRECTION('center_axis',(0.937477190728815,0.,-0.34804671649537));
#8770=DIRECTION('ref_axis',(-0.34804671649537,0.,-0.937477190728816));
#8771=DIRECTION('',(0.,1.,0.));
#8772=DIRECTION('',(0.,1.,0.));
#8773=DIRECTION('',(0.,1.,0.));
#8774=DIRECTION('',(0.,1.,0.));
#8775=DIRECTION('center_axis',(0.,0.,-1.));
#8776=DIRECTION('ref_axis',(-1.,0.,0.));
#8777=DIRECTION('',(0.,1.,0.));
#8778=DIRECTION('',(0.,1.,0.));
#8779=DIRECTION('center_axis',(-1.,0.,0.));
#8780=DIRECTION('ref_axis',(0.,0.,1.));
#8781=DIRECTION('',(0.,1.,0.));
#8782=DIRECTION('',(0.,1.,0.));
#8783=DIRECTION('',(0.,1.,0.));
#8784=DIRECTION('',(0.,1.,0.));
#8785=DIRECTION('center_axis',(1.,0.,0.));
#8786=DIRECTION('ref_axis',(0.,0.,-1.));
#8787=DIRECTION('',(0.,1.,0.));
#8788=DIRECTION('center_axis',(0.,0.,-1.));
#8789=DIRECTION('ref_axis',(-1.,0.,0.));
#8790=DIRECTION('',(0.,1.,0.));
#8791=DIRECTION('center_axis',(-1.,0.,0.));
#8792=DIRECTION('ref_axis',(0.,0.,1.));
#8793=DIRECTION('',(0.,1.,0.));
#8794=DIRECTION('',(0.,1.,0.));
#8795=DIRECTION('',(0.,1.,0.));
#8796=DIRECTION('',(0.,1.,0.));
#8797=DIRECTION('',(0.,1.,0.));
#8798=DIRECTION('center_axis',(0.,0.,-1.));
#8799=DIRECTION('ref_axis',(-1.,0.,0.));
#8800=DIRECTION('',(0.,1.,0.));
#8801=DIRECTION('',(0.,1.,0.));
#8802=DIRECTION('center_axis',(-1.,0.,0.));
#8803=DIRECTION('ref_axis',(0.,0.,1.));
#8804=DIRECTION('',(0.,1.,0.));
#8805=DIRECTION('center_axis',(0.,0.,-1.));
#8806=DIRECTION('ref_axis',(-1.,0.,0.));
#8807=DIRECTION('',(0.,1.,0.));
#8808=DIRECTION('',(0.,1.,0.));
#8809=DIRECTION('center_axis',(-1.,0.,0.));
#8810=DIRECTION('ref_axis',(0.,0.,1.));
#8811=DIRECTION('',(0.,1.,0.));
#8812=DIRECTION('',(0.,1.,0.));
#8813=DIRECTION('',(0.,1.,0.));
#8814=DIRECTION('center_axis',(1.,0.,0.));
#8815=DIRECTION('ref_axis',(0.,0.,-1.));
#8816=DIRECTION('',(0.,1.,0.));
#8817=DIRECTION('center_axis',(0.,0.,-1.));
#8818=DIRECTION('ref_axis',(-1.,0.,0.));
#8819=DIRECTION('',(0.,1.,0.));
#8820=DIRECTION('center_axis',(-1.,0.,0.));
#8821=DIRECTION('ref_axis',(0.,0.,1.));
#8822=DIRECTION('',(0.,1.,0.));
#8823=DIRECTION('',(0.,1.,0.));
#8824=DIRECTION('',(0.,1.,0.));
#8825=DIRECTION('',(0.,1.,0.));
#8826=DIRECTION('',(0.,1.,0.));
#8827=DIRECTION('center_axis',(0.,0.,-1.));
#8828=DIRECTION('ref_axis',(-1.,0.,0.));
#8829=DIRECTION('',(0.,1.,0.));
#8830=DIRECTION('',(0.,1.,0.));
#8831=DIRECTION('center_axis',(-1.,0.,0.));
#8832=DIRECTION('ref_axis',(0.,0.,1.));
#8833=DIRECTION('',(0.,1.,0.));
#8834=DIRECTION('',(0.,1.,0.));
#8835=DIRECTION('center_axis',(0.,0.,1.));
#8836=DIRECTION('ref_axis',(1.,0.,0.));
#8837=DIRECTION('',(0.,1.,0.));
#8838=DIRECTION('',(0.,1.,0.));
#8839=DIRECTION('',(0.,1.,0.));
#8840=DIRECTION('center_axis',(-0.945579642531763,0.,0.325390749145551));
#8841=DIRECTION('ref_axis',(0.325390749145551,0.,0.945579642531763));
#8842=DIRECTION('',(0.,1.,0.));
#8843=DIRECTION('',(0.,1.,0.));
#8844=DIRECTION('center_axis',(0.,0.,1.));
#8845=DIRECTION('ref_axis',(1.,0.,0.));
#8846=DIRECTION('',(0.,1.,0.));
#8847=DIRECTION('center_axis',(1.,0.,0.));
#8848=DIRECTION('ref_axis',(0.,0.,-1.));
#8849=DIRECTION('',(0.,1.,0.));
#8850=DIRECTION('center_axis',(0.,0.,-1.));
#8851=DIRECTION('ref_axis',(-1.,0.,0.));
#8852=DIRECTION('',(0.,1.,0.));
#8853=DIRECTION('center_axis',(-1.,0.,0.));
#8854=DIRECTION('ref_axis',(0.,0.,1.));
#8855=DIRECTION('',(0.,1.,0.));
#8856=DIRECTION('center_axis',(0.944683575305508,0.,-0.327983143694921));
#8857=DIRECTION('ref_axis',(-0.327983143694921,0.,-0.944683575305508));
#8858=DIRECTION('',(0.,1.,0.));
#8859=DIRECTION('center_axis',(0.,0.,-1.));
#8860=DIRECTION('ref_axis',(-1.,0.,0.));
#8861=DIRECTION('',(0.,1.,0.));
#8862=DIRECTION('center_axis',(-1.,0.,0.));
#8863=DIRECTION('ref_axis',(0.,0.,1.));
#8864=DIRECTION('',(0.,1.,0.));
#8865=DIRECTION('',(0.,1.,0.));
#8866=DIRECTION('center_axis',(0.,0.,1.));
#8867=DIRECTION('ref_axis',(1.,0.,0.));
#8868=DIRECTION('',(0.,1.,0.));
#8869=DIRECTION('center_axis',(1.,0.,0.));
#8870=DIRECTION('ref_axis',(0.,0.,-1.));
#8871=DIRECTION('',(0.,1.,0.));
#8872=DIRECTION('center_axis',(0.,0.,-1.));
#8873=DIRECTION('ref_axis',(-1.,0.,0.));
#8874=DIRECTION('',(0.,1.,0.));
#8875=DIRECTION('',(0.,1.,0.));
#8876=DIRECTION('center_axis',(-0.933183015563908,0.,-0.359401529578064));
#8877=DIRECTION('ref_axis',(-0.359401529578064,0.,0.933183015563907));
#8878=DIRECTION('',(0.,1.,0.));
#8879=DIRECTION('center_axis',(0.,0.,-1.));
#8880=DIRECTION('ref_axis',(-1.,0.,0.));
#8881=DIRECTION('',(0.,1.,0.));
#8882=DIRECTION('center_axis',(0.940102145918696,0.,-0.340892879419712));
#8883=DIRECTION('ref_axis',(-0.340892879419712,0.,-0.940102145918696));
#8884=DIRECTION('',(0.,1.,0.));
#8885=DIRECTION('',(0.,1.,0.));
#8886=DIRECTION('center_axis',(0.,0.,-1.));
#8887=DIRECTION('ref_axis',(-1.,0.,0.));
#8888=DIRECTION('',(0.,1.,0.));
#8889=DIRECTION('',(0.,1.,0.));
#8890=DIRECTION('',(0.,1.,0.));
#8891=DIRECTION('center_axis',(0.,0.,-1.));
#8892=DIRECTION('ref_axis',(-1.,0.,0.));
#8893=DIRECTION('',(0.,1.,0.));
#8894=DIRECTION('',(0.,1.,0.));
#8895=DIRECTION('',(0.,1.,0.));
#8896=DIRECTION('center_axis',(1.,0.,0.));
#8897=DIRECTION('ref_axis',(0.,0.,-1.));
#8898=DIRECTION('',(0.,1.,0.));
#8899=DIRECTION('center_axis',(0.,0.,-1.));
#8900=DIRECTION('ref_axis',(-1.,0.,0.));
#8901=DIRECTION('',(0.,1.,0.));
#8902=DIRECTION('',(0.,1.,0.));
#8903=DIRECTION('center_axis',(0.,0.,1.));
#8904=DIRECTION('ref_axis',(1.,0.,0.));
#8905=DIRECTION('',(0.,1.,0.));
#8906=DIRECTION('',(0.,1.,0.));
#8907=DIRECTION('',(0.,1.,0.));
#8908=DIRECTION('center_axis',(0.,0.,1.));
#8909=DIRECTION('ref_axis',(1.,0.,0.));
#8910=DIRECTION('',(0.,1.,0.));
#8911=DIRECTION('',(0.,1.,0.));
#8912=DIRECTION('center_axis',(0.92548660185479,0.,0.378780345038221));
#8913=DIRECTION('ref_axis',(0.378780345038221,0.,-0.92548660185479));
#8914=DIRECTION('center_axis',(0.,0.,1.));
#8915=DIRECTION('ref_axis',(1.,0.,0.));
#8916=DIRECTION('',(0.,1.,0.));
#8917=DIRECTION('',(0.,1.,0.));
#8918=DIRECTION('center_axis',(1.,0.,0.));
#8919=DIRECTION('ref_axis',(0.,0.,-1.));
#8920=DIRECTION('',(0.,1.,0.));
#8921=DIRECTION('center_axis',(0.,0.,-1.));
#8922=DIRECTION('ref_axis',(-1.,0.,0.));
#8923=DIRECTION('',(0.,1.,0.));
#8924=DIRECTION('center_axis',(-1.,0.,0.));
#8925=DIRECTION('ref_axis',(0.,0.,1.));
#8926=DIRECTION('',(0.,1.,0.));
#8927=DIRECTION('center_axis',(0.,0.,1.));
#8928=DIRECTION('ref_axis',(1.,0.,0.));
#8929=DIRECTION('',(0.,1.,0.));
#8930=DIRECTION('center_axis',(1.,0.,0.));
#8931=DIRECTION('ref_axis',(0.,0.,-1.));
#8932=DIRECTION('',(0.,1.,0.));
#8933=DIRECTION('',(0.,1.,0.));
#8934=DIRECTION('center_axis',(1.,0.,0.));
#8935=DIRECTION('ref_axis',(0.,0.,-1.));
#8936=DIRECTION('',(0.,1.,0.));
#8937=DIRECTION('center_axis',(0.,0.,-1.));
#8938=DIRECTION('ref_axis',(-1.,0.,0.));
#8939=DIRECTION('',(0.,1.,0.));
#8940=DIRECTION('center_axis',(-1.,0.,0.));
#8941=DIRECTION('ref_axis',(0.,0.,1.));
#8942=DIRECTION('',(0.,1.,0.));
#8943=DIRECTION('center_axis',(0.,0.,1.));
#8944=DIRECTION('ref_axis',(1.,0.,0.));
#8945=DIRECTION('',(0.,1.,0.));
#8946=DIRECTION('center_axis',(1.,0.,0.));
#8947=DIRECTION('ref_axis',(0.,0.,-1.));
#8948=DIRECTION('',(0.,1.,0.));
#8949=DIRECTION('',(0.,1.,0.));
#8950=DIRECTION('center_axis',(1.,0.,0.));
#8951=DIRECTION('ref_axis',(0.,0.,-1.));
#8952=DIRECTION('',(0.,1.,0.));
#8953=DIRECTION('center_axis',(0.,0.,-1.));
#8954=DIRECTION('ref_axis',(-1.,0.,0.));
#8955=DIRECTION('',(0.,1.,0.));
#8956=DIRECTION('center_axis',(-1.,0.,0.));
#8957=DIRECTION('ref_axis',(0.,0.,1.));
#8958=DIRECTION('',(0.,1.,0.));
#8959=DIRECTION('center_axis',(0.,0.,1.));
#8960=DIRECTION('ref_axis',(1.,0.,0.));
#8961=DIRECTION('',(0.,1.,0.));
#8962=DIRECTION('center_axis',(1.,0.,0.));
#8963=DIRECTION('ref_axis',(0.,0.,-1.));
#8964=DIRECTION('',(0.,1.,0.));
#8965=DIRECTION('center_axis',(0.,0.,1.));
#8966=DIRECTION('ref_axis',(1.,0.,0.));
#8967=DIRECTION('',(0.,1.,0.));
#8968=DIRECTION('center_axis',(-0.946846759822307,0.,-0.321684959881556));
#8969=DIRECTION('ref_axis',(-0.321684959881556,0.,0.946846759822307));
#8970=DIRECTION('',(0.,1.,0.));
#8971=DIRECTION('center_axis',(1.,0.,0.));
#8972=DIRECTION('ref_axis',(0.,0.,-1.));
#8973=DIRECTION('',(0.,1.,0.));
#8974=DIRECTION('center_axis',(0.,0.,-1.));
#8975=DIRECTION('ref_axis',(-1.,0.,0.));
#8976=DIRECTION('',(0.,1.,0.));
#8977=DIRECTION('center_axis',(-1.,0.,0.));
#8978=DIRECTION('ref_axis',(0.,0.,1.));
#8979=DIRECTION('',(0.,1.,0.));
#8980=DIRECTION('center_axis',(0.,0.,1.));
#8981=DIRECTION('ref_axis',(1.,0.,0.));
#8982=DIRECTION('',(0.,1.,0.));
#8983=DIRECTION('center_axis',(0.948408880179574,0.,0.317049832039897));
#8984=DIRECTION('ref_axis',(0.317049832039897,0.,-0.948408880179574));
#8985=DIRECTION('',(0.,1.,0.));
#8986=DIRECTION('',(0.,1.,0.));
#8987=DIRECTION('',(0.,1.,0.));
#8988=DIRECTION('center_axis',(-1.,0.,0.));
#8989=DIRECTION('ref_axis',(0.,0.,1.));
#8990=DIRECTION('',(0.,-1.,0.));
#8991=DIRECTION('center_axis',(0.,0.,-1.));
#8992=DIRECTION('ref_axis',(-1.,0.,0.));
#8993=DIRECTION('',(0.,1.,0.));
#8994=DIRECTION('center_axis',(-4.22942104619108E-16,0.,1.));
#8995=DIRECTION('ref_axis',(1.,0.,4.22942104619107E-16));
#8996=DIRECTION('',(0.,-1.,0.));
#8997=DIRECTION('',(-1.,0.,4.22942104619107E-16));
#8998=DIRECTION('',(0.,1.,0.));
#8999=DIRECTION('',(-1.,0.,-4.22942104619107E-16));
#9000=DIRECTION('center_axis',(0.309853785720553,0.,0.950784219197312));
#9001=DIRECTION('ref_axis',(0.672305968839571,-0.707106781186553,-0.219099713059324));
#9002=DIRECTION('',(0.309853785720553,0.,0.950784219197312));
#9003=DIRECTION('center_axis',(-0.309853785720555,0.,-0.950784219197311));
#9004=DIRECTION('ref_axis',(0.950784219197311,0.,-0.309853785720555));
#9005=DIRECTION('center_axis',(0.809275535809825,-3.59390533248769E-15,
0.587429235857154));
#9006=DIRECTION('ref_axis',(0.587429235857154,-4.951166006157E-15,-0.809275535809825));
#9007=DIRECTION('center_axis',(0.,0.,1.));
#9008=DIRECTION('ref_axis',(0.707106781186544,-0.707106781186551,0.));
#9009=DIRECTION('',(0.,0.,1.));
#9010=DIRECTION('center_axis',(0.707106781186576,-6.28036983473482E-15,
-0.707106781186519));
#9011=DIRECTION('ref_axis',(-0.707106781186519,6.28036983473431E-15,-0.707106781186576));
#9012=DIRECTION('center_axis',(-0.707106781186563,0.,0.707106781186532));
#9013=DIRECTION('ref_axis',(-0.707106781186532,0.,-0.707106781186563));
#9014=DIRECTION('center_axis',(1.,0.,0.));
#9015=DIRECTION('ref_axis',(0.,-0.707106781186544,-0.707106781186551));
#9016=DIRECTION('center_axis',(0.80927553580982,1.76226500727606E-14,-0.587429235857162));
#9017=DIRECTION('ref_axis',(-0.587429235857162,2.42779533422646E-14,-0.80927553580982));
#9018=DIRECTION('',(1.,0.,0.));
#9019=DIRECTION('center_axis',(0.309853785720553,0.,-0.950784219197312));
#9020=DIRECTION('ref_axis',(-0.672305968839571,-0.707106781186552,-0.219099713059327));
#9021=DIRECTION('center_axis',(0.309853785720552,0.,-0.950784219197312));
#9022=DIRECTION('ref_axis',(0.,-1.,0.));
#9023=DIRECTION('',(0.309853785720553,0.,-0.950784219197312));
#9024=DIRECTION('center_axis',(0.,-1.,0.));
#9025=DIRECTION('ref_axis',(0.,0.,-1.));
#9026=DIRECTION('center_axis',(5.55111512312575E-16,0.,-1.));
#9027=DIRECTION('ref_axis',(0.,-1.,0.));
#9028=DIRECTION('center_axis',(0.,-1.,0.));
#9029=DIRECTION('ref_axis',(-0.98761941536133,0.,-0.156869023077675));
#9030=DIRECTION('center_axis',(0.,0.,1.));
#9031=DIRECTION('ref_axis',(-0.707106781186544,-0.707106781186551,0.));
#9032=DIRECTION('center_axis',(0.,0.,-1.));
#9033=DIRECTION('ref_axis',(0.,-1.,0.));
#9034=DIRECTION('',(0.,0.,-1.));
#9035=DIRECTION('center_axis',(0.,-1.,0.));
#9036=DIRECTION('ref_axis',(0.,0.,-1.));
#9037=DIRECTION('center_axis',(-1.,0.,0.));
#9038=DIRECTION('ref_axis',(0.,-1.,0.));
#9039=DIRECTION('center_axis',(0.,-1.,0.));
#9040=DIRECTION('ref_axis',(-0.707106781186549,0.,0.707106781186546));
#9041=DIRECTION('center_axis',(-1.,0.,-6.83214169000095E-16));
#9042=DIRECTION('ref_axis',(0.,-0.707106781186557,0.707106781186538));
#9043=DIRECTION('',(-1.,0.,-6.83214169000095E-16));
#9044=DIRECTION('center_axis',(0.,-1.,0.));
#9045=DIRECTION('ref_axis',(0.,0.,-1.));
#9046=DIRECTION('center_axis',(-5.55111512312575E-16,0.,-1.));
#9047=DIRECTION('ref_axis',(1.,0.,-5.55111512312575E-16));
#9048=DIRECTION('center_axis',(0.,-1.,0.));
#9049=DIRECTION('ref_axis',(0.98761941536133,0.,-0.156869023077675));
#9050=DIRECTION('center_axis',(0.,0.,1.));
#9051=DIRECTION('ref_axis',(0.707106781186544,-0.707106781186551,0.));
#9052=DIRECTION('center_axis',(0.,0.,-1.));
#9053=DIRECTION('ref_axis',(1.,0.,0.));
#9054=DIRECTION('',(0.,0.,1.));
#9055=DIRECTION('center_axis',(0.,-1.,0.));
#9056=DIRECTION('ref_axis',(0.,0.,-1.));
#9057=DIRECTION('center_axis',(1.,0.,0.));
#9058=DIRECTION('ref_axis',(0.,0.,1.));
#9059=DIRECTION('center_axis',(0.,-1.,0.));
#9060=DIRECTION('ref_axis',(0.707106781186549,0.,0.707106781186546));
#9061=DIRECTION('center_axis',(-1.,0.,-6.83214169000095E-16));
#9062=DIRECTION('ref_axis',(0.,-0.707106781186557,0.707106781186538));
#9063=DIRECTION('',(-1.,0.,-6.83214169000095E-16));
#9064=DIRECTION('center_axis',(0.707106781186544,0.,0.707106781186551));
#9065=DIRECTION('ref_axis',(0.707106781186551,0.,-0.707106781186544));
#9066=DIRECTION('center_axis',(-1.,0.,-4.22942104619108E-16));
#9067=DIRECTION('ref_axis',(-2.9439233600321E-16,-0.707106781186557,0.707106781186538));
#9068=DIRECTION('center_axis',(0.,0.,-1.));
#9069=DIRECTION('ref_axis',(-0.707106781186544,-0.707106781186551,0.));
#9070=DIRECTION('',(0.,0.,-1.));
#9071=DIRECTION('center_axis',(0.,0.,1.));
#9072=DIRECTION('ref_axis',(1.,0.,0.));
#9073=DIRECTION('',(0.,1.,0.));
#9074=DIRECTION('',(1.,0.,0.));
#9075=DIRECTION('',(0.,1.,0.));
#9076=DIRECTION('center_axis',(0.950784219197312,0.,0.309853785720553));
#9077=DIRECTION('ref_axis',(0.309853785720553,0.,-0.950784219197312));
#9078=DIRECTION('',(0.,1.,0.));
#9079=DIRECTION('',(0.309853785720553,0.,-0.950784219197312));
#9080=DIRECTION('center_axis',(0.,-1.,0.));
#9081=DIRECTION('ref_axis',(-1.,0.,0.));
#9082=DIRECTION('',(0.,1.,0.));
#9083=DIRECTION('center_axis',(0.,-1.,0.));
#9084=DIRECTION('ref_axis',(-1.,0.,0.));
#9085=DIRECTION('center_axis',(1.,0.,0.));
#9086=DIRECTION('ref_axis',(0.,0.,-1.));
#9087=DIRECTION('',(0.,1.,0.));
#9088=DIRECTION('',(0.,0.,-1.));
#9089=DIRECTION('center_axis',(0.,-1.,0.));
#9090=DIRECTION('ref_axis',(-2.96059473233376E-15,0.,1.));
#9091=DIRECTION('',(0.,1.,0.));
#9092=DIRECTION('center_axis',(0.,-1.,0.));
#9093=DIRECTION('ref_axis',(-2.96059473233376E-15,0.,1.));
#9094=DIRECTION('center_axis',(-6.83214169000095E-16,0.,1.));
#9095=DIRECTION('ref_axis',(1.,0.,6.83214169000095E-16));
#9096=DIRECTION('',(0.,1.,0.));
#9097=DIRECTION('',(-1.,0.,6.83214169000095E-16));
#9098=DIRECTION('center_axis',(-1.,0.,0.));
#9099=DIRECTION('ref_axis',(0.,0.,1.));
#9100=DIRECTION('',(0.,0.,1.));
#9101=DIRECTION('center_axis',(-1.,0.,0.));
#9102=DIRECTION('ref_axis',(0.,0.,1.));
#9103=DIRECTION('',(0.,1.,0.));
#9104=DIRECTION('',(0.,0.,1.));
#9105=DIRECTION('center_axis',(0.950784219197312,0.,-0.309853785720553));
#9106=DIRECTION('ref_axis',(-0.309853785720553,0.,-0.950784219197312));
#9107=DIRECTION('',(-0.309853785720553,0.,-0.950784219197312));
#9108=DIRECTION('',(0.,1.,0.));
#9109=DIRECTION('center_axis',(0.,1.,0.));
#9110=DIRECTION('ref_axis',(1.,0.,0.));
#9111=DIRECTION('center_axis',(0.,1.,0.));
#9112=DIRECTION('ref_axis',(1.,0.,0.));
#9113=DIRECTION('',(0.,1.,0.));
#9114=DIRECTION('center_axis',(1.,0.,0.));
#9115=DIRECTION('ref_axis',(0.,0.,-1.));
#9116=DIRECTION('',(0.,0.,-1.));
#9117=DIRECTION('',(0.,1.,0.));
#9118=DIRECTION('',(0.,1.,0.));
#9119=DIRECTION('',(0.,0.,-1.));
#9120=DIRECTION('',(0.,-1.,0.));
#9121=DIRECTION('',(0.,0.,1.));
#9122=DIRECTION('',(0.,1.,0.));
#9123=DIRECTION('',(0.,0.,-1.));
#9124=DIRECTION('',(0.,-1.,0.));
#9125=DIRECTION('',(0.,0.,1.));
#9126=DIRECTION('',(0.,-0.0870991859374457,0.996199644553758));
#9127=DIRECTION('',(0.,0.0750565001101664,-0.997179282672485));
#9128=DIRECTION('',(0.,1.,0.));
#9129=DIRECTION('',(0.,0.,-1.));
#9130=DIRECTION('',(0.,-1.,0.));
#9131=DIRECTION('',(0.,0.,1.));
#9132=DIRECTION('',(0.,1.,0.));
#9133=DIRECTION('',(0.,0.,1.));
#9134=DIRECTION('',(0.,-1.,0.));
#9135=DIRECTION('',(0.,0.,1.));
#9136=DIRECTION('',(0.,1.,0.));
#9137=DIRECTION('',(0.,0.,-1.));
#9138=DIRECTION('',(0.,-1.,0.));
#9139=DIRECTION('',(0.,0.,-1.));
#9140=DIRECTION('',(0.,1.,0.));
#9141=DIRECTION('',(0.,0.,-1.));
#9142=DIRECTION('',(0.,-1.,0.));
#9143=DIRECTION('',(0.,0.,1.));
#9144=DIRECTION('',(0.,1.,0.));
#9145=DIRECTION('',(0.,0.,-1.));
#9146=DIRECTION('',(0.,-1.,0.));
#9147=DIRECTION('',(0.,0.,1.));
#9148=DIRECTION('',(0.,1.,0.));
#9149=DIRECTION('',(0.,0.,-1.));
#9150=DIRECTION('',(0.,-1.,0.));
#9151=DIRECTION('',(0.,-0.831292622622796,-0.555835025500295));
#9152=DIRECTION('',(0.,0.,1.));
#9153=DIRECTION('',(0.,0.836969724739603,0.547249193575754));
#9154=DIRECTION('',(0.,-0.835018633109687,0.550221666566875));
#9155=DIRECTION('',(0.,0.,1.));
#9156=DIRECTION('',(0.,0.82219221613008,-0.569209943461204));
#9157=DIRECTION('',(0.,0.,-1.));
#9158=DIRECTION('',(0.,1.,0.));
#9159=DIRECTION('',(0.,0.,1.));
#9160=DIRECTION('',(0.,0.,-1.));
#9161=DIRECTION('',(0.,0.,-1.));
#9162=DIRECTION('',(0.,-1.,0.));
#9163=DIRECTION('',(0.,0.244886620043334,0.969551722871839));
#9164=DIRECTION('',(0.,0.229323511061228,-0.973350259297521));
#9165=DIRECTION('',(0.,-1.,0.));
#9166=DIRECTION('',(0.,0.,1.));
#9167=DIRECTION('',(0.,0.,1.));
#9168=DIRECTION('',(0.,0.,-1.));
#9169=DIRECTION('',(0.,1.,0.));
#9170=DIRECTION('',(0.,0.,1.));
#9171=DIRECTION('center_axis',(0.,1.,0.));
#9172=DIRECTION('ref_axis',(1.,0.,0.));
#9173=DIRECTION('',(0.,1.,0.));
#9174=DIRECTION('center_axis',(0.,-1.,0.));
#9175=DIRECTION('ref_axis',(1.,0.,0.));
#9176=DIRECTION('',(0.,1.,0.));
#9177=DIRECTION('center_axis',(-1.,0.,3.51346068857507E-10));
#9178=DIRECTION('ref_axis',(3.51346068857507E-10,0.,1.));
#9179=DIRECTION('',(0.,1.,0.));
#9180=DIRECTION('',(3.51346068857507E-10,0.,1.));
#9181=DIRECTION('',(0.,-1.,0.));
#9182=DIRECTION('',(-3.51346068857507E-10,0.,-1.));
#9183=DIRECTION('',(0.,1.,0.));
#9184=DIRECTION('',(3.51346068857507E-10,0.,1.));
#9185=DIRECTION('',(0.,-1.,0.));
#9186=DIRECTION('',(-3.51346068857507E-10,0.,-1.));
#9187=DIRECTION('',(0.,1.,0.));
#9188=DIRECTION('',(3.51346068857507E-10,0.,1.));
#9189=DIRECTION('',(3.50355020913126E-10,-0.0750565001101664,0.997179282672485));
#9190=DIRECTION('',(-3.50010828911208E-10,0.0870991859374457,-0.996199644553758));
#9191=DIRECTION('',(0.,-1.,0.));
#9192=DIRECTION('',(3.51346068857507E-10,0.,1.));
#9193=DIRECTION('',(0.,1.,0.));
#9194=DIRECTION('',(3.51346068857507E-10,0.,1.));
#9195=DIRECTION('',(0.,-1.,0.));
#9196=DIRECTION('',(-3.51346068857507E-10,0.,-1.));
#9197=DIRECTION('',(0.,1.,0.));
#9198=DIRECTION('',(-3.51346068857507E-10,0.,-1.));
#9199=DIRECTION('',(0.,-1.,0.));
#9200=DIRECTION('',(-3.51346068857507E-10,0.,-1.));
#9201=DIRECTION('',(0.,1.,0.));
#9202=DIRECTION('',(3.51346068857507E-10,0.,1.));
#9203=DIRECTION('',(0.,-1.,0.));
#9204=DIRECTION('',(-3.51346068857507E-10,0.,-1.));
#9205=DIRECTION('',(0.,1.,0.));
#9206=DIRECTION('',(3.51346068857507E-10,0.,1.));
#9207=DIRECTION('',(0.,-1.,0.));
#9208=DIRECTION('',(-3.51346068857507E-10,0.,-1.));
#9209=DIRECTION('',(0.,1.,0.));
#9210=DIRECTION('',(3.51346068857507E-10,0.,1.));
#9211=DIRECTION('',(0.,-1.,0.));
#9212=DIRECTION('',(1.99989675989698E-10,-0.82219221613008,0.569209943461204));
#9213=DIRECTION('',(-3.51346068857507E-10,0.,-1.));
#9214=DIRECTION('',(-1.93318219548497E-10,0.835018633109687,-0.550221666566875));
#9215=DIRECTION('',(-1.92273852848282E-10,-0.836969724739603,-0.547249193575754));
#9216=DIRECTION('',(-3.51346068857507E-10,0.,-1.));
#9217=DIRECTION('',(1.95290451142841E-10,0.831292622622796,0.555835025500295));
#9218=DIRECTION('',(0.,1.,0.));
#9219=DIRECTION('',(3.51346068857507E-10,0.,1.));
#9220=DIRECTION('',(-3.51346068857507E-10,0.,-1.));
#9221=DIRECTION('',(0.,1.,0.));
#9222=DIRECTION('',(3.51346068857507E-10,0.,1.));
#9223=DIRECTION('',(3.41982787225619E-10,-0.229323511061228,0.973350259297521));
#9224=DIRECTION('',(-3.40648186385043E-10,-0.244886620043334,-0.969551722871839));
#9225=DIRECTION('center_axis',(1.35465134059648E-9,0.,-1.));
#9226=DIRECTION('ref_axis',(-1.,0.,-1.35465134059648E-9));
#9227=DIRECTION('',(0.,1.,0.));
#9228=DIRECTION('',(0.,1.,0.));
#9229=DIRECTION('',(-1.,0.,-1.35465134059648E-9));
#9230=DIRECTION('center_axis',(1.,0.,0.));
#9231=DIRECTION('ref_axis',(0.,0.,-1.));
#9232=DIRECTION('',(0.,1.,0.));
#9233=DIRECTION('',(0.,0.,-1.));
#9234=DIRECTION('center_axis',(3.5527136788005E-16,0.,-1.));
#9235=DIRECTION('ref_axis',(-1.,0.,-3.5527136788005E-16));
#9236=DIRECTION('',(0.,1.,0.));
#9237=DIRECTION('',(-1.,0.,-3.5527136788005E-16));
#9238=DIRECTION('center_axis',(1.,0.,5.2245789394125E-16));
#9239=DIRECTION('ref_axis',(0.,-1.,0.));
#9240=DIRECTION('',(0.,0.,1.));
#9241=DIRECTION('center_axis',(-1.,0.,-8.88178419700125E-16));
#9242=DIRECTION('ref_axis',(0.,1.,0.));
#9243=DIRECTION('',(0.,-1.,0.));
#9244=DIRECTION('',(0.,0.,1.));
#9245=DIRECTION('',(0.,1.,0.));
#9246=DIRECTION('',(0.,1.,0.));
#9247=DIRECTION('',(0.,1.,0.));
#9248=DIRECTION('',(0.,1.,0.));
#9249=DIRECTION('center_axis',(0.,0.,1.));
#9250=DIRECTION('ref_axis',(1.,0.,0.));
#9251=DIRECTION('center_axis',(1.,0.,0.));
#9252=DIRECTION('ref_axis',(0.,0.,-1.));
#9253=DIRECTION('',(0.,-1.,0.));
#9254=DIRECTION('',(0.,0.,-1.));
#9255=DIRECTION('',(0.,1.,0.));
#9256=DIRECTION('',(0.,0.,1.));
#9257=DIRECTION('center_axis',(0.,-1.,0.));
#9258=DIRECTION('ref_axis',(0.,0.,1.));
#9259=DIRECTION('',(1.,0.,0.));
#9260=DIRECTION('',(-1.,0.,0.));
#9261=DIRECTION('center_axis',(0.,-1.,0.));
#9262=DIRECTION('ref_axis',(0.,0.,1.));
#9263=DIRECTION('',(0.,0.,1.));
#9264=DIRECTION('center_axis',(0.,1.,0.));
#9265=DIRECTION('ref_axis',(0.,0.,-1.));
#9266=DIRECTION('',(0.,0.,-1.));
#9267=DIRECTION('center_axis',(0.,1.,0.));
#9268=DIRECTION('ref_axis',(0.,0.,-1.));
#9269=DIRECTION('',(-1.,0.,0.));
#9270=DIRECTION('',(1.,0.,0.));
#9271=DIRECTION('center_axis',(1.,0.,0.));
#9272=DIRECTION('ref_axis',(0.,0.,-1.));
#9273=DIRECTION('',(-1.,0.,0.));
#9274=DIRECTION('',(-1.,0.,0.));
#9275=DIRECTION('',(-1.,0.,0.));
#9276=DIRECTION('center_axis',(-1.,0.,3.51346068857507E-10));
#9277=DIRECTION('ref_axis',(3.51346068857507E-10,0.,1.));
#9278=DIRECTION('',(3.51346068857507E-10,0.,1.));
#9279=DIRECTION('',(-3.51346068857507E-10,0.,-1.));
#9280=DIRECTION('',(0.,-1.,0.));
#9281=DIRECTION('',(-1.,0.,0.));
#9282=DIRECTION('',(-1.,0.,0.));
#9283=DIRECTION('center_axis',(0.,1.,0.));
#9284=DIRECTION('ref_axis',(0.,0.,-1.));
#9285=DIRECTION('',(-1.,0.,0.));
#9286=DIRECTION('center_axis',(0.,0.,1.));
#9287=DIRECTION('ref_axis',(0.,1.,0.));
#9288=DIRECTION('',(-1.,0.,0.));
#9289=DIRECTION('center_axis',(0.,-1.,0.));
#9290=DIRECTION('ref_axis',(0.,0.,1.));
#9291=DIRECTION('',(-1.,0.,0.));
#9292=DIRECTION('',(-1.,0.,0.));
#9293=DIRECTION('',(-1.,0.,0.));
#9294=DIRECTION('',(-1.,0.,0.));
#9295=DIRECTION('',(-1.,0.,0.));
#9296=DIRECTION('center_axis',(0.,0.,-1.));
#9297=DIRECTION('ref_axis',(-1.,0.,0.));
#9298=DIRECTION('',(0.,1.,0.));
#9299=DIRECTION('center_axis',(0.,0.,-1.));
#9300=DIRECTION('ref_axis',(-1.,0.,0.));
#9301=DIRECTION('',(0.,1.,0.));
#9302=DIRECTION('',(0.,1.,0.));
#9303=DIRECTION('',(0.,1.,0.));
#9304=DIRECTION('center_axis',(1.,0.,0.));
#9305=DIRECTION('ref_axis',(0.,0.,-1.));
#9306=DIRECTION('',(0.,1.,0.));
#9307=DIRECTION('center_axis',(0.,0.,-1.));
#9308=DIRECTION('ref_axis',(-1.,0.,0.));
#9309=DIRECTION('',(0.,1.,0.));
#9310=DIRECTION('',(0.,1.,0.));
#9311=DIRECTION('center_axis',(0.,0.,1.));
#9312=DIRECTION('ref_axis',(1.,0.,0.));
#9313=DIRECTION('',(0.,1.,0.));
#9314=DIRECTION('',(0.,-1.,0.));
#9315=DIRECTION('center_axis',(0.,0.,-1.));
#9316=DIRECTION('ref_axis',(-1.,0.,0.));
#9317=DIRECTION('',(0.,1.,0.));
#9318=DIRECTION('',(0.,-1.,0.));
#9319=DIRECTION('center_axis',(0.936507966398911,0.,-0.350646301665048));
#9320=DIRECTION('ref_axis',(-0.350646301665048,0.,-0.936507966398911));
#9321=DIRECTION('center_axis',(-0.93352605374433,0.,0.358509563304159));
#9322=DIRECTION('ref_axis',(0.358509563304159,0.,0.93352605374433));
#9323=DIRECTION('',(0.,1.,0.));
#9324=DIRECTION('center_axis',(0.92548660185479,0.,0.378780345038221));
#9325=DIRECTION('ref_axis',(0.378780345038221,0.,-0.92548660185479));
#9326=DIRECTION('center_axis',(0.,0.,-1.));
#9327=DIRECTION('ref_axis',(0.,-1.,0.));
#9328=DIRECTION('',(-1.,0.,0.));
#9329=DIRECTION('',(-1.,0.,0.));
#9330=DIRECTION('center_axis',(0.,1.,0.));
#9331=DIRECTION('ref_axis',(0.,0.,-1.));
#9332=DIRECTION('',(-1.,0.,0.));
#9333=DIRECTION('center_axis',(0.,0.,1.));
#9334=DIRECTION('ref_axis',(0.,1.,0.));
#9335=DIRECTION('',(-1.,0.,0.));
#9336=DIRECTION('center_axis',(0.,-1.,0.));
#9337=DIRECTION('ref_axis',(0.,0.,1.));
#9338=DIRECTION('center_axis',(0.,0.,-1.));
#9339=DIRECTION('ref_axis',(0.,-1.,0.));
#9340=DIRECTION('',(-1.,0.,0.));
#9341=DIRECTION('',(-1.,0.,0.));
#9342=DIRECTION('center_axis',(0.,1.,0.));
#9343=DIRECTION('ref_axis',(0.,0.,-1.));
#9344=DIRECTION('',(-1.,0.,0.));
#9345=DIRECTION('center_axis',(0.,0.,1.));
#9346=DIRECTION('ref_axis',(0.,1.,0.));
#9347=DIRECTION('',(-1.,0.,0.));
#9348=DIRECTION('center_axis',(0.,-1.,0.));
#9349=DIRECTION('ref_axis',(0.,0.,1.));
#9350=DIRECTION('',(-1.,0.,0.));
#9351=DIRECTION('',(-1.,0.,0.));
#9352=DIRECTION('',(-1.,0.,0.));
#9353=DIRECTION('',(-1.,0.,0.));
#9354=DIRECTION('',(-1.,0.,0.));
#9355=DIRECTION('',(-1.,0.,0.));
#9356=DIRECTION('',(-1.,0.,0.));
#9357=DIRECTION('',(-1.,0.,0.));
#9358=DIRECTION('',(-1.,0.,0.));
#9359=DIRECTION('',(-1.,0.,0.));
#9360=DIRECTION('',(-1.,0.,0.));
#9361=DIRECTION('',(-1.,0.,0.));
#9362=DIRECTION('',(-1.,0.,0.));
#9363=DIRECTION('',(-1.,0.,0.));
#9364=DIRECTION('',(-1.,0.,0.));
#9365=DIRECTION('',(-1.,0.,0.));
#9366=DIRECTION('center_axis',(0.,-0.996199644553758,-0.0870991859374457));
#9367=DIRECTION('ref_axis',(0.,-0.0870991859374457,0.996199644553758));
#9368=DIRECTION('',(-1.,0.,0.));
#9369=DIRECTION('',(-1.,0.,0.));
#9370=DIRECTION('',(-1.,0.,0.));
#9371=DIRECTION('',(-1.,0.,0.));
#9372=DIRECTION('',(-1.,0.,0.));
#9373=DIRECTION('',(-1.,0.,0.));
#9374=DIRECTION('',(-1.,0.,0.));
#9375=DIRECTION('',(-1.,0.,0.));
#9376=DIRECTION('',(-1.,0.,0.));
#9377=DIRECTION('',(-1.,0.,0.));
#9378=DIRECTION('',(-1.,0.,0.));
#9379=DIRECTION('',(-1.,0.,0.));
#9380=DIRECTION('',(-1.,0.,0.));
#9381=DIRECTION('',(-1.,0.,0.));
#9382=DIRECTION('',(-1.,0.,0.));
#9383=DIRECTION('',(-1.,0.,0.));
#9384=DIRECTION('center_axis',(0.,0.997179282672486,0.0750565001101665));
#9385=DIRECTION('ref_axis',(0.,0.0750565001101664,-0.997179282672485));
#9386=DIRECTION('',(-1.,0.,0.));
#9387=DIRECTION('',(-1.,0.,0.));
#9388=DIRECTION('',(-1.,0.,0.));
#9389=DIRECTION('center_axis',(0.,0.,-1.));
#9390=DIRECTION('ref_axis',(0.,-1.,0.));
#9391=DIRECTION('',(-1.,0.,0.));
#9392=DIRECTION('',(-1.,0.,0.));
#9393=DIRECTION('center_axis',(0.,-1.,0.));
#9394=DIRECTION('ref_axis',(0.,0.,1.));
#9395=DIRECTION('',(-1.,0.,0.));
#9396=DIRECTION('center_axis',(0.,0.,1.));
#9397=DIRECTION('ref_axis',(0.,1.,0.));
#9398=DIRECTION('',(-1.,0.,0.));
#9399=DIRECTION('center_axis',(0.,-1.,0.));
#9400=DIRECTION('ref_axis',(0.,0.,1.));
#9401=DIRECTION('',(-1.,0.,0.));
#9402=DIRECTION('center_axis',(0.,0.,-1.));
#9403=DIRECTION('ref_axis',(0.,-1.,0.));
#9404=DIRECTION('',(-1.,0.,0.));
#9405=DIRECTION('center_axis',(0.,1.,0.));
#9406=DIRECTION('ref_axis',(0.,0.,-1.));
#9407=DIRECTION('',(-1.,0.,0.));
#9408=DIRECTION('center_axis',(0.,0.,1.));
#9409=DIRECTION('ref_axis',(0.,1.,0.));
#9410=DIRECTION('',(-1.,0.,0.));
#9411=DIRECTION('center_axis',(0.,1.,0.));
#9412=DIRECTION('ref_axis',(0.,0.,-1.));
#9413=DIRECTION('',(-1.,0.,0.));
#9414=DIRECTION('center_axis',(0.,0.,-1.));
#9415=DIRECTION('ref_axis',(0.,-1.,0.));
#9416=DIRECTION('',(-1.,0.,0.));
#9417=DIRECTION('center_axis',(0.,1.,0.));
#9418=DIRECTION('ref_axis',(0.,0.,-1.));
#9419=DIRECTION('',(-1.,0.,0.));
#9420=DIRECTION('center_axis',(0.,0.,1.));
#9421=DIRECTION('ref_axis',(0.,1.,0.));
#9422=DIRECTION('',(-1.,0.,0.));
#9423=DIRECTION('center_axis',(0.,-1.,0.));
#9424=DIRECTION('ref_axis',(0.,0.,1.));
#9425=DIRECTION('center_axis',(0.,0.,-1.));
#9426=DIRECTION('ref_axis',(0.,-1.,0.));
#9427=DIRECTION('',(-1.,0.,0.));
#9428=DIRECTION('',(-1.,0.,0.));
#9429=DIRECTION('center_axis',(0.,1.,0.));
#9430=DIRECTION('ref_axis',(0.,0.,-1.));
#9431=DIRECTION('',(-1.,0.,0.));
#9432=DIRECTION('center_axis',(0.,0.,1.));
#9433=DIRECTION('ref_axis',(0.,1.,0.));
#9434=DIRECTION('',(-1.,0.,0.));
#9435=DIRECTION('center_axis',(0.,-1.,0.));
#9436=DIRECTION('ref_axis',(0.,0.,1.));
#9437=DIRECTION('center_axis',(0.,0.,-1.));
#9438=DIRECTION('ref_axis',(0.,-1.,0.));
#9439=DIRECTION('',(-1.,0.,0.));
#9440=DIRECTION('',(-1.,0.,0.));
#9441=DIRECTION('center_axis',(0.,1.,0.));
#9442=DIRECTION('ref_axis',(0.,0.,-1.));
#9443=DIRECTION('',(-1.,0.,0.));
#9444=DIRECTION('center_axis',(0.,0.,1.));
#9445=DIRECTION('ref_axis',(0.,1.,0.));
#9446=DIRECTION('',(-1.,0.,0.));
#9447=DIRECTION('center_axis',(0.,-1.,0.));
#9448=DIRECTION('ref_axis',(0.,0.,1.));
#9449=DIRECTION('center_axis',(0.,-0.547249193575754,0.836969724739603));
#9450=DIRECTION('ref_axis',(0.,0.836969724739603,0.547249193575754));
#9451=DIRECTION('',(-1.,0.,0.));
#9452=DIRECTION('',(-1.,0.,0.));
#9453=DIRECTION('center_axis',(0.,-1.,0.));
#9454=DIRECTION('ref_axis',(0.,0.,1.));
#9455=DIRECTION('',(-1.,0.,0.));
#9456=DIRECTION('center_axis',(0.,0.555835025500295,-0.831292622622796));
#9457=DIRECTION('ref_axis',(0.,-0.831292622622796,-0.555835025500295));
#9458=DIRECTION('',(-1.,0.,0.));
#9459=DIRECTION('center_axis',(0.,0.,-1.));
#9460=DIRECTION('ref_axis',(0.,-1.,0.));
#9461=DIRECTION('',(-1.,0.,0.));
#9462=DIRECTION('center_axis',(0.,1.,0.));
#9463=DIRECTION('ref_axis',(0.,0.,-1.));
#9464=DIRECTION('',(-1.,0.,0.));
#9465=DIRECTION('center_axis',(0.,0.,1.));
#9466=DIRECTION('ref_axis',(0.,1.,0.));
#9467=DIRECTION('',(-1.,0.,0.));
#9468=DIRECTION('center_axis',(0.,0.569209943461204,0.82219221613008));
#9469=DIRECTION('ref_axis',(0.,0.82219221613008,-0.569209943461204));
#9470=DIRECTION('',(-1.,0.,0.));
#9471=DIRECTION('center_axis',(0.,-1.,0.));
#9472=DIRECTION('ref_axis',(0.,0.,1.));
#9473=DIRECTION('',(-1.,0.,0.));
#9474=DIRECTION('center_axis',(0.,-0.550221666566875,-0.835018633109687));
#9475=DIRECTION('ref_axis',(0.,-0.835018633109687,0.550221666566875));
#9476=DIRECTION('',(-1.,0.,0.));
#9477=DIRECTION('',(-1.,0.,0.));
#9478=DIRECTION('',(-1.,0.,0.));
#9479=DIRECTION('',(-1.,0.,0.));
#9480=DIRECTION('',(-1.,0.,0.));
#9481=DIRECTION('',(-1.,0.,0.));
#9482=DIRECTION('center_axis',(0.,-1.,0.));
#9483=DIRECTION('ref_axis',(0.,0.,1.));
#9484=DIRECTION('',(-1.,0.,0.));
#9485=DIRECTION('center_axis',(0.,0.,-1.));
#9486=DIRECTION('ref_axis',(0.,-1.,0.));
#9487=DIRECTION('',(-1.,0.,0.));
#9488=DIRECTION('center_axis',(0.,1.,0.));
#9489=DIRECTION('ref_axis',(0.,0.,-1.));
#9490=DIRECTION('',(-1.,0.,0.));
#9491=DIRECTION('',(-1.,0.,0.));
#9492=DIRECTION('',(-1.,0.,0.));
#9493=DIRECTION('',(-1.,0.,0.));
#9494=DIRECTION('',(-1.,0.,0.));
#9495=DIRECTION('',(-1.,0.,0.));
#9496=DIRECTION('',(-1.,0.,0.));
#9497=DIRECTION('',(-1.,0.,0.));
#9498=DIRECTION('',(-1.,0.,0.));
#9499=DIRECTION('',(-1.,0.,0.));
#9500=DIRECTION('',(-1.,0.,0.));
#9501=DIRECTION('',(-1.,0.,0.));
#9502=DIRECTION('',(-1.,0.,0.));
#9503=DIRECTION('',(-1.,0.,0.));
#9504=DIRECTION('center_axis',(0.,-0.969551722871839,0.244886620043334));
#9505=DIRECTION('ref_axis',(0.,0.244886620043334,0.969551722871839));
#9506=DIRECTION('',(-1.,0.,0.));
#9507=DIRECTION('',(-1.,0.,0.));
#9508=DIRECTION('',(-1.,0.,0.));
#9509=DIRECTION('',(-1.,0.,0.));
#9510=DIRECTION('',(-1.,0.,0.));
#9511=DIRECTION('',(-1.,0.,0.));
#9512=DIRECTION('',(-1.,0.,0.));
#9513=DIRECTION('',(-1.,0.,0.));
#9514=DIRECTION('',(-1.,0.,0.));
#9515=DIRECTION('',(-1.,0.,0.));
#9516=DIRECTION('',(-1.,0.,0.));
#9517=DIRECTION('center_axis',(0.,0.973350259297521,0.229323511061228));
#9518=DIRECTION('ref_axis',(0.,0.229323511061228,-0.973350259297521));
#9519=DIRECTION('',(-1.,0.,0.));
#9520=DIRECTION('center_axis',(0.,0.,-1.));
#9521=DIRECTION('ref_axis',(-1.,0.,0.));
#9522=DIRECTION('',(0.,1.,0.));
#9523=DIRECTION('center_axis',(1.,0.,0.));
#9524=DIRECTION('ref_axis',(0.,0.,-1.));
#9525=DIRECTION('',(0.,1.,0.));
#9526=DIRECTION('center_axis',(0.,0.,1.));
#9527=DIRECTION('ref_axis',(1.,0.,0.));
#9528=DIRECTION('',(0.,1.,0.));
#9529=DIRECTION('center_axis',(1.,0.,0.));
#9530=DIRECTION('ref_axis',(0.,0.,-1.));
#9531=DIRECTION('',(0.,1.,0.));
#9532=DIRECTION('center_axis',(0.,0.,1.));
#9533=DIRECTION('ref_axis',(1.,0.,0.));
#9534=DIRECTION('',(0.,1.,0.));
#9535=DIRECTION('',(0.,1.,0.));
#9536=DIRECTION('center_axis',(1.,0.,0.));
#9537=DIRECTION('ref_axis',(0.,0.,-1.));
#9538=DIRECTION('',(0.,1.,0.));
#9539=DIRECTION('center_axis',(0.,0.,1.));
#9540=DIRECTION('ref_axis',(1.,0.,0.));
#9541=DIRECTION('center_axis',(1.,0.,0.));
#9542=DIRECTION('ref_axis',(0.,0.,-1.));
#9543=DIRECTION('',(0.,1.,0.));
#9544=DIRECTION('center_axis',(0.,0.,1.));
#9545=DIRECTION('ref_axis',(1.,0.,0.));
#9546=DIRECTION('',(0.,1.,0.));
#9547=DIRECTION('',(0.,1.,0.));
#9548=DIRECTION('center_axis',(1.,0.,0.));
#9549=DIRECTION('ref_axis',(0.,0.,-1.));
#9550=DIRECTION('',(0.,1.,0.));
#9551=DIRECTION('center_axis',(0.,0.,1.));
#9552=DIRECTION('ref_axis',(1.,0.,0.));
#9553=DIRECTION('',(0.,1.,0.));
#9554=DIRECTION('center_axis',(-1.,0.,0.));
#9555=DIRECTION('ref_axis',(0.,0.,1.));
#9556=DIRECTION('',(0.,1.,0.));
#9557=DIRECTION('',(0.,1.,0.));
#9558=DIRECTION('',(0.,1.,0.));
#9559=DIRECTION('center_axis',(-0.93352605374433,0.,0.358509563304159));
#9560=DIRECTION('ref_axis',(0.358509563304159,0.,0.93352605374433));
#9561=DIRECTION('center_axis',(0.,0.,-1.));
#9562=DIRECTION('ref_axis',(-1.,0.,0.));
#9563=DIRECTION('',(0.,1.,0.));
#9564=DIRECTION('',(0.,1.,0.));
#9565=DIRECTION('',(0.,1.,0.));
#9566=DIRECTION('',(0.,1.,0.));
#9567=DIRECTION('',(0.,1.,0.));
#9568=DIRECTION('',(0.,1.,0.));
#9569=DIRECTION('',(0.,1.,0.));
#9570=DIRECTION('',(0.,1.,0.));
#9571=DIRECTION('',(0.,1.,0.));
#9572=DIRECTION('',(0.,1.,0.));
#9573=DIRECTION('',(0.,1.,0.));
#9574=DIRECTION('',(0.,1.,0.));
#9575=DIRECTION('',(0.,1.,0.));
#9576=DIRECTION('',(0.,1.,0.));
#9577=DIRECTION('center_axis',(-0.0870992684842059,0.,0.996199637336571));
#9578=DIRECTION('ref_axis',(0.996199637336571,0.,0.0870992684842059));
#9579=DIRECTION('',(0.,1.,0.));
#9580=DIRECTION('center_axis',(-6.83214169000095E-16,0.,1.));
#9581=DIRECTION('ref_axis',(1.,0.,6.83214169000095E-16));
#9582=DIRECTION('',(0.,1.,0.));
#9583=DIRECTION('',(1.,0.,6.83214169000095E-16));
#9584=DIRECTION('center_axis',(0.,1.,0.));
#9585=DIRECTION('ref_axis',(2.96059473233376E-15,0.,1.));
#9586=DIRECTION('center_axis',(0.,1.,0.));
#9587=DIRECTION('ref_axis',(2.96059473233376E-15,0.,1.));
#9588=DIRECTION('center_axis',(-1.,0.,0.));
#9589=DIRECTION('ref_axis',(0.,0.,1.));
#9590=DIRECTION('',(0.,0.,1.));
#9591=DIRECTION('',(0.,1.,0.));
#9592=DIRECTION('',(0.,0.,1.));
#9593=DIRECTION('center_axis',(0.,0.,1.));
#9594=DIRECTION('ref_axis',(1.,0.,0.));
#9595=DIRECTION('',(1.,0.,0.));
#9596=DIRECTION('',(0.,1.,0.));
#9597=DIRECTION('',(1.,0.,0.));
#9598=DIRECTION('center_axis',(0.,1.,0.));
#9599=DIRECTION('ref_axis',(0.,0.,1.));
#9600=DIRECTION('center_axis',(0.,1.,0.));
#9601=DIRECTION('ref_axis',(0.,0.,1.));
#9602=DIRECTION('',(0.,1.,0.));
#9603=DIRECTION('center_axis',(0.,1.,0.));
#9604=DIRECTION('ref_axis',(0.,0.,1.));
#9605=DIRECTION('center_axis',(1.,0.,0.));
#9606=DIRECTION('ref_axis',(0.,0.,-1.));
#9607=DIRECTION('',(0.,0.,-1.));
#9608=DIRECTION('',(0.,1.,0.));
#9609=DIRECTION('',(0.,0.,-1.));
#9610=DIRECTION('center_axis',(0.,1.,0.));
#9611=DIRECTION('ref_axis',(1.,0.,0.));
#9612=DIRECTION('center_axis',(0.,1.,0.));
#9613=DIRECTION('ref_axis',(1.,0.,0.));
#9614=DIRECTION('',(0.,1.,0.));
#9615=DIRECTION('center_axis',(0.,1.,0.));
#9616=DIRECTION('ref_axis',(1.,0.,0.));
#9617=DIRECTION('center_axis',(0.950784219197312,0.,-0.309853785720553));
#9618=DIRECTION('ref_axis',(-0.309853785720553,0.,-0.950784219197312));
#9619=DIRECTION('',(-0.309853785720553,0.,-0.950784219197312));
#9620=DIRECTION('',(0.,1.,0.));
#9621=DIRECTION('',(-0.309853785720553,0.,-0.950784219197312));
#9622=DIRECTION('center_axis',(0.,0.,-1.));
#9623=DIRECTION('ref_axis',(-1.,0.,0.));
#9624=DIRECTION('',(-1.,0.,0.));
#9625=DIRECTION('',(0.,1.,0.));
#9626=DIRECTION('',(-1.,0.,0.));
#9627=DIRECTION('center_axis',(-0.950784219197259,0.,0.309853785720715));
#9628=DIRECTION('ref_axis',(0.309853785720715,0.,0.950784219197259));
#9629=DIRECTION('',(0.309853785720715,0.,0.950784219197259));
#9630=DIRECTION('',(0.,1.,0.));
#9631=DIRECTION('center_axis',(0.,1.,0.));
#9632=DIRECTION('ref_axis',(1.,0.,0.));
#9633=DIRECTION('center_axis',(0.,-1.,0.));
#9634=DIRECTION('ref_axis',(-1.,0.,0.));
#9635=DIRECTION('',(1.,0.,-3.5527136788005E-16));
#9636=DIRECTION('',(0.,0.,-1.));
#9637=DIRECTION('',(0.,0.,1.));
#9638=DIRECTION('',(-1.,0.,0.));
#9639=DIRECTION('center_axis',(0.,-1.,0.));
#9640=DIRECTION('ref_axis',(0.,0.,1.));
#9641=DIRECTION('',(0.,0.,-1.));
#9642=DIRECTION('center_axis',(0.,-1.,0.));
#9643=DIRECTION('ref_axis',(-1.,0.,0.));
#9644=DIRECTION('',(0.309853785720553,0.,-0.950784219197312));
#9645=DIRECTION('',(1.,0.,0.));
#9646=DIRECTION('',(1.,0.,0.));
#9647=DIRECTION('center_axis',(3.5527136788005E-16,0.,1.));
#9648=DIRECTION('ref_axis',(1.,0.,-3.5527136788005E-16));
#9649=DIRECTION('',(0.,1.,0.));
#9650=DIRECTION('center_axis',(0.,0.,-1.));
#9651=DIRECTION('ref_axis',(-1.,0.,0.));
#9652=DIRECTION('',(0.,1.,0.));
#9653=DIRECTION('center_axis',(1.,0.,0.));
#9654=DIRECTION('ref_axis',(0.,0.,-1.));
#9655=DIRECTION('',(0.,1.,0.));
#9656=DIRECTION('center_axis',(-1.,0.,0.));
#9657=DIRECTION('ref_axis',(0.,0.,1.));
#9658=DIRECTION('',(0.,1.,0.));
#9659=DIRECTION('',(0.,0.,1.));
#9660=DIRECTION('',(0.,1.,0.));
#9661=DIRECTION('center_axis',(0.,0.,-1.));
#9662=DIRECTION('ref_axis',(-1.,0.,0.));
#9663=DIRECTION('',(-1.,0.,0.));
#9664=DIRECTION('',(0.,1.,0.));
#9665=DIRECTION('center_axis',(0.,-1.,0.));
#9666=DIRECTION('ref_axis',(0.,0.,1.));
#9667=DIRECTION('center_axis',(0.,-1.,0.));
#9668=DIRECTION('ref_axis',(0.,0.,1.));
#9669=DIRECTION('',(0.,1.,0.));
#9670=DIRECTION('center_axis',(1.,0.,0.));
#9671=DIRECTION('ref_axis',(0.,0.,-1.));
#9672=DIRECTION('',(0.,0.,-1.));
#9673=DIRECTION('',(0.,1.,0.));
#9674=DIRECTION('center_axis',(0.,-1.,0.));
#9675=DIRECTION('ref_axis',(-1.,0.,0.));
#9676=DIRECTION('center_axis',(0.,-1.,0.));
#9677=DIRECTION('ref_axis',(-1.,0.,0.));
#9678=DIRECTION('',(0.,1.,0.));
#9679=DIRECTION('center_axis',(0.950784219197312,0.,0.309853785720553));
#9680=DIRECTION('ref_axis',(0.309853785720553,0.,-0.950784219197312));
#9681=DIRECTION('',(0.309853785720553,0.,-0.950784219197312));
#9682=DIRECTION('',(0.,1.,0.));
#9683=DIRECTION('center_axis',(0.,0.,1.));
#9684=DIRECTION('ref_axis',(1.,0.,0.));
#9685=DIRECTION('',(1.,0.,0.));
#9686=DIRECTION('',(0.,1.,0.));
#9687=DIRECTION('center_axis',(-0.950784219197259,0.,-0.309853785720715));
#9688=DIRECTION('ref_axis',(-0.309853785720715,0.,0.950784219197259));
#9689=DIRECTION('',(-0.309853785720715,0.,0.950784219197259));
#9690=DIRECTION('',(0.,1.,0.));
#9691=DIRECTION('center_axis',(0.,-1.,0.));
#9692=DIRECTION('ref_axis',(-1.,0.,0.));
#9693=DIRECTION('center_axis',(0.,1.,0.));
#9694=DIRECTION('ref_axis',(-1.,0.,0.));
#9695=DIRECTION('',(0.,1.,0.));
#9696=DIRECTION('center_axis',(-1.,0.,-3.51346068857507E-10));
#9697=DIRECTION('ref_axis',(-3.51346068857507E-10,0.,1.));
#9698=DIRECTION('',(-3.51346068857507E-10,0.,1.));
#9699=DIRECTION('',(0.,1.,0.));
#9700=DIRECTION('center_axis',(1.35465134059648E-9,0.,1.));
#9701=DIRECTION('ref_axis',(1.,0.,-1.35465134059648E-9));
#9702=DIRECTION('',(1.,0.,-1.35465134059648E-9));
#9703=DIRECTION('center_axis',(0.,-1.,0.));
#9704=DIRECTION('ref_axis',(-1.,0.,0.));
#9705=CARTESIAN_POINT('',(0.,0.,0.));
#9706=CARTESIAN_POINT('Origin',(-0.12500000000001,-36.,44.));
#9707=CARTESIAN_POINT('',(35.,-36.,45.));
#9708=CARTESIAN_POINT('',(35.,-37.,44.));
#9709=CARTESIAN_POINT('Origin',(35.,-36.,44.));
#9710=CARTESIAN_POINT('',(58.5,-37.,44.));
#9711=CARTESIAN_POINT('',(-0.12500000000001,-37.,44.));
#9712=CARTESIAN_POINT('',(57.5,-36.,45.));
#9713=CARTESIAN_POINT('Origin',(58.5,-36.,44.));
#9714=CARTESIAN_POINT('',(-0.12500000000001,-36.,45.));
#9715=CARTESIAN_POINT('Origin',(36.5,-30.,45.));
#9716=CARTESIAN_POINT('',(35.,-35.,45.));
#9717=CARTESIAN_POINT('',(35.,-33.5,45.));
#9718=CARTESIAN_POINT('',(57.5,-17.,45.));
#9719=CARTESIAN_POINT('',(57.5,-30.,45.));
#9720=CARTESIAN_POINT('',(35.5,-17.,45.));
#9721=CARTESIAN_POINT('',(57.5,-17.,45.));
#9722=CARTESIAN_POINT('',(35.5,-35.,45.));
#9723=CARTESIAN_POINT('',(35.5,-29.,45.));
#9724=CARTESIAN_POINT('',(-0.12500000000001,-35.,45.));
#9725=CARTESIAN_POINT('Origin',(-36.75,-35.,-26.));
#9726=CARTESIAN_POINT('',(-35.,-35.,45.));
#9727=CARTESIAN_POINT('',(-35.,-35.,25.));
#9728=CARTESIAN_POINT('',(-35.,-35.,-0.5));
#9729=CARTESIAN_POINT('',(35.,-35.,25.));
#9730=CARTESIAN_POINT('',(-0.875000000000001,-35.,25.));
#9731=CARTESIAN_POINT('',(35.,-35.,12.));
#9732=CARTESIAN_POINT('',(35.5,-35.,43.));
#9733=CARTESIAN_POINT('',(35.5,-35.,17.));
#9734=CARTESIAN_POINT('',(59.5,-35.,43.));
#9735=CARTESIAN_POINT('',(11.375,-35.,43.));
#9736=CARTESIAN_POINT('',(59.5,-35.,43.9999999850988));
#9737=CARTESIAN_POINT('',(59.5,-35.,9.5));
#9738=CARTESIAN_POINT('',(70.5,-35.,44.));
#9739=CARTESIAN_POINT('',(16.8749999525872,-35.,43.9999999273568));
#9740=CARTESIAN_POINT('',(70.4999999850988,-35.,1.58835499421879));
#9741=CARTESIAN_POINT('',(70.4999999802523,-35.,-12.2058225217315));
#9742=CARTESIAN_POINT('',(70.057057958608,-35.,-1.20032907264889));
#9743=CARTESIAN_POINT('Origin',(61.5000000000004,-35.,1.58835499421879));
#9744=CARTESIAN_POINT('',(34.9259152010336,-35.,-109.));
#9745=CARTESIAN_POINT('',(43.7112052460199,-35.,-82.0423976701947));
#9746=CARTESIAN_POINT('',(-34.9259152010336,-35.,-109.));
#9747=CARTESIAN_POINT('',(-18.375,-35.,-109.));
#9748=CARTESIAN_POINT('',(-70.057057958608,-35.,-1.20032907264889));
#9749=CARTESIAN_POINT('',(-47.2395495393306,-35.,-71.2156973729191));
#9750=CARTESIAN_POINT('',(-70.4999999850988,-35.,1.58835499421879));
#9751=CARTESIAN_POINT('Origin',(-61.5000000000004,-35.,1.58835499421879));
#9752=CARTESIAN_POINT('',(-70.5,-35.,44.));
#9753=CARTESIAN_POINT('',(-70.4999999802523,-35.,-12.2058225088196));
#9754=CARTESIAN_POINT('',(-59.5,-35.,43.9999999850988));
#9755=CARTESIAN_POINT('',(-53.6249999525872,-35.,43.9999999771403));
#9756=CARTESIAN_POINT('',(-59.5,-35.,43.));
#9757=CARTESIAN_POINT('',(-59.5,-35.,9.5));
#9758=CARTESIAN_POINT('',(-36.5,-35.,43.));
#9759=CARTESIAN_POINT('',(-48.125,-35.,43.));
#9760=CARTESIAN_POINT('',(-36.5,-35.,45.));
#9761=CARTESIAN_POINT('',(-36.5,-35.,16.5));
#9762=CARTESIAN_POINT('',(-0.12500000000001,-35.,45.));
#9763=CARTESIAN_POINT('',(15.7878615707159,-35.,-58.9222371578217));
#9764=CARTESIAN_POINT('',(15.0224582193805,-35.,-57.0000008493662));
#9765=CARTESIAN_POINT('Ctrl Pts',(15.7878615707159,-35.,-58.9222371578217));
#9766=CARTESIAN_POINT('Ctrl Pts',(15.5491739038052,-35.,-58.5381363200621));
#9767=CARTESIAN_POINT('Ctrl Pts',(15.3104862368945,-35.,-58.1540354823026));
#9768=CARTESIAN_POINT('Ctrl Pts',(15.1739480346441,-35.,-57.7370405197144));
#9769=CARTESIAN_POINT('Ctrl Pts',(15.0963606166635,-35.,-57.5000844010245));
#9770=CARTESIAN_POINT('Ctrl Pts',(15.0517577311641,-35.,-57.252506617968));
#9771=CARTESIAN_POINT('Ctrl Pts',(15.0224582193805,-35.,-57.0000008493662));
#9772=CARTESIAN_POINT('',(18.1002786010504,-35.,-60.));
#9773=CARTESIAN_POINT('Ctrl Pts',(18.1002786010504,-35.,-60.));
#9774=CARTESIAN_POINT('Ctrl Pts',(17.6346969060597,-35.,-59.9605271737039));
#9775=CARTESIAN_POINT('Ctrl Pts',(17.169115211069,-35.,-59.9210543474078));
#9776=CARTESIAN_POINT('Ctrl Pts',(16.7752435058355,-35.,-59.7305595874786));
#9777=CARTESIAN_POINT('Ctrl Pts',(16.4035393244757,-35.,-59.5507860778511));
#9778=CARTESIAN_POINT('Ctrl Pts',(16.0957004475958,-35.,-59.2365116178364));
#9779=CARTESIAN_POINT('Ctrl Pts',(15.7878615707159,-35.,-58.9222371578217));
#9780=CARTESIAN_POINT('',(20.1057364791632,-35.,-59.0518414974213));
#9781=CARTESIAN_POINT('Ctrl Pts',(20.1057364791632,-35.,-59.0518414974213));
#9782=CARTESIAN_POINT('Ctrl Pts',(19.8230234900678,-35.,-59.3283795997491));
#9783=CARTESIAN_POINT('Ctrl Pts',(19.5403105009725,-35.,-59.6049177020769));
#9784=CARTESIAN_POINT('Ctrl Pts',(19.201915487647,-35.,-59.7629606723785));
#9785=CARTESIAN_POINT('Ctrl Pts',(18.8703428289631,-35.,-59.9178173510697));
#9786=CARTESIAN_POINT('Ctrl Pts',(18.4853107150067,-35.,-59.9589086755348));
#9787=CARTESIAN_POINT('Ctrl Pts',(18.1002786010504,-35.,-60.));
#9788=CARTESIAN_POINT('',(20.0170590728521,-35.,-60.6275582313538));
#9789=CARTESIAN_POINT('Ctrl Pts',(20.0170590728521,-35.,-60.6275582313538));
#9790=CARTESIAN_POINT('Ctrl Pts',(20.0440022279694,-35.,-60.4339722637303));
#9791=CARTESIAN_POINT('Ctrl Pts',(20.0709453830866,-35.,-60.2403862961069));
#9792=CARTESIAN_POINT('Ctrl Pts',(20.0869777053595,-35.,-60.0460433959961));
#9793=CARTESIAN_POINT('Ctrl Pts',(20.1141966193739,-35.,-59.716097266084));
#9794=CARTESIAN_POINT('Ctrl Pts',(20.1099665492685,-35.,-59.3839693817526));
#9795=CARTESIAN_POINT('Ctrl Pts',(20.1057364791632,-35.,-59.0518414974213));
#9796=CARTESIAN_POINT('',(19.3894984573126,-35.,-61.5825378894806));
#9797=CARTESIAN_POINT('Ctrl Pts',(19.3894984573126,-35.,-61.5825378894806));
#9798=CARTESIAN_POINT('Ctrl Pts',(19.5322867209192,-35.,-61.4548642096988));
#9799=CARTESIAN_POINT('Ctrl Pts',(19.6750749845259,-35.,-61.327190529917));
#9800=CARTESIAN_POINT('Ctrl Pts',(19.778316244483,-35.,-61.1732614040375));
#9801=CARTESIAN_POINT('Ctrl Pts',(19.8872486751988,-35.,-61.0108469406052));
#9802=CARTESIAN_POINT('Ctrl Pts',(19.9521538740254,-35.,-60.8192025859795));
#9803=CARTESIAN_POINT('Ctrl Pts',(20.0170590728521,-35.,-60.6275582313538));
#9804=CARTESIAN_POINT('',(18.072993978858,-35.,-61.9236016273499));
#9805=CARTESIAN_POINT('Ctrl Pts',(18.072993978858,-35.,-61.9236016273499));
#9806=CARTESIAN_POINT('Ctrl Pts',(18.3306744263714,-35.,-61.916356301093));
#9807=CARTESIAN_POINT('Ctrl Pts',(18.5883548738849,-35.,-61.9091109748362));
#9808=CARTESIAN_POINT('Ctrl Pts',(18.8284470885992,-35.,-61.8383347988129));
#9809=CARTESIAN_POINT('Ctrl Pts',(19.0231775535868,-35.,-61.7809306981282));
#9810=CARTESIAN_POINT('Ctrl Pts',(19.2063380054497,-35.,-61.6817342938044));
#9811=CARTESIAN_POINT('Ctrl Pts',(19.3894984573126,-35.,-61.5825378894806));
#9812=CARTESIAN_POINT('',(16.8246962875128,-35.,-61.5825378894806));
#9813=CARTESIAN_POINT('Ctrl Pts',(16.8246962875128,-35.,-61.5825378894806));
#9814=CARTESIAN_POINT('Ctrl Pts',(17.0008484356834,-35.,-61.6818145999851));
#9815=CARTESIAN_POINT('Ctrl Pts',(17.177000583854,-35.,-61.7810913104897));
#9816=CARTESIAN_POINT('Ctrl Pts',(17.3652818053961,-35.,-61.8383359909058));
#9817=CARTESIAN_POINT('Ctrl Pts',(17.5896982044051,-35.,-61.9065671450069));
#9818=CARTESIAN_POINT('Ctrl Pts',(17.8313460916315,-35.,-61.9150843861784));
#9819=CARTESIAN_POINT('Ctrl Pts',(18.072993978858,-35.,-61.9236016273499));
#9820=CARTESIAN_POINT('',(16.4085986465216,-35.,-60.7776260375977));
#9821=CARTESIAN_POINT('Ctrl Pts',(16.4085986465216,-35.,-60.7776260375977));
#9822=CARTESIAN_POINT('Ctrl Pts',(16.439772314806,-35.,-60.9453890459514));
#9823=CARTESIAN_POINT('Ctrl Pts',(16.4709459830904,-35.,-61.1131520543052));
#9824=CARTESIAN_POINT('Ctrl Pts',(16.5501429885626,-35.,-61.2551152706146));
#9825=CARTESIAN_POINT('Ctrl Pts',(16.6180928586503,-35.,-61.3769176297814));
#9826=CARTESIAN_POINT('Ctrl Pts',(16.7213945730815,-35.,-61.479727759631));
#9827=CARTESIAN_POINT('Ctrl Pts',(16.8246962875128,-35.,-61.5825378894806));
#9828=CARTESIAN_POINT('',(15.2148749679327,-35.,-60.6002736091614));
#9829=CARTESIAN_POINT('',(-12.7212160460548,-35.,-56.4497874696852));
#9830=CARTESIAN_POINT('',(15.9856774657965,-35.,-62.3567533493042));
#9831=CARTESIAN_POINT('Ctrl Pts',(15.9856774657965,-35.,-62.3567533493042));
#9832=CARTESIAN_POINT('Ctrl Pts',(15.7544175684871,-35.,-62.1286419495585));
#9833=CARTESIAN_POINT('Ctrl Pts',(15.5231576711777,-35.,-61.9005305498128));
#9834=CARTESIAN_POINT('Ctrl Pts',(15.3939320892095,-35.,-61.6260242462158));
#9835=CARTESIAN_POINT('Ctrl Pts',(15.2508283793842,-35.,-61.3220374518298));
#9836=CARTESIAN_POINT('Ctrl Pts',(15.2328516736585,-35.,-60.9611555304956));
#9837=CARTESIAN_POINT('Ctrl Pts',(15.2148749679327,-35.,-60.6002736091614));
#9838=CARTESIAN_POINT('',(18.0798127502203,-35.,-62.9399728775024));
#9839=CARTESIAN_POINT('Ctrl Pts',(18.0798127502203,-35.,-62.9399728775024));
#9840=CARTESIAN_POINT('Ctrl Pts',(17.6799289251007,-35.,-62.9235431229768));
#9841=CARTESIAN_POINT('Ctrl Pts',(17.2800450999812,-35.,-62.9071133684512));
#9842=CARTESIAN_POINT('Ctrl Pts',(16.9082572311163,-35.,-62.7941679954529));
#9843=CARTESIAN_POINT('Ctrl Pts',(16.5867211800716,-35.,-62.6964886135824));
#9844=CARTESIAN_POINT('Ctrl Pts',(16.286199322934,-35.,-62.5266209814433));
#9845=CARTESIAN_POINT('Ctrl Pts',(15.9856774657965,-35.,-62.3567533493042));
#9846=CARTESIAN_POINT('',(19.9181487411261,-35.,-62.5306963920593));
#9847=CARTESIAN_POINT('Ctrl Pts',(19.9181487411261,-35.,-62.5306963920593));
#9848=CARTESIAN_POINT('Ctrl Pts',(19.6443780210428,-35.,-62.6499346148486));
#9849=CARTESIAN_POINT('Ctrl Pts',(19.3706073009596,-35.,-62.769172837638));
#9850=CARTESIAN_POINT('Ctrl Pts',(19.0850999206305,-35.,-62.8376531600952));
#9851=CARTESIAN_POINT('Ctrl Pts',(18.7601404402768,-35.,-62.91559625906));
#9852=CARTESIAN_POINT('Ctrl Pts',(18.4199765952485,-35.,-62.9277845682812));
#9853=CARTESIAN_POINT('Ctrl Pts',(18.0798127502203,-35.,-62.9399728775024));
#9854=CARTESIAN_POINT('',(21.0095527023077,-35.,-61.4154160022736));
#9855=CARTESIAN_POINT('Ctrl Pts',(21.0095527023077,-35.,-61.4154160022736));
#9856=CARTESIAN_POINT('Ctrl Pts',(20.8753589582402,-35.,-61.6397923163731));
#9857=CARTESIAN_POINT('Ctrl Pts',(20.7411652141727,-35.,-61.8641686304726));
#9858=CARTESIAN_POINT('Ctrl Pts',(20.5644681304693,-35.,-62.0472371578216));
#9859=CARTESIAN_POINT('Ctrl Pts',(20.3799333780085,-35.,-62.2384259690329));
#9860=CARTESIAN_POINT('Ctrl Pts',(20.1490410595673,-35.,-62.3845611805461));
#9861=CARTESIAN_POINT('Ctrl Pts',(19.9181487411261,-35.,-62.5306963920593));
#9862=CARTESIAN_POINT('',(21.3540294021368,-35.,-59.0177357196808));
#9863=CARTESIAN_POINT('Ctrl Pts',(21.3540294021368,-35.,-59.0177357196808));
#9864=CARTESIAN_POINT('Ctrl Pts',(21.3543566061825,-35.,-59.5042396347927));
#9865=CARTESIAN_POINT('Ctrl Pts',(21.3546838102282,-35.,-59.9907435499046));
#9866=CARTESIAN_POINT('Ctrl Pts',(21.2679126113653,-35.,-60.4629945755005));
#9867=CARTESIAN_POINT('Ctrl Pts',(21.2087690030551,-35.,-60.7848828292986));
#9868=CARTESIAN_POINT('Ctrl Pts',(21.1091608526814,-35.,-61.1001494157861));
#9869=CARTESIAN_POINT('Ctrl Pts',(21.0095527023077,-35.,-61.4154160022736));
#9870=CARTESIAN_POINT('',(21.3540294021368,-35.,-57.0000008493662));
#9871=CARTESIAN_POINT('',(21.3540294021368,-35.,-39.377899646759));
#9872=CARTESIAN_POINT('',(20.1699810012552,-35.,-57.0000008493662));
#9873=CARTESIAN_POINT('',(-7.37499983608723,-35.,-57.0000008493662));
#9874=CARTESIAN_POINT('',(19.6350648254156,-35.,-58.3321964740753));
#9875=CARTESIAN_POINT('Ctrl Pts',(19.6350648254156,-35.,-58.3321964740753));
#9876=CARTESIAN_POINT('Ctrl Pts',(19.8015004496067,-35.,-58.0604576884824));
#9877=CARTESIAN_POINT('Ctrl Pts',(19.9679360737978,-35.,-57.7887189028895));
#9878=CARTESIAN_POINT('Ctrl Pts',(20.0648095458746,-35.,-57.4957370758057));
#9879=CARTESIAN_POINT('Ctrl Pts',(20.1176515891054,-35.,-57.3359228558679));
#9880=CARTESIAN_POINT('Ctrl Pts',(20.1497959135337,-35.,-57.169787921491));
#9881=CARTESIAN_POINT('Ctrl Pts',(20.1699810012552,-35.,-57.0000008493662));
#9882=CARTESIAN_POINT('',(18.2162406295538,-35.,-58.9836299419403));
#9883=CARTESIAN_POINT('Ctrl Pts',(18.2162406295538,-35.,-58.9836299419403));
#9884=CARTESIAN_POINT('Ctrl Pts',(18.4875009572466,-35.,-58.9557062604766));
#9885=CARTESIAN_POINT('Ctrl Pts',(18.7587612849393,-35.,-58.9277825790129));
#9886=CARTESIAN_POINT('Ctrl Pts',(18.9938666671515,-35.,-58.8207709789276));
#9887=CARTESIAN_POINT('Ctrl Pts',(19.232413489589,-35.,-58.7121929577691));
#9888=CARTESIAN_POINT('Ctrl Pts',(19.4337391575023,-35.,-58.5221947159222));
#9889=CARTESIAN_POINT('Ctrl Pts',(19.6350648254156,-35.,-58.3321964740753));
#9890=CARTESIAN_POINT('',(16.7974116653204,-35.,-58.3287858963013));
#9891=CARTESIAN_POINT('Ctrl Pts',(16.7974116653204,-35.,-58.3287858963013));
#9892=CARTESIAN_POINT('Ctrl Pts',(16.9974497556531,-35.,-58.519780890346));
#9893=CARTESIAN_POINT('Ctrl Pts',(17.1974878459859,-35.,-58.7107758843908));
#9894=CARTESIAN_POINT('Ctrl Pts',(17.435205206275,-35.,-58.8199186325073));
#9895=CARTESIAN_POINT('Ctrl Pts',(17.6708640052918,-35.,-58.9281162370544));
#9896=CARTESIAN_POINT('Ctrl Pts',(17.9435523174228,-35.,-58.9558730894974));
#9897=CARTESIAN_POINT('Ctrl Pts',(18.2162406295538,-35.,-58.9836299419403));
#9898=CARTESIAN_POINT('',(16.2708796864156,-35.,-57.0000008493662));
#9899=CARTESIAN_POINT('Ctrl Pts',(16.2708796864156,-35.,-57.0000008493662));
#9900=CARTESIAN_POINT('Ctrl Pts',(16.2909970569841,-35.,-57.1645380803629));
#9901=CARTESIAN_POINT('Ctrl Pts',(16.3224362658499,-35.,-57.325704418079));
#9902=CARTESIAN_POINT('Ctrl Pts',(16.3727834075689,-35.,-57.4812412261963));
#9903=CARTESIAN_POINT('Ctrl Pts',(16.4686366356207,-35.,-57.7773594293329));
#9904=CARTESIAN_POINT('Ctrl Pts',(16.6330241504705,-35.,-58.0530726628171));
#9905=CARTESIAN_POINT('Ctrl Pts',(16.7974116653204,-35.,-58.3287858963013));
#9906=CARTESIAN_POINT('',(-7.37499983608723,-35.,-57.0000008493662));
#9907=CARTESIAN_POINT('',(16.2396018550007,-35.,-56.000000834465));
#9908=CARTESIAN_POINT('',(14.9855401480942,-35.,-56.000000834465));
#9909=CARTESIAN_POINT('',(-11.1249998919666,-35.,-56.000000834465));
#9910=CARTESIAN_POINT('',(16.8042352050543,-35.,-54.2735344171524));
#9911=CARTESIAN_POINT('Ctrl Pts',(16.8042352050543,-35.,-54.2735344171524));
#9912=CARTESIAN_POINT('Ctrl Pts',(16.6376171252729,-35.,-54.541666884222));
#9913=CARTESIAN_POINT('Ctrl Pts',(16.4709990454915,-35.,-54.8097993512915));
#9914=CARTESIAN_POINT('Ctrl Pts',(16.3744904845953,-35.,-55.0997614860535));
#9915=CARTESIAN_POINT('Ctrl Pts',(16.2797708524327,-35.,-55.3843487443307));
#9916=CARTESIAN_POINT('Ctrl Pts',(16.2525856618657,-35.,-55.689963880723));
#9917=CARTESIAN_POINT('Ctrl Pts',(16.2396018550007,-35.,-56.000000834465));
#9918=CARTESIAN_POINT('',(18.1957747787237,-35.,-53.6084592342377));
#9919=CARTESIAN_POINT('Ctrl Pts',(18.1957747787237,-35.,-53.6084592342377));
#9920=CARTESIAN_POINT('Ctrl Pts',(17.9313208804562,-35.,-53.6383325319318));
#9921=CARTESIAN_POINT('Ctrl Pts',(17.6668669821887,-35.,-53.6682058296259));
#9922=CARTESIAN_POINT('Ctrl Pts',(17.4386145919561,-35.,-53.774728178978));
#9923=CARTESIAN_POINT('Ctrl Pts',(17.2010000303479,-35.,-53.8856197289722));
#9924=CARTESIAN_POINT('Ctrl Pts',(17.0026176177011,-35.,-54.0795770730623));
#9925=CARTESIAN_POINT('Ctrl Pts',(16.8042352050543,-35.,-54.2735344171524));
#9926=CARTESIAN_POINT('',(19.6180131286383,-35.,-54.2837661504745));
#9927=CARTESIAN_POINT('Ctrl Pts',(19.6180131286383,-35.,-54.2837661504745));
#9928=CARTESIAN_POINT('Ctrl Pts',(19.4143332370965,-35.,-54.0868279408977));
#9929=CARTESIAN_POINT('Ctrl Pts',(19.2106533455547,-35.,-53.8898897313208));
#9930=CARTESIAN_POINT('Ctrl Pts',(18.9674308151007,-35.,-53.7772858142853));
#9931=CARTESIAN_POINT('Ctrl Pts',(18.7344090400715,-35.,-53.6694045066865));
#9932=CARTESIAN_POINT('Ctrl Pts',(18.4650919093976,-35.,-53.6389318704621));
#9933=CARTESIAN_POINT('Ctrl Pts',(18.1957747787237,-35.,-53.6084592342377));
#9934=CARTESIAN_POINT('',(20.1976891769733,-35.,-56.000000834465));
#9935=CARTESIAN_POINT('Ctrl Pts',(20.1976891769733,-35.,-56.000000834465));
#9936=CARTESIAN_POINT('Ctrl Pts',(20.1835496891288,-35.,-55.697634682917));
#9937=CARTESIAN_POINT('Ctrl Pts',(20.1540004463559,-35.,-55.4001296500837));
#9938=CARTESIAN_POINT('Ctrl Pts',(20.0605466216803,-35.,-55.122783780098));
#9939=CARTESIAN_POINT('Ctrl Pts',(19.9611901660206,-35.,-54.8279204855323));
#9940=CARTESIAN_POINT('Ctrl Pts',(19.7896016473294,-35.,-54.5558433180034));
#9941=CARTESIAN_POINT('Ctrl Pts',(19.6180131286383,-35.,-54.2837661504745));
#9942=CARTESIAN_POINT('',(21.3540294021368,-35.,-56.000000834465));
#9943=CARTESIAN_POINT('',(-11.1249998919666,-35.,-56.000000834465));
#9944=CARTESIAN_POINT('',(21.3540294021368,-35.,-52.7557992935181));
#9945=CARTESIAN_POINT('',(21.3540294021368,-35.,-39.377899646759));
#9946=CARTESIAN_POINT('',(20.221693739295,-35.,-52.7557992935181));
#9947=CARTESIAN_POINT('',(-8.2641531303525,-35.,-52.7557992935181));
#9948=CARTESIAN_POINT('',(20.221693739295,-35.,-53.6289232969284));
#9949=CARTESIAN_POINT('',(20.221693739295,-35.,-39.8144616484642));
#9950=CARTESIAN_POINT('',(18.1070973724127,-35.,-52.5920879840851));
#9951=CARTESIAN_POINT('Ctrl Pts',(18.1070973724127,-35.,-52.5920879840851));
#9952=CARTESIAN_POINT('Ctrl Pts',(18.5172256699039,-35.,-52.6370736030399));
#9953=CARTESIAN_POINT('Ctrl Pts',(18.9273539673952,-35.,-52.6820592219947));
#9954=CARTESIAN_POINT('Ctrl Pts',(19.2769458144903,-35.,-52.8512966632843));
#9955=CARTESIAN_POINT('Ctrl Pts',(19.6339486374876,-35.,-53.024121758604));
#9956=CARTESIAN_POINT('Ctrl Pts',(19.9278211883913,-35.,-53.3265225277662));
#9957=CARTESIAN_POINT('Ctrl Pts',(20.221693739295,-35.,-53.6289232969284));
#9958=CARTESIAN_POINT('',(16.4324738830328,-35.,-53.0695778131485));
#9959=CARTESIAN_POINT('Ctrl Pts',(16.4324738830328,-35.,-53.0695778131485));
#9960=CARTESIAN_POINT('Ctrl Pts',(16.6850687352085,-35.,-52.9303458299866));
#9961=CARTESIAN_POINT('Ctrl Pts',(16.9376635873842,-35.,-52.7911138468247));
#9962=CARTESIAN_POINT('Ctrl Pts',(17.2075440734625,-35.,-52.7114605903625));
#9963=CARTESIAN_POINT('Ctrl Pts',(17.4943781253028,-35.,-52.6268036126561));
#9964=CARTESIAN_POINT('Ctrl Pts',(17.8007377488577,-35.,-52.6094457983706));
#9965=CARTESIAN_POINT('Ctrl Pts',(18.1070973724127,-35.,-52.5920879840851));
#9966=CARTESIAN_POINT('',(15.3444793075323,-35.,-54.4236022233963));
#9967=CARTESIAN_POINT('Ctrl Pts',(15.3444793075323,-35.,-54.4236022233963));
#9968=CARTESIAN_POINT('Ctrl Pts',(15.4801037041152,-35.,-54.1504390575528));
#9969=CARTESIAN_POINT('Ctrl Pts',(15.615728100698,-35.,-53.8772758917094));
#9970=CARTESIAN_POINT('Ctrl Pts',(15.8040644973516,-35.,-53.6468291282654));
#9971=CARTESIAN_POINT('Ctrl Pts',(15.9821235695033,-35.,-53.4289576089613));
#9972=CARTESIAN_POINT('Ctrl Pts',(16.207298726268,-35.,-53.2492677110549));
#9973=CARTESIAN_POINT('Ctrl Pts',(16.4324738830328,-35.,-53.0695778131485));
#9974=CARTESIAN_POINT('Ctrl Pts',(14.9855401480942,-35.,-56.000000834465));
#9975=CARTESIAN_POINT('Ctrl Pts',(14.998820321145,-35.,-55.7775770549944));
#9976=CARTESIAN_POINT('Ctrl Pts',(15.019668023616,-35.,-55.5566544892071));
#9977=CARTESIAN_POINT('Ctrl Pts',(15.0631024688482,-35.,-55.3402125835419));
#9978=CARTESIAN_POINT('Ctrl Pts',(15.1256594609852,-35.,-55.0284794759032));
#9979=CARTESIAN_POINT('Ctrl Pts',(15.2350693842588,-35.,-54.7260408496498));
#9980=CARTESIAN_POINT('Ctrl Pts',(15.3444793075323,-35.,-54.4236022233963));
#9981=CARTESIAN_POINT('',(-41.0982248932123,-35.,-59.7748982906342));
#9982=CARTESIAN_POINT('',(-42.5375155359507,-35.,-58.5845839977264));
#9983=CARTESIAN_POINT('Ctrl Pts',(-41.0982248932123,-35.,-59.7748982906342));
#9984=CARTESIAN_POINT('Ctrl Pts',(-41.3863728640249,-35.,-59.6281880124177));
#9985=CARTESIAN_POINT('Ctrl Pts',(-41.6745208348375,-35.,-59.4814777342012));
#9986=CARTESIAN_POINT('Ctrl Pts',(-41.9167790561914,-35.,-59.2795026302338));
#9987=CARTESIAN_POINT('Ctrl Pts',(-42.1527062766646,-35.,-59.0828057973358));
#9988=CARTESIAN_POINT('Ctrl Pts',(-42.3451109063077,-35.,-58.8336948975311));
#9989=CARTESIAN_POINT('Ctrl Pts',(-42.5375155359507,-35.,-58.5845839977264));
#9990=CARTESIAN_POINT('',(-38.8233274966478,-35.,-60.1705324649811));
#9991=CARTESIAN_POINT('Ctrl Pts',(-38.8233274966478,-35.,-60.1705324649811));
#9992=CARTESIAN_POINT('Ctrl Pts',(-39.2432048868931,-35.,-60.1598759419372));
#9993=CARTESIAN_POINT('Ctrl Pts',(-39.6630822771383,-35.,-60.1492194188934));
#9994=CARTESIAN_POINT('Ctrl Pts',(-40.0707695633173,-35.,-60.0716245174408));
#9995=CARTESIAN_POINT('Ctrl Pts',(-40.4191903456497,-35.,-60.0053097777232));
#9996=CARTESIAN_POINT('Ctrl Pts',(-40.758707619431,-35.,-59.8901040341787));
#9997=CARTESIAN_POINT('Ctrl Pts',(-41.0982248932123,-35.,-59.7748982906342));
#9998=CARTESIAN_POINT('',(-36.8963149935007,-35.,-59.7783088684082));
#9999=CARTESIAN_POINT('Ctrl Pts',(-36.8963149935007,-35.,-59.7783088684082));
#10000=CARTESIAN_POINT('Ctrl Pts',(-37.1961971802048,-35.,-59.89267200372));
#10001=CARTESIAN_POINT('Ctrl Pts',(-37.4960793669089,-35.,-60.0070351390317));
#10002=CARTESIAN_POINT('Ctrl Pts',(-37.8061036020517,-35.,-60.0724756717682));
#10003=CARTESIAN_POINT('Ctrl Pts',(-38.1374546333815,-35.,-60.1424179071002));
#10004=CARTESIAN_POINT('Ctrl Pts',(-38.4803910650146,-35.,-60.1564751860406));
#10005=CARTESIAN_POINT('Ctrl Pts',(-38.8233274966478,-35.,-60.1705324649811));
#10006=CARTESIAN_POINT('',(-35.5832181125879,-35.,-58.6800825595856));
#10007=CARTESIAN_POINT('Ctrl Pts',(-35.5832181125879,-35.,-58.6800825595856));
#10008=CARTESIAN_POINT('Ctrl Pts',(-35.7562441056914,-35.,-58.9041649884863));
#10009=CARTESIAN_POINT('Ctrl Pts',(-35.9292700987948,-35.,-59.128247417387));
#10010=CARTESIAN_POINT('Ctrl Pts',(-36.1400052160025,-35.,-59.3076395988464));
#10011=CARTESIAN_POINT('Ctrl Pts',(-36.3637653993756,-35.,-59.4981196097291));
#10012=CARTESIAN_POINT('Ctrl Pts',(-36.6300401964382,-35.,-59.6382142390687));
#10013=CARTESIAN_POINT('Ctrl Pts',(-36.8963149935007,-35.,-59.7783088684082));
#10014=CARTESIAN_POINT('',(-35.1261923462152,-35.,-57.175989151001));
#10015=CARTESIAN_POINT('Ctrl Pts',(-35.1261923462152,-35.,-57.175989151001));
#10016=CARTESIAN_POINT('Ctrl Pts',(-35.1462744963274,-35.,-57.439775453955));
#10017=CARTESIAN_POINT('Ctrl Pts',(-35.1663566464395,-35.,-57.703561756909));
#10018=CARTESIAN_POINT('Ctrl Pts',(-35.2404487878084,-35.,-57.9510581493378));
#10019=CARTESIAN_POINT('Ctrl Pts',(-35.3166347446278,-35.,-58.2055486947338));
#10020=CARTESIAN_POINT('Ctrl Pts',(-35.4499264286079,-35.,-58.4428156271597));
#10021=CARTESIAN_POINT('Ctrl Pts',(-35.5832181125879,-35.,-58.6800825595856));
#10022=CARTESIAN_POINT('',(-35.5422905832529,-35.,-55.7537519931793));
#10023=CARTESIAN_POINT('Ctrl Pts',(-35.5422905832529,-35.,-55.7537519931793));
#10024=CARTESIAN_POINT('Ctrl Pts',(-35.4209433489008,-35.,-55.9700315258336));
#10025=CARTESIAN_POINT('Ctrl Pts',(-35.2995961145487,-35.,-56.1863110584879));
#10026=CARTESIAN_POINT('Ctrl Pts',(-35.2302169054747,-35.,-56.4179742336273));
#10027=CARTESIAN_POINT('Ctrl Pts',(-35.1578844867122,-35.,-56.6594984311448));
#10028=CARTESIAN_POINT('Ctrl Pts',(-35.1420384164637,-35.,-56.9177437910729));
#10029=CARTESIAN_POINT('Ctrl Pts',(-35.1261923462152,-35.,-57.175989151001));
#10030=CARTESIAN_POINT('',(-36.8315128237009,-35.,-54.7339701652527));
#10031=CARTESIAN_POINT('Ctrl Pts',(-36.8315128237009,-35.,-54.7339701652527));
#10032=CARTESIAN_POINT('Ctrl Pts',(-36.5650310077069,-35.,-54.8692509456006));
#10033=CARTESIAN_POINT('Ctrl Pts',(-36.298549191713,-35.,-55.0045317259486));
#10034=CARTESIAN_POINT('Ctrl Pts',(-36.0726452618837,-35.,-55.1901441812515));
#10035=CARTESIAN_POINT('Ctrl Pts',(-35.8751936246845,-35.,-55.3523790003264));
#10036=CARTESIAN_POINT('Ctrl Pts',(-35.7087421039687,-35.,-55.5530654967529));
#10037=CARTESIAN_POINT('Ctrl Pts',(-35.5422905832529,-35.,-55.7537519931793));
#10038=CARTESIAN_POINT('',(-39.0450192242861,-35.,-54.0961802005768));
#10039=CARTESIAN_POINT('Ctrl Pts',(-39.0450192242861,-35.,-54.0961802005768));
#10040=CARTESIAN_POINT('Ctrl Pts',(-38.5881372869977,-35.,-54.1982535369911));
#10041=CARTESIAN_POINT('Ctrl Pts',(-38.1312553497093,-35.,-54.3003268734054));
#10042=CARTESIAN_POINT('Ctrl Pts',(-37.6850258558989,-35.,-54.4380974769592));
#10043=CARTESIAN_POINT('Ctrl Pts',(-37.3975745811983,-35.,-54.5268462848196));
#10044=CARTESIAN_POINT('Ctrl Pts',(-37.1145437024496,-35.,-54.6304082250361));
#10045=CARTESIAN_POINT('Ctrl Pts',(-36.8315128237009,-35.,-54.7339701652527));
#10046=CARTESIAN_POINT('',(-41.0402438789606,-35.,-53.3833563327789));
#10047=CARTESIAN_POINT('Ctrl Pts',(-41.0402438789606,-35.,-53.3833563327789));
#10048=CARTESIAN_POINT('Ctrl Pts',(-40.8137490151224,-35.,-53.5095855886857));
#10049=CARTESIAN_POINT('Ctrl Pts',(-40.5872541512841,-35.,-53.6358148445925));
#10050=CARTESIAN_POINT('Ctrl Pts',(-40.3504417091608,-35.,-53.7355053424835));
#10051=CARTESIAN_POINT('Ctrl Pts',(-39.9363340189134,-35.,-53.9098314946531));
#10052=CARTESIAN_POINT('Ctrl Pts',(-39.4906766215998,-35.,-54.003005847615));
#10053=CARTESIAN_POINT('Ctrl Pts',(-39.0450192242861,-35.,-54.0961802005768));
#10054=CARTESIAN_POINT('',(-41.4290568977594,-35.,-52.4965900182724));
#10055=CARTESIAN_POINT('Ctrl Pts',(-41.4290568977594,-35.,-52.4965900182724));
#10056=CARTESIAN_POINT('Ctrl Pts',(-41.413463579088,-35.,-52.667711719471));
#10057=CARTESIAN_POINT('Ctrl Pts',(-41.3978702604165,-35.,-52.8388334206697));
#10058=CARTESIAN_POINT('Ctrl Pts',(-41.3318536430597,-35.,-52.987722158432));
#10059=CARTESIAN_POINT('Ctrl Pts',(-41.2670459899239,-35.,-53.1338842924381));
#10060=CARTESIAN_POINT('Ctrl Pts',(-41.1536449344423,-35.,-53.2586203126085));
#10061=CARTESIAN_POINT('Ctrl Pts',(-41.0402438789606,-35.,-53.3833563327789));
#10062=CARTESIAN_POINT('',(-40.8799443393946,-35.,-51.4358806610107));
#10063=CARTESIAN_POINT('Ctrl Pts',(-40.8799443393946,-35.,-51.4358806610107));
#10064=CARTESIAN_POINT('Ctrl Pts',(-41.04003941362,-35.,-51.586040667464));
#10065=CARTESIAN_POINT('Ctrl Pts',(-41.2001344878454,-35.,-51.7362006739173));
#10066=CARTESIAN_POINT('Ctrl Pts',(-41.2917790561914,-35.,-51.9210439920425));
#10067=CARTESIAN_POINT('Ctrl Pts',(-41.3769867815083,-35.,-52.0929044630091));
#10068=CARTESIAN_POINT('Ctrl Pts',(-41.4030218396339,-35.,-52.2947472406407));
#10069=CARTESIAN_POINT('Ctrl Pts',(-41.4290568977594,-35.,-52.4965900182724));
#10070=CARTESIAN_POINT('',(-39.1302851587534,-35.,-50.9959077835083));
#10071=CARTESIAN_POINT('Ctrl Pts',(-39.1302851587534,-35.,-50.9959077835083));
#10072=CARTESIAN_POINT('Ctrl Pts',(-39.4848310466034,-35.,-51.001293462666));
#10073=CARTESIAN_POINT('Ctrl Pts',(-39.8393769344534,-35.,-51.0066791418237));
#10074=CARTESIAN_POINT('Ctrl Pts',(-40.167972818017,-35.,-51.1059010028839));
#10075=CARTESIAN_POINT('Ctrl Pts',(-40.4150801335584,-35.,-51.1805168120161));
#10076=CARTESIAN_POINT('Ctrl Pts',(-40.6475122364765,-35.,-51.3081987365134));
#10077=CARTESIAN_POINT('Ctrl Pts',(-40.8799443393946,-35.,-51.4358806610107));
#10078=CARTESIAN_POINT('',(-37.3874471336603,-35.,-51.4802187681198));
#10079=CARTESIAN_POINT('Ctrl Pts',(-37.3874471336603,-35.,-51.4802187681198));
#10080=CARTESIAN_POINT('Ctrl Pts',(-37.6251309910375,-35.,-51.3394071189297));
#10081=CARTESIAN_POINT('Ctrl Pts',(-37.8628148484147,-35.,-51.1985954697396));
#10082=CARTESIAN_POINT('Ctrl Pts',(-38.11817727983,-35.,-51.1169853806496));
#10083=CARTESIAN_POINT('Ctrl Pts',(-38.4371571340981,-35.,-51.0150440959411));
#10084=CARTESIAN_POINT('Ctrl Pts',(-38.7837211464258,-35.,-51.0054759397247));
#10085=CARTESIAN_POINT('Ctrl Pts',(-39.1302851587534,-35.,-50.9959077835083));
#10086=CARTESIAN_POINT('',(-36.6950873285532,-35.,-52.9126882553101));
#10087=CARTESIAN_POINT('Ctrl Pts',(-36.6950873285532,-35.,-52.9126882553101));
#10088=CARTESIAN_POINT('Ctrl Pts',(-36.7427767300072,-35.,-52.6217889702974));
#10089=CARTESIAN_POINT('Ctrl Pts',(-36.7904661314611,-35.,-52.3308896852848));
#10090=CARTESIAN_POINT('Ctrl Pts',(-36.9193368405104,-35.,-52.0804917812347));
#10091=CARTESIAN_POINT('Ctrl Pts',(-37.0331563625082,-35.,-51.8593385808023));
#10092=CARTESIAN_POINT('Ctrl Pts',(-37.2103017480843,-35.,-51.669778674461));
#10093=CARTESIAN_POINT('Ctrl Pts',(-37.3874471336603,-35.,-51.4802187681198));
#10094=CARTESIAN_POINT('',(-35.4263285547495,-35.,-52.8171902894974));
#10095=CARTESIAN_POINT('',(-35.0808723934833,-35.,-52.791188214588));
#10096=CARTESIAN_POINT('',(-35.9174606949091,-35.,-51.2414741516113));
#10097=CARTESIAN_POINT('Ctrl Pts',(-35.9174606949091,-35.,-51.2414741516113));
#10098=CARTESIAN_POINT('Ctrl Pts',(-35.7826661055913,-35.,-51.483189889039));
#10099=CARTESIAN_POINT('Ctrl Pts',(-35.6478715162735,-35.,-51.7249056264666));
#10100=CARTESIAN_POINT('Ctrl Pts',(-35.5661647766829,-35.,-51.983288526535));
#10101=CARTESIAN_POINT('Ctrl Pts',(-35.481993838861,-35.,-52.2494640112605));
#10102=CARTESIAN_POINT('Ctrl Pts',(-35.4541611968053,-35.,-52.533327150379));
#10103=CARTESIAN_POINT('Ctrl Pts',(-35.4263285547495,-35.,-52.8171902894974));
#10104=CARTESIAN_POINT('',(-37.2237364202738,-35.,-50.1875859498978));
#10105=CARTESIAN_POINT('Ctrl Pts',(-37.2237364202738,-35.,-50.1875859498978));
#10106=CARTESIAN_POINT('Ctrl Pts',(-36.9592043983586,-35.,-50.317724070382));
#10107=CARTESIAN_POINT('Ctrl Pts',(-36.6946723764434,-35.,-50.4478621908662));
#10108=CARTESIAN_POINT('Ctrl Pts',(-36.4725428074598,-35.,-50.6301164627075));
#10109=CARTESIAN_POINT('Ctrl Pts',(-36.2621572017962,-35.,-50.8027349733433));
#10110=CARTESIAN_POINT('Ctrl Pts',(-36.0898089483527,-35.,-51.0221045624773));
#10111=CARTESIAN_POINT('Ctrl Pts',(-35.9174606949091,-35.,-51.2414741516113));
#10112=CARTESIAN_POINT('',(-39.1848552972078,-35.,-49.8294687271118));
#10113=CARTESIAN_POINT('Ctrl Pts',(-39.1848552972078,-35.,-49.8294687271118));
#10114=CARTESIAN_POINT('Ctrl Pts',(-38.8327372584664,-35.,-49.8412964313797));
#10115=CARTESIAN_POINT('Ctrl Pts',(-38.480619219725,-35.,-49.8531241356476));
#10116=CARTESIAN_POINT('Ctrl Pts',(-38.1386408954859,-35.,-49.9189978837967));
#10117=CARTESIAN_POINT('Ctrl Pts',(-37.8280985842747,-35.,-49.9788162539927));
#10118=CARTESIAN_POINT('Ctrl Pts',(-37.5259175022742,-35.,-50.0832011019452));
#10119=CARTESIAN_POINT('Ctrl Pts',(-37.2237364202738,-35.,-50.1875859498978));
#10120=CARTESIAN_POINT('',(-41.0197804123163,-35.,-50.1705324649811));
#10121=CARTESIAN_POINT('Ctrl Pts',(-41.0197804123163,-35.,-50.1705324649811));
#10122=CARTESIAN_POINT('Ctrl Pts',(-40.7319895382362,-35.,-50.0710828888764));
#10123=CARTESIAN_POINT('Ctrl Pts',(-40.4441986641561,-35.,-49.9716333127716));
#10124=CARTESIAN_POINT('Ctrl Pts',(-40.1483613997698,-35.,-49.9147346615791));
#10125=CARTESIAN_POINT('Ctrl Pts',(-39.8332776365025,-35.,-49.8541343136826));
#10126=CARTESIAN_POINT('Ctrl Pts',(-39.5090664668552,-35.,-49.8418015203972));
#10127=CARTESIAN_POINT('Ctrl Pts',(-39.1848552972078,-35.,-49.8294687271118));
#10128=CARTESIAN_POINT('',(-42.2748962789774,-35.,-51.169850230217));
#10129=CARTESIAN_POINT('Ctrl Pts',(-42.2748962789774,-35.,-51.169850230217));
#10130=CARTESIAN_POINT('Ctrl Pts',(-42.110748973836,-35.,-50.9618689968629));
#10131=CARTESIAN_POINT('Ctrl Pts',(-41.9466016686946,-35.,-50.7538877635088));
#10132=CARTESIAN_POINT('Ctrl Pts',(-41.7462471872568,-35.,-50.5908942222595));
#10133=CARTESIAN_POINT('Ctrl Pts',(-41.5317561446996,-35.,-50.4164002237138));
#10134=CARTESIAN_POINT('Ctrl Pts',(-41.2757682785079,-35.,-50.2934663443474));
#10135=CARTESIAN_POINT('Ctrl Pts',(-41.0197804123163,-35.,-50.1705324649811));
#10136=CARTESIAN_POINT('',(-42.7046368271112,-35.,-52.5852662324905));
#10137=CARTESIAN_POINT('Ctrl Pts',(-42.7046368271112,-35.,-52.5852662324905));
#10138=CARTESIAN_POINT('Ctrl Pts',(-42.6860261956547,-35.,-52.3359266546654));
#10139=CARTESIAN_POINT('Ctrl Pts',(-42.6674155641982,-35.,-52.0865870768402));
#10140=CARTESIAN_POINT('Ctrl Pts',(-42.5972018390894,-35.,-51.8528312444687));
#10141=CARTESIAN_POINT('Ctrl Pts',(-42.5255711963505,-35.,-51.6143582038946));
#10142=CARTESIAN_POINT('Ctrl Pts',(-42.400233737664,-35.,-51.3921042170558));
#10143=CARTESIAN_POINT('Ctrl Pts',(-42.2748962789774,-35.,-51.169850230217));
#10144=CARTESIAN_POINT('',(-42.3533413559198,-35.,-53.8301503658295));
#10145=CARTESIAN_POINT('Ctrl Pts',(-42.3533413559198,-35.,-53.8301503658295));
#10146=CARTESIAN_POINT('Ctrl Pts',(-42.4557981269216,-35.,-53.6379117647839));
#10147=CARTESIAN_POINT('Ctrl Pts',(-42.5582548979235,-35.,-53.4456731637384));
#10148=CARTESIAN_POINT('Ctrl Pts',(-42.6168129593134,-35.,-53.2409620285034));
#10149=CARTESIAN_POINT('Ctrl Pts',(-42.6768350728201,-35.,-53.0311327632663));
#10150=CARTESIAN_POINT('Ctrl Pts',(-42.6907359499657,-35.,-52.8081994978784));
#10151=CARTESIAN_POINT('Ctrl Pts',(-42.7046368271112,-35.,-52.5852662324905));
#10152=CARTESIAN_POINT('',(-41.2858102470636,-35.,-54.7612553834915));
#10153=CARTESIAN_POINT('Ctrl Pts',(-41.2858102470636,-35.,-54.7612553834915));
#10154=CARTESIAN_POINT('Ctrl Pts',(-41.5057193568031,-35.,-54.6342149680014));
#10155=CARTESIAN_POINT('Ctrl Pts',(-41.7256284665427,-35.,-54.5071745525112));
#10156=CARTESIAN_POINT('Ctrl Pts',(-41.9108102470636,-35.,-54.3408936262131));
#10157=CARTESIAN_POINT('Ctrl Pts',(-42.0769573151136,-35.,-54.1917046061089));
#10158=CARTESIAN_POINT('Ctrl Pts',(-42.2151493355167,-35.,-54.0109274859692));
#10159=CARTESIAN_POINT('Ctrl Pts',(-42.3533413559198,-35.,-53.8301503658295));
#10160=CARTESIAN_POINT('',(-39.3553874641657,-35.,-55.3854030370712));
#10161=CARTESIAN_POINT('Ctrl Pts',(-39.3553874641657,-35.,-55.3854030370712));
#10162=CARTESIAN_POINT('Ctrl Pts',(-39.7502061412977,-35.,-55.2910709478402));
#10163=CARTESIAN_POINT('Ctrl Pts',(-40.1450248184297,-35.,-55.1967388586091));
#10164=CARTESIAN_POINT('Ctrl Pts',(-40.5269426852465,-35.,-55.0639498233795));
#10165=CARTESIAN_POINT('Ctrl Pts',(-40.7837883664303,-35.,-54.9746471403405));
#10166=CARTESIAN_POINT('Ctrl Pts',(-41.034799306747,-35.,-54.867951261916));
#10167=CARTESIAN_POINT('Ctrl Pts',(-41.2858102470636,-35.,-54.7612553834915));
#10168=CARTESIAN_POINT('',(-37.5750324875116,-35.,-55.8731245994568));
#10169=CARTESIAN_POINT('Ctrl Pts',(-37.5750324875116,-35.,-55.8731245994568));
#10170=CARTESIAN_POINT('Ctrl Pts',(-37.7898838904423,-35.,-55.8042457626203));
#10171=CARTESIAN_POINT('Ctrl Pts',(-38.004735293373,-35.,-55.7353669257838));
#10172=CARTESIAN_POINT('Ctrl Pts',(-38.2213491946459,-35.,-55.6727492809296));
#10173=CARTESIAN_POINT('Ctrl Pts',(-38.5958498265176,-35.,-55.5644905430258));
#10174=CARTESIAN_POINT('Ctrl Pts',(-38.9756186453416,-35.,-55.4749467900485));
#10175=CARTESIAN_POINT('Ctrl Pts',(-39.3553874641657,-35.,-55.3854030370712));
#10176=CARTESIAN_POINT('',(-36.6746232658625,-35.,-56.4631652832031));
#10177=CARTESIAN_POINT('Ctrl Pts',(-36.6746232658625,-35.,-56.4631652832031));
#10178=CARTESIAN_POINT('Ctrl Pts',(-36.7897008492803,-35.,-56.3474144938977));
#10179=CARTESIAN_POINT('Ctrl Pts',(-36.9047784326982,-35.,-56.2316637045923));
#10180=CARTESIAN_POINT('Ctrl Pts',(-37.0361510664225,-35.,-56.1400079727173));
#10181=CARTESIAN_POINT('Ctrl Pts',(-37.1990710244509,-35.,-56.0263423821995));
#10182=CARTESIAN_POINT('Ctrl Pts',(-37.3870517559813,-35.,-55.9497334908282));
#10183=CARTESIAN_POINT('Ctrl Pts',(-37.5750324875116,-35.,-55.8731245994568));
#10184=CARTESIAN_POINT('',(-36.4017716795206,-35.,-57.2851300239563));
#10185=CARTESIAN_POINT('Ctrl Pts',(-36.4017716795206,-35.,-57.2851300239563));
#10186=CARTESIAN_POINT('Ctrl Pts',(-36.4124270940303,-35.,-57.1341423396433));
#10187=CARTESIAN_POINT('Ctrl Pts',(-36.42308250854,-35.,-56.9831546553304));
#10188=CARTESIAN_POINT('Ctrl Pts',(-36.4699845761061,-35.,-56.8443048000336));
#10189=CARTESIAN_POINT('Ctrl Pts',(-36.5154703658158,-35.,-56.7096477231285));
#10190=CARTESIAN_POINT('Ctrl Pts',(-36.5950468158391,-35.,-56.5864065031658));
#10191=CARTESIAN_POINT('Ctrl Pts',(-36.6746232658625,-35.,-56.4631652832031));
#10192=CARTESIAN_POINT('',(-36.6848549991846,-35.,-58.14120054245));
#10193=CARTESIAN_POINT('Ctrl Pts',(-36.6848549991846,-35.,-58.14120054245));
#10194=CARTESIAN_POINT('Ctrl Pts',(-36.6022920667435,-35.,-58.0083664944466));
#10195=CARTESIAN_POINT('Ctrl Pts',(-36.5197291343024,-35.,-57.8755324464432));
#10196=CARTESIAN_POINT('Ctrl Pts',(-36.4725425094366,-35.,-57.7310717105865));
#10197=CARTESIAN_POINT('Ctrl Pts',(-36.426408534216,-35.,-57.5898336367188));
#10198=CARTESIAN_POINT('Ctrl Pts',(-36.4140901068683,-35.,-57.4374818303376));
#10199=CARTESIAN_POINT('Ctrl Pts',(-36.4017716795206,-35.,-57.2851300239563));
#10200=CARTESIAN_POINT('',(-37.5477472692728,-35.,-58.7585270404816));
#10201=CARTESIAN_POINT('Ctrl Pts',(-37.5477472692728,-35.,-58.7585270404816));
#10202=CARTESIAN_POINT('Ctrl Pts',(-37.3705422838323,-35.,-58.6814290293629));
#10203=CARTESIAN_POINT('Ctrl Pts',(-37.1933372983918,-35.,-58.6043310182443));
#10204=CARTESIAN_POINT('Ctrl Pts',(-37.0421197265387,-35.,-58.4916436672211));
#10205=CARTESIAN_POINT('Ctrl Pts',(-36.9097577250267,-35.,-58.3930074892708));
#10206=CARTESIAN_POINT('Ctrl Pts',(-36.7973063621056,-35.,-58.2671040158604));
#10207=CARTESIAN_POINT('Ctrl Pts',(-36.6848549991846,-35.,-58.14120054245));
#10208=CARTESIAN_POINT('',(-38.8847190886736,-35.,-58.9836287498474));
#10209=CARTESIAN_POINT('Ctrl Pts',(-38.8847190886736,-35.,-58.9836287498474));
#10210=CARTESIAN_POINT('Ctrl Pts',(-38.6451341256549,-35.,-58.9762858882113));
#10211=CARTESIAN_POINT('Ctrl Pts',(-38.4055491626363,-35.,-58.9689430265751));
#10212=CARTESIAN_POINT('Ctrl Pts',(-38.1718949228525,-35.,-58.9273536205292));
#10213=CARTESIAN_POINT('Ctrl Pts',(-37.9606127874963,-35.,-58.8897463486658));
#10214=CARTESIAN_POINT('Ctrl Pts',(-37.7541800283846,-35.,-58.8241366945737));
#10215=CARTESIAN_POINT('Ctrl Pts',(-37.5477472692728,-35.,-58.7585270404816));
#10216=CARTESIAN_POINT('',(-40.4195076972246,-35.,-58.6869037151337));
#10217=CARTESIAN_POINT('Ctrl Pts',(-40.4195076972246,-35.,-58.6869037151337));
#10218=CARTESIAN_POINT('Ctrl Pts',(-40.1803518659919,-35.,-58.7734188392837));
#10219=CARTESIAN_POINT('Ctrl Pts',(-39.9411960347591,-35.,-58.8599339634338));
#10220=CARTESIAN_POINT('Ctrl Pts',(-39.6947465091944,-35.,-58.9094471931458));
#10221=CARTESIAN_POINT('Ctrl Pts',(-39.4303344654947,-35.,-58.9625692035384));
#10222=CARTESIAN_POINT('Ctrl Pts',(-39.1575267770841,-35.,-58.9730989766929));
#10223=CARTESIAN_POINT('Ctrl Pts',(-38.8847190886736,-35.,-58.9836287498474));
#10224=CARTESIAN_POINT('',(-41.4256463199854,-35.,-57.909277677536));
#10225=CARTESIAN_POINT('Ctrl Pts',(-41.4256463199854,-35.,-57.909277677536));
#10226=CARTESIAN_POINT('Ctrl Pts',(-41.2960456479746,-35.,-58.0646926031525));
#10227=CARTESIAN_POINT('Ctrl Pts',(-41.1664449759638,-35.,-58.220107528769));
#10228=CARTESIAN_POINT('Ctrl Pts',(-41.0121063143015,-35.,-58.3441340923309));
#10229=CARTESIAN_POINT('Ctrl Pts',(-40.8360365753565,-35.,-58.4856237517163));
#10230=CARTESIAN_POINT('Ctrl Pts',(-40.6277721362906,-35.,-58.586263733425));
#10231=CARTESIAN_POINT('Ctrl Pts',(-40.4195076972246,-35.,-58.6869037151337));
#10232=CARTESIAN_POINT('',(-41.8383345752954,-35.,-56.6780358552933));
#10233=CARTESIAN_POINT('Ctrl Pts',(-41.8383345752954,-35.,-56.6780358552933));
#10234=CARTESIAN_POINT('Ctrl Pts',(-41.8031207811505,-35.,-56.9105018878809));
#10235=CARTESIAN_POINT('Ctrl Pts',(-41.7679069870055,-35.,-57.1429679204685));
#10236=CARTESIAN_POINT('Ctrl Pts',(-41.6908238083124,-35.,-57.3610174655914));
#10237=CARTESIAN_POINT('Ctrl Pts',(-41.623637052237,-35.,-57.5510724406056));
#10238=CARTESIAN_POINT('Ctrl Pts',(-41.5246416861112,-35.,-57.7301750590708));
#10239=CARTESIAN_POINT('Ctrl Pts',(-41.4256463199854,-35.,-57.909277677536));
#10240=CARTESIAN_POINT('',(-43.086628690362,-35.,-56.7871761322021));
#10241=CARTESIAN_POINT('',(-38.606675226407,-35.,-56.3954869015204));
#10242=CARTESIAN_POINT('Ctrl Pts',(-42.5375155359507,-35.,-58.5845839977264));
#10243=CARTESIAN_POINT('Ctrl Pts',(-42.6909069057472,-35.,-58.3087110920132));
#10244=CARTESIAN_POINT('Ctrl Pts',(-42.8442982755438,-35.,-58.0328381863));
#10245=CARTESIAN_POINT('Ctrl Pts',(-42.9357079416513,-35.,-57.7378928661346));
#10246=CARTESIAN_POINT('Ctrl Pts',(-43.0297524728606,-35.,-57.4344458068853));
#10247=CARTESIAN_POINT('Ctrl Pts',(-43.0581905816113,-35.,-57.1108109695437));
#10248=CARTESIAN_POINT('Ctrl Pts',(-43.086628690362,-35.,-56.7871761322021));
#10249=CARTESIAN_POINT('',(-23.427359038478,-35.,-55.0000008195639));
#10250=CARTESIAN_POINT('',(-24.7271473127916,-35.,-55.0000008195639));
#10251=CARTESIAN_POINT('',(-30.7385736563958,-35.,-55.0000008195639));
#10252=CARTESIAN_POINT('',(-22.6637075096369,-35.,-52.9604363441467));
#10253=CARTESIAN_POINT('',(-19.1030070406047,-35.,-43.4504990102166));
#10254=CARTESIAN_POINT('',(-22.1248266845942,-35.,-51.0504776239395));
#10255=CARTESIAN_POINT('Ctrl Pts',(-22.1248266845942,-35.,-51.0504776239395));
#10256=CARTESIAN_POINT('Ctrl Pts',(-22.1954538791701,-35.,-51.3716636530861));
#10257=CARTESIAN_POINT('Ctrl Pts',(-22.2660810737461,-35.,-51.6928496822327));
#10258=CARTESIAN_POINT('Ctrl Pts',(-22.3550460487604,-35.,-52.0088675618172));
#10259=CARTESIAN_POINT('Ctrl Pts',(-22.4453400335472,-35.,-52.3296062975605));
#10260=CARTESIAN_POINT('Ctrl Pts',(-22.554523771592,-35.,-52.6450213208536));
#10261=CARTESIAN_POINT('Ctrl Pts',(-22.6637075096369,-35.,-52.9604363441467));
#10262=CARTESIAN_POINT('',(-21.4154145866632,-35.,-53.1241470575333));
#10263=CARTESIAN_POINT('Ctrl Pts',(-21.4154145866632,-35.,-53.1241470575333));
#10264=CARTESIAN_POINT('Ctrl Pts',(-21.5584219237107,-35.,-52.7424812623628));
#10265=CARTESIAN_POINT('Ctrl Pts',(-21.7014292607581,-35.,-52.3608154671924));
#10266=CARTESIAN_POINT('Ctrl Pts',(-21.8315122276545,-35.,-51.9747614860535));
#10267=CARTESIAN_POINT('Ctrl Pts',(-21.9347060245833,-35.,-51.66850789203));
#10268=CARTESIAN_POINT('Ctrl Pts',(-22.0297663545887,-35.,-51.3594927579848));
#10269=CARTESIAN_POINT('Ctrl Pts',(-22.1248266845942,-35.,-51.0504776239395));
#10270=CARTESIAN_POINT('',(-20.7085044960179,-35.,-55.0000008195639));
#10271=CARTESIAN_POINT('',(-26.3223210836342,-35.,-40.1031997912801));
#10272=CARTESIAN_POINT('',(-19.3349236620928,-35.,-55.0000008195639));
#10273=CARTESIAN_POINT('',(-30.7385736563958,-35.,-55.0000008195639));
#10274=CARTESIAN_POINT('',(-21.3813088089228,-35.,-50.));
#10275=CARTESIAN_POINT('',(-26.6904904461982,-35.,-37.0279001102444));
#10276=CARTESIAN_POINT('',(-22.8069565445185,-35.,-50.));
#10277=CARTESIAN_POINT('',(-29.7784782722592,-35.,-50.));
#10278=CARTESIAN_POINT('',(-21.6070542456786,-35.,-46.8755643570812));
#10279=CARTESIAN_POINT('',(1.51481237215857,-35.,-56.0066560111256));
#10280=CARTESIAN_POINT('',(0.259103879865692,-35.,-56.0066560111256));
#10281=CARTESIAN_POINT('',(-20.7539213970304,-35.,-56.0066560111256));
#10282=CARTESIAN_POINT('',(1.30627892911434,-35.,-54.795361161232));
#10283=CARTESIAN_POINT('Ctrl Pts',(1.30627892911434,-35.,-54.795361161232));
#10284=CARTESIAN_POINT('Ctrl Pts',(1.3699353019251,-35.,-55.0316079472657));
#10285=CARTESIAN_POINT('Ctrl Pts',(1.43359167473586,-35.,-55.2678547332994));
#10286=CARTESIAN_POINT('Ctrl Pts',(1.46998666226863,-35.,-55.5081850290298));
#10287=CARTESIAN_POINT('Ctrl Pts',(1.49492234184246,-35.,-55.6728450454901));
#10288=CARTESIAN_POINT('Ctrl Pts',(1.50706105035529,-35.,-55.839421932824));
#10289=CARTESIAN_POINT('Ctrl Pts',(1.51481237215857,-35.,-56.0066560111256));
#10290=CARTESIAN_POINT('',(0.702593550086021,-35.,-53.6186897754669));
#10291=CARTESIAN_POINT('Ctrl Pts',(0.702593550086021,-35.,-53.6186897754669));
#10292=CARTESIAN_POINT('Ctrl Pts',(0.825375808759508,-35.,-53.7937678932273));
#10293=CARTESIAN_POINT('Ctrl Pts',(0.948158067432998,-35.,-53.9688460109876));
#10294=CARTESIAN_POINT('Ctrl Pts',(1.04621671140194,-35.,-54.1567182540894));
#10295=CARTESIAN_POINT('Ctrl Pts',(1.1521344182392,-35.,-54.3596478109575));
#10296=CARTESIAN_POINT('Ctrl Pts',(1.22920667367677,-35.,-54.5775044860947));
#10297=CARTESIAN_POINT('Ctrl Pts',(1.30627892911434,-35.,-54.795361161232));
#10298=CARTESIAN_POINT('',(-0.279671922326088,-35.,-52.8615272045135));
#10299=CARTESIAN_POINT('Ctrl Pts',(-0.279671922326088,-35.,-52.8615272045135));
#10300=CARTESIAN_POINT('Ctrl Pts',(-0.0904301761473114,-35.,-52.9593040906173));
#10301=CARTESIAN_POINT('Ctrl Pts',(0.0988115700314614,-35.,-53.0570809767211));
#10302=CARTESIAN_POINT('Ctrl Pts',(0.26432298123836,-35.,-53.1855380535126));
#10303=CARTESIAN_POINT('Ctrl Pts',(0.425396360078374,-35.,-53.3105506749617));
#10304=CARTESIAN_POINT('Ctrl Pts',(0.563994955082201,-35.,-53.4646202252143));
#10305=CARTESIAN_POINT('Ctrl Pts',(0.702593550086021,-35.,-53.6186897754669));
#10306=CARTESIAN_POINT('',(-1.54501654207706,-35.,-52.5920867919922));
#10307=CARTESIAN_POINT('Ctrl Pts',(-1.54501654207706,-35.,-52.5920867919922));
#10308=CARTESIAN_POINT('Ctrl Pts',(-1.32570859307938,-35.,-52.6030726297549));
#10309=CARTESIAN_POINT('Ctrl Pts',(-1.10640064408168,-35.,-52.6140584675175));
#10310=CARTESIAN_POINT('Ctrl Pts',(-0.894438996911051,-35.,-52.6594471931458));
#10311=CARTESIAN_POINT('Ctrl Pts',(-0.684722297207962,-35.,-52.7043551935767));
#10312=CARTESIAN_POINT('Ctrl Pts',(-0.482197109767029,-35.,-52.7829411990451));
#10313=CARTESIAN_POINT('Ctrl Pts',(-0.279671922326088,-35.,-52.8615272045135));
#10314=CARTESIAN_POINT('',(-3.53001333773136,-35.,-53.5675299167633));
#10315=CARTESIAN_POINT('Ctrl Pts',(-3.53001333773136,-35.,-53.5675299167633));
#10316=CARTESIAN_POINT('Ctrl Pts',(-3.25484608682596,-35.,-53.2830329464987));
#10317=CARTESIAN_POINT('Ctrl Pts',(-2.97967883592057,-35.,-52.9985359762342));
#10318=CARTESIAN_POINT('Ctrl Pts',(-2.64495112001896,-35.,-52.8359472751617));
#10319=CARTESIAN_POINT('Ctrl Pts',(-2.31653088944184,-35.,-52.6764223354608));
#10320=CARTESIAN_POINT('Ctrl Pts',(-1.93077371575945,-35.,-52.6342545637265));
#10321=CARTESIAN_POINT('Ctrl Pts',(-1.54501654207706,-35.,-52.5920867919922));
#10322=CARTESIAN_POINT('',(-3.53001333773136,-35.,-50.));
#10323=CARTESIAN_POINT('',(-3.53001333773136,-35.,-38.));
#10324=CARTESIAN_POINT('',(-4.75784279406071,-35.,-50.));
#10325=CARTESIAN_POINT('',(-20.7539213970304,-35.,-50.));
#10326=CARTESIAN_POINT('',(-4.75784279406071,-35.,-56.0066560111256));
#10327=CARTESIAN_POINT('',(-4.75784279406071,-35.,-43.));
#10328=CARTESIAN_POINT('',(-3.62005425734762,-35.,-56.0066560111256));
#10329=CARTESIAN_POINT('',(-20.7539213970304,-35.,-56.0066560111256));
#10330=CARTESIAN_POINT('',(-3.04569937288761,-35.,-54.3008178472519));
#10331=CARTESIAN_POINT('Ctrl Pts',(-3.04569937288761,-35.,-54.3008178472519));
#10332=CARTESIAN_POINT('Ctrl Pts',(-3.21635403811034,-35.,-54.5784663555225));
#10333=CARTESIAN_POINT('Ctrl Pts',(-3.38700870333308,-35.,-54.8561148637932));
#10334=CARTESIAN_POINT('Ctrl Pts',(-3.48567701876164,-35.,-55.1560366153717));
#10335=CARTESIAN_POINT('Ctrl Pts',(-3.57447653436428,-35.,-55.4259602088089));
#10336=CARTESIAN_POINT('Ctrl Pts',(-3.60496969143804,-35.,-55.713924329563));
#10337=CARTESIAN_POINT('Ctrl Pts',(-3.62005425734763,-35.,-56.0066560111256));
#10338=CARTESIAN_POINT('',(-1.65415979921818,-35.,-53.6016362905502));
#10339=CARTESIAN_POINT('Ctrl Pts',(-1.65415979921818,-35.,-53.6016362905502));
#10340=CARTESIAN_POINT('Ctrl Pts',(-1.91663862569545,-35.,-53.6347671195082));
#10341=CARTESIAN_POINT('Ctrl Pts',(-2.17911745217272,-35.,-53.6678979484661));
#10342=CARTESIAN_POINT('Ctrl Pts',(-2.40450121462346,-35.,-53.7764316797256));
#10343=CARTESIAN_POINT('Ctrl Pts',(-2.64681994765438,-35.,-53.8931204596269));
#10344=CARTESIAN_POINT('Ctrl Pts',(-2.84625966027099,-35.,-54.0969691534394));
#10345=CARTESIAN_POINT('Ctrl Pts',(-3.04569937288761,-35.,-54.3008178472519));
#10346=CARTESIAN_POINT('',(-0.293314233422279,-35.,-54.2769432067871));
#10347=CARTESIAN_POINT('Ctrl Pts',(-0.293314233422279,-35.,-54.2769432067871));
#10348=CARTESIAN_POINT('Ctrl Pts',(-0.486797038662545,-35.,-54.0800236555551));
#10349=CARTESIAN_POINT('Ctrl Pts',(-0.680279843902819,-35.,-53.8831041043232));
#10350=CARTESIAN_POINT('Ctrl Pts',(-0.91490246355534,-35.,-53.7704628705978));
#10351=CARTESIAN_POINT('Ctrl Pts',(-1.13679130967569,-35.,-53.663935062606));
#10352=CARTESIAN_POINT('Ctrl Pts',(-1.39547555444693,-35.,-53.6327856765781));
#10353=CARTESIAN_POINT('Ctrl Pts',(-1.65415979921818,-35.,-53.6016362905502));
#10354=CARTESIAN_POINT('Ctrl Pts',(0.259103879865693,-35.,-56.0066560111256));
#10355=CARTESIAN_POINT('Ctrl Pts',(0.246087306582001,-35.,-55.7082424374878));
#10356=CARTESIAN_POINT('Ctrl Pts',(0.216371851790957,-35.,-55.4147150110773));
#10357=CARTESIAN_POINT('Ctrl Pts',(0.128753408789632,-35.,-55.1381301879883));
#10358=CARTESIAN_POINT('Ctrl Pts',(0.0335954106977544,-35.,-54.8377452785309));
#10359=CARTESIAN_POINT('Ctrl Pts',(-0.129859411362259,-35.,-54.557344242659));
#10360=CARTESIAN_POINT('Ctrl Pts',(-0.293314233422279,-35.,-54.2769432067871));
#10361=CARTESIAN_POINT('',(12.0020511001348,-35.,-56.207367181778));
#10362=CARTESIAN_POINT('',(12.0020511001348,-35.,-60.));
#10363=CARTESIAN_POINT('',(12.0020511001349,-35.,-41.103683590889));
#10364=CARTESIAN_POINT('',(12.2066905349493,-35.,-54.7748976945877));
#10365=CARTESIAN_POINT('Ctrl Pts',(12.2066905349493,-35.,-54.7748976945877));
#10366=CARTESIAN_POINT('Ctrl Pts',(12.1470207627217,-35.,-55.0021740434468));
#10367=CARTESIAN_POINT('Ctrl Pts',(12.0873509904942,-35.,-55.229450392306));
#10368=CARTESIAN_POINT('Ctrl Pts',(12.0532109588385,-35.,-55.4604369401932));
#10369=CARTESIAN_POINT('Ctrl Pts',(12.0168271717915,-35.,-55.7066044146059));
#10370=CARTESIAN_POINT('Ctrl Pts',(12.0094391359632,-35.,-55.9569857981919));
#10371=CARTESIAN_POINT('Ctrl Pts',(12.0020511001348,-35.,-56.207367181778));
#10372=CARTESIAN_POINT('',(12.6637151092291,-35.,-54.1030013561249));
#10373=CARTESIAN_POINT('Ctrl Pts',(12.6637151092291,-35.,-54.1030013561249));
#10374=CARTESIAN_POINT('Ctrl Pts',(12.5638748611541,-35.,-54.1936322367808));
#10375=CARTESIAN_POINT('Ctrl Pts',(12.4640346130792,-35.,-54.2842631174368));
#10376=CARTESIAN_POINT('Ctrl Pts',(12.3891570419073,-35.,-54.3920534849167));
#10377=CARTESIAN_POINT('Ctrl Pts',(12.3095014764376,-35.,-54.5067220370534));
#10378=CARTESIAN_POINT('Ctrl Pts',(12.2580960056935,-35.,-54.6408098658206));
#10379=CARTESIAN_POINT('Ctrl Pts',(12.2066905349493,-35.,-54.7748976945877));
#10380=CARTESIAN_POINT('',(13.386771902442,-35.,-53.8608455657959));
#10381=CARTESIAN_POINT('Ctrl Pts',(13.386771902442,-35.,-53.8608455657959));
#10382=CARTESIAN_POINT('Ctrl Pts',(13.2560542395334,-35.,-53.8709168670754));
#10383=CARTESIAN_POINT('Ctrl Pts',(13.1253365766248,-35.,-53.8809881683548));
#10384=CARTESIAN_POINT('Ctrl Pts',(13.0047776550055,-35.,-53.9213848114014));
#10385=CARTESIAN_POINT('Ctrl Pts',(12.8843301585666,-35.,-53.9617441183206));
#10386=CARTESIAN_POINT('Ctrl Pts',(12.7740226338979,-35.,-54.0323727372227));
#10387=CARTESIAN_POINT('Ctrl Pts',(12.6637151092291,-35.,-54.1030013561249));
#10388=CARTESIAN_POINT('',(14.2871787399054,-35.,-54.1268759965897));
#10389=CARTESIAN_POINT('Ctrl Pts',(14.2871787399054,-35.,-54.1268759965897));
#10390=CARTESIAN_POINT('Ctrl Pts',(14.1403101918722,-35.,-54.0493198779746));
#10391=CARTESIAN_POINT('Ctrl Pts',(13.993441643839,-35.,-53.9717637593595));
#10392=CARTESIAN_POINT('Ctrl Pts',(13.8369729369879,-35.,-53.9273536205292));
#10393=CARTESIAN_POINT('Ctrl Pts',(13.692371986397,-35.,-53.8863118785734));
#10394=CARTESIAN_POINT('Ctrl Pts',(13.5395719444195,-35.,-53.8735787221847));
#10395=CARTESIAN_POINT('Ctrl Pts',(13.386771902442,-35.,-53.8608455657959));
#10396=CARTESIAN_POINT('',(14.7100999206305,-35.,-52.9877215623856));
#10397=CARTESIAN_POINT('',(15.9961072327488,-35.,-49.5238115035259));
#10398=CARTESIAN_POINT('',(13.448159918189,-35.,-52.5920873880386));
#10399=CARTESIAN_POINT('Ctrl Pts',(13.448159918189,-35.,-52.5920873880386));
#10400=CARTESIAN_POINT('Ctrl Pts',(13.660860892315,-35.,-52.6116970202444));
#10401=CARTESIAN_POINT('Ctrl Pts',(13.8735618664409,-35.,-52.6313066524503));
#10402=CARTESIAN_POINT('Ctrl Pts',(14.0740134567022,-35.,-52.6909959316254));
#10403=CARTESIAN_POINT('Ctrl Pts',(14.2960631199309,-35.,-52.7571165561707));
#10404=CARTESIAN_POINT('Ctrl Pts',(14.5030815202807,-35.,-52.8724190592782));
#10405=CARTESIAN_POINT('Ctrl Pts',(14.7100999206305,-35.,-52.9877215623856));
#10406=CARTESIAN_POINT('',(12.6603057235479,-35.,-52.8376531600952));
#10407=CARTESIAN_POINT('Ctrl Pts',(12.6603057235479,-35.,-52.8376531600952));
#10408=CARTESIAN_POINT('Ctrl Pts',(12.782461253477,-35.,-52.7660300423847));
#10409=CARTESIAN_POINT('Ctrl Pts',(12.9046167834061,-35.,-52.6944069246743));
#10410=CARTESIAN_POINT('Ctrl Pts',(13.0363252013922,-35.,-52.6534789800644));
#10411=CARTESIAN_POINT('Ctrl Pts',(13.1673051060959,-35.,-52.6127774184886));
#10412=CARTESIAN_POINT('Ctrl Pts',(13.3077325121424,-35.,-52.6024324032636));
#10413=CARTESIAN_POINT('Ctrl Pts',(13.448159918189,-35.,-52.5920873880386));
#10414=CARTESIAN_POINT('',(11.8792655318975,-35.,-53.8540244102478));
#10415=CARTESIAN_POINT('Ctrl Pts',(11.8792655318975,-35.,-53.8540244102478));
#10416=CARTESIAN_POINT('Ctrl Pts',(12.0023611459082,-35.,-53.6308867282349));
#10417=CARTESIAN_POINT('Ctrl Pts',(12.1254567599188,-35.,-53.4077490462219));
#10418=CARTESIAN_POINT('Ctrl Pts',(12.2859885543585,-35.,-53.2145291566849));
#10419=CARTESIAN_POINT('Ctrl Pts',(12.3985012134178,-35.,-53.0791062416739));
#10420=CARTESIAN_POINT('Ctrl Pts',(12.5294034684829,-35.,-52.9583797008846));
#10421=CARTESIAN_POINT('Ctrl Pts',(12.6603057235479,-35.,-52.8376531600952));
#10422=CARTESIAN_POINT('',(11.8792655318975,-35.,-52.7557981014252));
#10423=CARTESIAN_POINT('',(11.8792655318975,-35.,-39.3778990507126));
#10424=CARTESIAN_POINT('',(10.7742192596197,-35.,-52.7557981014252));
#10425=CARTESIAN_POINT('',(-12.9878903701901,-35.,-52.7557981014252));
#10426=CARTESIAN_POINT('',(10.7742192596197,-35.,-60.));
#10427=CARTESIAN_POINT('',(10.7742192596197,-35.,-43.));
#10428=CARTESIAN_POINT('',(-12.3739744499326,-35.,-60.));
#10429=CARTESIAN_POINT('',(32.2135093063116,-35.,-50.));
#10430=CARTESIAN_POINT('',(32.2135093063116,-35.,-51.4120054244995));
#10431=CARTESIAN_POINT('',(32.2135093063116,-35.,-38.));
#10432=CARTESIAN_POINT('',(30.9856774657965,-35.,-50.));
#10433=CARTESIAN_POINT('',(-2.88216126710177,-35.,-50.));
#10434=CARTESIAN_POINT('',(30.9856774657965,-35.,-51.4120054244995));
#10435=CARTESIAN_POINT('',(30.9856774657965,-35.,-38.7060027122498));
#10436=CARTESIAN_POINT('',(-2.2682453468442,-35.,-51.4120054244995));
#10437=CARTESIAN_POINT('',(35.310371145606,-35.,-56.043655872345));
#10438=CARTESIAN_POINT('',(35.310371145606,-35.,-60.));
#10439=CARTESIAN_POINT('',(35.310371145606,-35.,-41.0218279361725));
#10440=CARTESIAN_POINT('',(35.8799483627081,-35.,-54.1541612148285));
#10441=CARTESIAN_POINT('Ctrl Pts',(35.8799483627081,-35.,-54.1541612148285));
#10442=CARTESIAN_POINT('Ctrl Pts',(35.7149674317695,-35.,-54.3869260757368));
#10443=CARTESIAN_POINT('Ctrl Pts',(35.5499865008309,-35.,-54.619690936645));
#10444=CARTESIAN_POINT('Ctrl Pts',(35.4527642577887,-35.,-54.8755121231079));
#10445=CARTESIAN_POINT('Ctrl Pts',(35.316293829203,-35.,-55.234607180632));
#10446=CARTESIAN_POINT('Ctrl Pts',(35.3133324874045,-35.,-55.6391315264885));
#10447=CARTESIAN_POINT('Ctrl Pts',(35.310371145606,-35.,-56.043655872345));
#10448=CARTESIAN_POINT('',(37.2339751571417,-35.,-53.6562073230743));
#10449=CARTESIAN_POINT('Ctrl Pts',(37.2339751571417,-35.,-53.6562073230743));
#10450=CARTESIAN_POINT('Ctrl Pts',(36.9824118633719,-35.,-53.6761148000331));
#10451=CARTESIAN_POINT('Ctrl Pts',(36.730848569602,-35.,-53.6960222769918));
#10452=CARTESIAN_POINT('Ctrl Pts',(36.5032412856817,-35.,-53.7806957960129));
#10453=CARTESIAN_POINT('Ctrl Pts',(36.2801311833884,-35.,-53.8636962921523));
#10454=CARTESIAN_POINT('Ctrl Pts',(36.0800397730483,-35.,-54.0089287534904));
#10455=CARTESIAN_POINT('Ctrl Pts',(35.8799483627081,-35.,-54.1541612148285));
#10456=CARTESIAN_POINT('',(38.0900409072638,-35.,-53.8778990507126));
#10457=CARTESIAN_POINT('Ctrl Pts',(38.0900409072638,-35.,-53.8778990507126));
#10458=CARTESIAN_POINT('Ctrl Pts',(37.9603172389891,-35.,-53.8132632025716));
#10459=CARTESIAN_POINT('Ctrl Pts',(37.8305935707144,-35.,-53.7486273544307));
#10460=CARTESIAN_POINT('Ctrl Pts',(37.693560346961,-35.,-53.7116301059723));
#10461=CARTESIAN_POINT('Ctrl Pts',(37.5460146659331,-35.,-53.671794626149));
#10462=CARTESIAN_POINT('Ctrl Pts',(37.3899949115374,-35.,-53.6640009746117));
#10463=CARTESIAN_POINT('Ctrl Pts',(37.2339751571417,-35.,-53.6562073230743));
#10464=CARTESIAN_POINT('',(38.5982253402472,-35.,-54.471350312233));
#10465=CARTESIAN_POINT('Ctrl Pts',(38.5982253402472,-35.,-54.471350312233));
#10466=CARTESIAN_POINT('Ctrl Pts',(38.5401323582158,-35.,-54.3530190549818));
#10467=CARTESIAN_POINT('Ctrl Pts',(38.4820393761844,-35.,-54.2346877977307));
#10468=CARTESIAN_POINT('Ctrl Pts',(38.3995559066534,-35.,-54.1371077299118));
#10469=CARTESIAN_POINT('Ctrl Pts',(38.3139137728917,-35.,-54.0357908809947));
#10470=CARTESIAN_POINT('Ctrl Pts',(38.2019773400777,-35.,-53.9568449658536));
#10471=CARTESIAN_POINT('Ctrl Pts',(38.0900409072638,-35.,-53.8778990507126));
#10472=CARTESIAN_POINT('',(38.7414767593145,-35.,-55.5934512615204));
#10473=CARTESIAN_POINT('Ctrl Pts',(38.7414767593145,-35.,-55.5934512615204));
#10474=CARTESIAN_POINT('Ctrl Pts',(38.740298479447,-35.,-55.373364558635));
#10475=CARTESIAN_POINT('Ctrl Pts',(38.7391201995796,-35.,-55.1532778557496));
#10476=CARTESIAN_POINT('Ctrl Pts',(38.7056662887335,-35.,-54.9377554655075));
#10477=CARTESIAN_POINT('Ctrl Pts',(38.6812831944791,-35.,-54.7806706098868));
#10478=CARTESIAN_POINT('Ctrl Pts',(38.6397542673631,-35.,-54.6260104610599));
#10479=CARTESIAN_POINT('Ctrl Pts',(38.5982253402472,-35.,-54.471350312233));
#10480=CARTESIAN_POINT('',(38.7414767593145,-35.,-60.));
#10481=CARTESIAN_POINT('',(38.7414767593145,-35.,-43.));
#10482=CARTESIAN_POINT('',(39.9693038314581,-35.,-60.));
#10483=CARTESIAN_POINT('',(1.60965191572904,-35.,-60.));
#10484=CARTESIAN_POINT('',(39.9693038314581,-35.,-55.5457025766373));
#10485=CARTESIAN_POINT('',(39.9693038314581,-35.,-40.7728512883186));
#10486=CARTESIAN_POINT('',(39.9010970443487,-35.,-54.351978302002));
#10487=CARTESIAN_POINT('Ctrl Pts',(39.9010970443487,-35.,-54.351978302002));
#10488=CARTESIAN_POINT('Ctrl Pts',(39.9207806512021,-35.,-54.5081250418422));
#10489=CARTESIAN_POINT('Ctrl Pts',(39.9404642580554,-35.,-54.6642717816824));
#10490=CARTESIAN_POINT('Ctrl Pts',(39.9522521346807,-35.,-54.8209410905838));
#10491=CARTESIAN_POINT('Ctrl Pts',(39.9703673684573,-35.,-55.0617055002033));
#10492=CARTESIAN_POINT('Ctrl Pts',(39.9698355999577,-35.,-55.3037040384203));
#10493=CARTESIAN_POINT('Ctrl Pts',(39.9693038314581,-35.,-55.5457025766373));
#10494=CARTESIAN_POINT('',(39.5191027969122,-35.,-53.4447473287582));
#10495=CARTESIAN_POINT('Ctrl Pts',(39.5191027969122,-35.,-53.4447473287582));
#10496=CARTESIAN_POINT('Ctrl Pts',(39.6038006579493,-35.,-53.5808723573152));
#10497=CARTESIAN_POINT('Ctrl Pts',(39.6884985189865,-35.,-53.7169973858721));
#10498=CARTESIAN_POINT('Ctrl Pts',(39.751026853919,-35.,-53.8625514507294));
#10499=CARTESIAN_POINT('Ctrl Pts',(39.8180118260061,-35.,-54.018479718804));
#10500=CARTESIAN_POINT('Ctrl Pts',(39.8595544351774,-35.,-54.185229010403));
#10501=CARTESIAN_POINT('Ctrl Pts',(39.9010970443487,-35.,-54.351978302002));
#10502=CARTESIAN_POINT('',(38.6971404403448,-35.,-52.8274214267731));
#10503=CARTESIAN_POINT('Ctrl Pts',(38.6971404403448,-35.,-52.8274214267731));
#10504=CARTESIAN_POINT('Ctrl Pts',(38.865292502438,-35.,-52.9074472320027));
#10505=CARTESIAN_POINT('Ctrl Pts',(39.0334445645313,-35.,-52.9874730372323));
#10506=CARTESIAN_POINT('Ctrl Pts',(39.1771819442511,-35.,-53.0994200706482));
#10507=CARTESIAN_POINT('Ctrl Pts',(39.3037822654514,-35.,-53.1980202428199));
#10508=CARTESIAN_POINT('Ctrl Pts',(39.4114425311818,-35.,-53.3213837857891));
#10509=CARTESIAN_POINT('Ctrl Pts',(39.5191027969122,-35.,-53.4447473287582));
#10510=CARTESIAN_POINT('',(37.4931838363409,-35.,-52.5920873880386));
#10511=CARTESIAN_POINT('Ctrl Pts',(37.4931838363409,-35.,-52.5920873880386));
#10512=CARTESIAN_POINT('Ctrl Pts',(37.7047852403532,-35.,-52.6009319043868));
#10513=CARTESIAN_POINT('Ctrl Pts',(37.9163866443655,-35.,-52.6097764207349));
#10514=CARTESIAN_POINT('Ctrl Pts',(38.1215932220221,-35.,-52.6509207487106));
#10515=CARTESIAN_POINT('Ctrl Pts',(38.3173207498568,-35.,-52.6901645082971));
#10516=CARTESIAN_POINT('Ctrl Pts',(38.5072305951008,-35.,-52.7587929675351));
#10517=CARTESIAN_POINT('Ctrl Pts',(38.6971404403448,-35.,-52.8274214267731));
#10518=CARTESIAN_POINT('',(35.1875855773687,-35.,-53.785811662674));
#10519=CARTESIAN_POINT('Ctrl Pts',(35.1875855773687,-35.,-53.785811662674));
#10520=CARTESIAN_POINT('Ctrl Pts',(35.4867471127783,-35.,-53.4376628637006));
#10521=CARTESIAN_POINT('Ctrl Pts',(35.7859086481878,-35.,-53.0895140647272));
#10522=CARTESIAN_POINT('Ctrl Pts',(36.1630322784185,-35.,-52.8905183076859));
#10523=CARTESIAN_POINT('Ctrl Pts',(36.5513189167929,-35.,-52.6856321977779));
#10524=CARTESIAN_POINT('Ctrl Pts',(37.0222513765669,-35.,-52.6388597929083));
#10525=CARTESIAN_POINT('Ctrl Pts',(37.4931838363409,-35.,-52.5920873880386));
#10526=CARTESIAN_POINT('',(35.1875855773687,-35.,-52.7557981014252));
#10527=CARTESIAN_POINT('',(35.1875855773687,-35.,-39.3778990507126));
#10528=CARTESIAN_POINT('',(34.0825393050909,-35.,-52.7557981014252));
#10529=CARTESIAN_POINT('',(-1.33373034745455,-35.,-52.7557981014252));
#10530=CARTESIAN_POINT('',(34.0825393050909,-35.,-60.));
#10531=CARTESIAN_POINT('',(34.0825393050909,-35.,-43.));
#10532=CARTESIAN_POINT('',(-0.719814427196981,-35.,-60.));
#10533=CARTESIAN_POINT('',(43.086626753211,-35.,-50.));
#10534=CARTESIAN_POINT('',(43.086626753211,-35.,-51.4120054244995));
#10535=CARTESIAN_POINT('',(43.086626753211,-35.,-38.));
#10536=CARTESIAN_POINT('',(41.8587996810675,-35.,-50.));
#10537=CARTESIAN_POINT('',(2.55439984053373,-35.,-50.));
#10538=CARTESIAN_POINT('',(41.8587996810675,-35.,-51.4120054244995));
#10539=CARTESIAN_POINT('',(41.8587996810675,-35.,-38.7060027122498));
#10540=CARTESIAN_POINT('',(3.16831337660551,-35.,-51.4120054244995));
#10541=CARTESIAN_POINT('',(32.2135093063116,-35.,-52.7557981014252));
#10542=CARTESIAN_POINT('',(32.2135093063116,-35.,-60.));
#10543=CARTESIAN_POINT('',(32.2135093063116,-35.,-39.3778990507126));
#10544=CARTESIAN_POINT('',(30.9856774657965,-35.,-52.7557981014252));
#10545=CARTESIAN_POINT('',(-2.88216126710177,-35.,-52.7557981014252));
#10546=CARTESIAN_POINT('',(30.9856774657965,-35.,-60.));
#10547=CARTESIAN_POINT('',(30.9856774657965,-35.,-43.));
#10548=CARTESIAN_POINT('',(-2.2682453468442,-35.,-60.));
#10549=CARTESIAN_POINT('',(24.4372441619635,-35.,-56.0368347167969));
#10550=CARTESIAN_POINT('',(24.4372441619635,-35.,-60.));
#10551=CARTESIAN_POINT('',(24.4372441619635,-35.,-41.0184173583984));
#10552=CARTESIAN_POINT('',(24.6418835967779,-35.,-54.6998637914658));
#10553=CARTESIAN_POINT('Ctrl Pts',(24.6418835967779,-35.,-54.6998637914658));
#10554=CARTESIAN_POINT('Ctrl Pts',(24.5824256353249,-35.,-54.8906254659889));
#10555=CARTESIAN_POINT('Ctrl Pts',(24.5229676738719,-35.,-55.081387140512));
#10556=CARTESIAN_POINT('Ctrl Pts',(24.4884087890387,-35.,-55.2762615680695));
#10557=CARTESIAN_POINT('Ctrl Pts',(24.4442431044889,-35.,-55.5253078708032));
#10558=CARTESIAN_POINT('Ctrl Pts',(24.4407436332262,-35.,-55.7810712938001));
#10559=CARTESIAN_POINT('Ctrl Pts',(24.4372441619635,-35.,-56.0368347167969));
#10560=CARTESIAN_POINT('',(25.3274180740118,-35.,-53.9324694871902));
#10561=CARTESIAN_POINT('Ctrl Pts',(25.3274180740118,-35.,-53.9324694871902));
#10562=CARTESIAN_POINT('Ctrl Pts',(25.1792029437205,-35.,-54.033879832592));
#10563=CARTESIAN_POINT('Ctrl Pts',(25.0309878134291,-35.,-54.1352901779938));
#10564=CARTESIAN_POINT('Ctrl Pts',(24.9155881255865,-35.,-54.2658591270447));
#10565=CARTESIAN_POINT('Ctrl Pts',(24.8038382782796,-35.,-54.3922984648994));
#10566=CARTESIAN_POINT('Ctrl Pts',(24.7228609375288,-35.,-54.5460811281826));
#10567=CARTESIAN_POINT('Ctrl Pts',(24.6418835967779,-35.,-54.6998637914658));
#10568=CARTESIAN_POINT('',(26.3540246337652,-35.,-53.6493861675262));
#10569=CARTESIAN_POINT('Ctrl Pts',(26.3540246337652,-35.,-53.6493861675262));
#10570=CARTESIAN_POINT('Ctrl Pts',(26.1743568112307,-35.,-53.6614568843945));
#10571=CARTESIAN_POINT('Ctrl Pts',(25.9946889886963,-35.,-53.6735276012627));
#10572=CARTESIAN_POINT('Ctrl Pts',(25.8245208114386,-35.,-53.7201571464539));
#10573=CARTESIAN_POINT('Ctrl Pts',(25.6523357921091,-35.,-53.7673393474355));
#10574=CARTESIAN_POINT('Ctrl Pts',(25.4898769330605,-35.,-53.8499044173129));
#10575=CARTESIAN_POINT('Ctrl Pts',(25.3274180740118,-35.,-53.9324694871902));
#10576=CARTESIAN_POINT('',(27.4829461425543,-35.,-54.068894982338));
#10577=CARTESIAN_POINT('Ctrl Pts',(27.4829461425543,-35.,-54.068894982338));
#10578=CARTESIAN_POINT('Ctrl Pts',(27.329079400279,-35.,-53.946677679242));
#10579=CARTESIAN_POINT('Ctrl Pts',(27.1752126580037,-35.,-53.824460376146));
#10580=CARTESIAN_POINT('Ctrl Pts',(27.0011927932501,-35.,-53.7542635202408));
#10581=CARTESIAN_POINT('Ctrl Pts',(26.802912692395,-35.,-53.6742804695224));
#10582=CARTESIAN_POINT('Ctrl Pts',(26.5784686630801,-35.,-53.6618333185243));
#10583=CARTESIAN_POINT('Ctrl Pts',(26.3540246337652,-35.,-53.6493861675262));
#10584=CARTESIAN_POINT('',(27.8819920867682,-35.,-55.4092764854431));
#10585=CARTESIAN_POINT('Ctrl Pts',(27.8819920867682,-35.,-55.4092764854431));
#10586=CARTESIAN_POINT('Ctrl Pts',(27.87560929695,-35.,-55.1353867846327));
#10587=CARTESIAN_POINT('Ctrl Pts',(27.8692265071319,-35.,-54.8614970838223));
#10588=CARTESIAN_POINT('Ctrl Pts',(27.7822282165289,-35.,-54.6137446165085));
#10589=CARTESIAN_POINT('Ctrl Pts',(27.7147753104954,-35.,-54.421653211247));
#10590=CARTESIAN_POINT('Ctrl Pts',(27.5988607265249,-35.,-54.2452740967925));
#10591=CARTESIAN_POINT('Ctrl Pts',(27.4829461425543,-35.,-54.068894982338));
#10592=CARTESIAN_POINT('',(27.8819920867682,-35.,-60.));
#10593=CARTESIAN_POINT('',(27.8819920867682,-35.,-43.));
#10594=CARTESIAN_POINT('',(29.1098239272833,-35.,-60.));
#10595=CARTESIAN_POINT('',(-3.82008803635836,-35.,-60.));
#10596=CARTESIAN_POINT('',(29.1098239272833,-35.,-55.4092764854431));
#10597=CARTESIAN_POINT('',(29.1098239272833,-35.,-40.7046382427216));
#10598=CARTESIAN_POINT('',(28.8540246337652,-35.,-53.785811662674));
#10599=CARTESIAN_POINT('Ctrl Pts',(28.8540246337652,-35.,-53.785811662674));
#10600=CARTESIAN_POINT('Ctrl Pts',(28.9282736478786,-35.,-54.0125515913191));
#10601=CARTESIAN_POINT('Ctrl Pts',(29.0025226619919,-35.,-54.2392915199642));
#10602=CARTESIAN_POINT('Ctrl Pts',(29.0458705276251,-35.,-54.4713509082794));
#10603=CARTESIAN_POINT('Ctrl Pts',(29.103115634209,-35.,-54.7778080826722));
#10604=CARTESIAN_POINT('Ctrl Pts',(29.1064697807461,-35.,-55.0935422840577));
#10605=CARTESIAN_POINT('Ctrl Pts',(29.1098239272833,-35.,-55.4092764854431));
#10606=CARTESIAN_POINT('',(28.0047728866339,-35.,-52.9092770814896));
#10607=CARTESIAN_POINT('Ctrl Pts',(28.0047728866339,-35.,-52.9092770814896));
#10608=CARTESIAN_POINT('Ctrl Pts',(28.1874155509599,-35.,-53.0227292316453));
#10609=CARTESIAN_POINT('Ctrl Pts',(28.370058215286,-35.,-53.136181381801));
#10610=CARTESIAN_POINT('Ctrl Pts',(28.5138108581305,-35.,-53.2870054244995));
#10611=CARTESIAN_POINT('Ctrl Pts',(28.6507388197212,-35.,-53.4306690700294));
#10612=CARTESIAN_POINT('Ctrl Pts',(28.7523817267432,-35.,-53.6082403663517));
#10613=CARTESIAN_POINT('Ctrl Pts',(28.8540246337652,-35.,-53.785811662674));
#10614=CARTESIAN_POINT('',(26.6064097732306,-35.,-52.5920873880386));
#10615=CARTESIAN_POINT('Ctrl Pts',(26.6064097732306,-35.,-52.5920873880386));
#10616=CARTESIAN_POINT('Ctrl Pts',(26.860789048526,-35.,-52.60265198487));
#10617=CARTESIAN_POINT('Ctrl Pts',(27.1151683238215,-35.,-52.6132165817013));
#10618=CARTESIAN_POINT('Ctrl Pts',(27.3584582656622,-35.,-52.6713848114014));
#10619=CARTESIAN_POINT('Ctrl Pts',(27.5800282702065,-35.,-52.7243600179449));
#10620=CARTESIAN_POINT('Ctrl Pts',(27.7924005784202,-35.,-52.8168185497173));
#10621=CARTESIAN_POINT('Ctrl Pts',(28.0047728866339,-35.,-52.9092770814896));
#10622=CARTESIAN_POINT('',(24.4372441619635,-35.,-53.5879945755005));
#10623=CARTESIAN_POINT('Ctrl Pts',(24.4372441619635,-35.,-53.5879945755005));
#10624=CARTESIAN_POINT('Ctrl Pts',(24.7422180280143,-35.,-53.2975218551409));
#10625=CARTESIAN_POINT('Ctrl Pts',(25.0471918940652,-35.,-53.0070491347813));
#10626=CARTESIAN_POINT('Ctrl Pts',(25.4092767089605,-35.,-52.8410643339157));
#10627=CARTESIAN_POINT('Ctrl Pts',(25.770440538514,-35.,-52.6755017257582));
#10628=CARTESIAN_POINT('Ctrl Pts',(26.1884251558723,-35.,-52.6337945568984));
#10629=CARTESIAN_POINT('Ctrl Pts',(26.6064097732306,-35.,-52.5920873880386));
#10630=CARTESIAN_POINT('',(24.4372441619635,-35.,-50.));
#10631=CARTESIAN_POINT('',(24.4372441619635,-35.,-38.));
#10632=CARTESIAN_POINT('',(23.2094123214483,-35.,-50.));
#10633=CARTESIAN_POINT('',(-6.77029383927584,-35.,-50.));
#10634=CARTESIAN_POINT('',(23.2094123214483,-35.,-60.));
#10635=CARTESIAN_POINT('',(23.2094123214483,-35.,-43.));
#10636=CARTESIAN_POINT('',(-6.15637791901827,-35.,-60.));
#10637=CARTESIAN_POINT('',(43.086626753211,-35.,-52.7557981014252));
#10638=CARTESIAN_POINT('',(43.086626753211,-35.,-60.));
#10639=CARTESIAN_POINT('',(43.086626753211,-35.,-39.3778990507126));
#10640=CARTESIAN_POINT('',(41.8587996810675,-35.,-52.7557981014252));
#10641=CARTESIAN_POINT('',(2.55439984053373,-35.,-52.7557981014252));
#10642=CARTESIAN_POINT('',(41.8587996810675,-35.,-60.));
#10643=CARTESIAN_POINT('',(41.8587996810675,-35.,-43.));
#10644=CARTESIAN_POINT('',(3.16831337660551,-35.,-60.));
#10645=CARTESIAN_POINT('',(3.83684090340977,-35.,-56.0066560111256));
#10646=CARTESIAN_POINT('',(2.58010678173464,-35.,-56.0066560111256));
#10647=CARTESIAN_POINT('',(-17.0849466091327,-35.,-56.0066560111256));
#10648=CARTESIAN_POINT('',(4.43042539060116,-35.,-54.2974078655243));
#10649=CARTESIAN_POINT('Ctrl Pts',(4.43042539060116,-35.,-54.2974078655243));
#10650=CARTESIAN_POINT('Ctrl Pts',(4.25393278398572,-35.,-54.5778397613446));
#10651=CARTESIAN_POINT('Ctrl Pts',(4.07744017737029,-35.,-54.8582716571648));
#10652=CARTESIAN_POINT('Ctrl Pts',(3.97510312497616,-35.,-55.1620048284531));
#10653=CARTESIAN_POINT('Ctrl Pts',(3.88490967966733,-35.,-55.4296961536591));
#10654=CARTESIAN_POINT('Ctrl Pts',(3.85231694362421,-35.,-55.7154868647822));
#10655=CARTESIAN_POINT('Ctrl Pts',(3.83684090340977,-35.,-56.0066560111256));
#10656=CARTESIAN_POINT('',(5.95839284360409,-35.,-53.6084580421448));
#10657=CARTESIAN_POINT('Ctrl Pts',(5.95839284360409,-35.,-53.6084580421448));
#10658=CARTESIAN_POINT('Ctrl Pts',(5.66459158135039,-35.,-53.6370708868369));
#10659=CARTESIAN_POINT('Ctrl Pts',(5.3707903190967,-35.,-53.665683731529));
#10660=CARTESIAN_POINT('Ctrl Pts',(5.11596463620663,-35.,-53.7806951999664));
#10661=CARTESIAN_POINT('Ctrl Pts',(4.86155200058124,-35.,-53.8955202461724));
#10662=CARTESIAN_POINT('Ctrl Pts',(4.64598869559119,-35.,-54.0964640558483));
#10663=CARTESIAN_POINT('Ctrl Pts',(4.43042539060116,-35.,-54.2974078655243));
#10664=CARTESIAN_POINT('',(7.47612737119198,-35.,-54.3008184432983));
#10665=CARTESIAN_POINT('Ctrl Pts',(7.47612737119198,-35.,-54.3008184432983));
#10666=CARTESIAN_POINT('Ctrl Pts',(7.26101920186133,-35.,-54.0988814193348));
#10667=CARTESIAN_POINT('Ctrl Pts',(7.04591103253068,-35.,-53.8969443953713));
#10668=CARTESIAN_POINT('Ctrl Pts',(6.79144166409969,-35.,-53.7815481424332));
#10669=CARTESIAN_POINT('Ctrl Pts',(6.53948405608152,-35.,-53.6672909175113));
#10670=CARTESIAN_POINT('Ctrl Pts',(6.24893844984281,-35.,-53.637874479828));
#10671=CARTESIAN_POINT('Ctrl Pts',(5.95839284360409,-35.,-53.6084580421448));
#10672=CARTESIAN_POINT('',(8.07353373219554,-35.,-56.0066560111256));
#10673=CARTESIAN_POINT('Ctrl Pts',(8.07353373219554,-35.,-56.0066560111256));
#10674=CARTESIAN_POINT('Ctrl Pts',(8.05779366613652,-35.,-55.71325836627));
#10675=CARTESIAN_POINT('Ctrl Pts',(8.02579213223779,-35.,-55.4250705503527));
#10676=CARTESIAN_POINT('Ctrl Pts',(7.93400548398495,-35.,-55.1560366153717));
#10677=CARTESIAN_POINT('Ctrl Pts',(7.83129129560255,-35.,-54.8549731948753));
#10678=CARTESIAN_POINT('Ctrl Pts',(7.65370933339726,-35.,-54.5778958190868));
#10679=CARTESIAN_POINT('Ctrl Pts',(7.47612737119198,-35.,-54.3008184432983));
#10680=CARTESIAN_POINT('',(9.33363808208696,-35.,-56.0066560111256));
#10681=CARTESIAN_POINT('',(-17.0849466091327,-35.,-56.0066560111256));
#10682=CARTESIAN_POINT('',(8.40041421353817,-35.,-53.5709410905838));
#10683=CARTESIAN_POINT('Ctrl Pts',(8.40041421353817,-35.,-53.5709410905838));
#10684=CARTESIAN_POINT('Ctrl Pts',(8.67664243991823,-35.,-53.9451516987198));
#10685=CARTESIAN_POINT('Ctrl Pts',(8.95287066629829,-35.,-54.3193623068557));
#10686=CARTESIAN_POINT('Ctrl Pts',(9.11153577268125,-35.,-54.7365283966064));
#10687=CARTESIAN_POINT('Ctrl Pts',(9.26194841239661,-35.,-55.1319969037633));
#10688=CARTESIAN_POINT('Ctrl Pts',(9.30670924860319,-35.,-55.5660687084789));
#10689=CARTESIAN_POINT('Ctrl Pts',(9.33363808208696,-35.,-56.0066560111256));
#10690=CARTESIAN_POINT('',(5.95839284360409,-35.,-52.5920873880386));
#10691=CARTESIAN_POINT('Ctrl Pts',(5.95839284360409,-35.,-52.5920873880386));
#10692=CARTESIAN_POINT('Ctrl Pts',(6.429268428902,-35.,-52.6284801758976));
#10693=CARTESIAN_POINT('Ctrl Pts',(6.90014401419991,-35.,-52.6648729637565));
#10694=CARTESIAN_POINT('Ctrl Pts',(7.31582902371883,-35.,-52.8368008136749));
#10695=CARTESIAN_POINT('Ctrl Pts',(7.71053019233466,-35.,-53.0000497202423));
#10696=CARTESIAN_POINT('Ctrl Pts',(8.05547220293642,-35.,-53.285495405413));
#10697=CARTESIAN_POINT('Ctrl Pts',(8.40041421353817,-35.,-53.5709410905838));
#10698=CARTESIAN_POINT('',(3.68008397519588,-35.,-53.3969986438751));
#10699=CARTESIAN_POINT('Ctrl Pts',(3.68008397519588,-35.,-53.3969986438751));
#10700=CARTESIAN_POINT('Ctrl Pts',(4.01369481797798,-35.,-53.1622691677362));
#10701=CARTESIAN_POINT('Ctrl Pts',(4.34730566076008,-35.,-52.9275396915973));
#10702=CARTESIAN_POINT('Ctrl Pts',(4.71691869199276,-35.,-52.7933150529861));
#10703=CARTESIAN_POINT('Ctrl Pts',(5.10436940763242,-35.,-52.6526126753862));
#10704=CARTESIAN_POINT('Ctrl Pts',(5.53138112561826,-35.,-52.6223500317124));
#10705=CARTESIAN_POINT('Ctrl Pts',(5.95839284360409,-35.,-52.5920873880386));
#10706=CARTESIAN_POINT('Ctrl Pts',(2.58010678173464,-35.,-56.0066560111256));
#10707=CARTESIAN_POINT('Ctrl Pts',(2.60884469201907,-35.,-55.5234461067301));
#10708=CARTESIAN_POINT('Ctrl Pts',(2.66284012968451,-35.,-55.0502827674564));
#10709=CARTESIAN_POINT('Ctrl Pts',(2.84106753766537,-35.,-54.6265345811844));
#10710=CARTESIAN_POINT('Ctrl Pts',(3.02882471665434,-35.,-54.1801286946966));
#10711=CARTESIAN_POINT('Ctrl Pts',(3.35445434592511,-35.,-53.7885636692858));
#10712=CARTESIAN_POINT('Ctrl Pts',(3.68008397519588,-35.,-53.3969986438751));
#10713=CARTESIAN_POINT('',(-14.9965880066156,-35.,-51.4870393276215));
#10714=CARTESIAN_POINT('',(-14.9965880066156,-35.,-60.));
#10715=CARTESIAN_POINT('',(-14.9965880066156,-35.,-38.7435196638107));
#10716=CARTESIAN_POINT('',(-12.1043656021357,-35.,-60.));
#10717=CARTESIAN_POINT('',(-18.5575138316662,-35.,-41.0058185684721));
#10718=CARTESIAN_POINT('',(-10.910639539361,-35.,-60.));
#10719=CARTESIAN_POINT('',(-23.8303197696805,-35.,-60.));
#10720=CARTESIAN_POINT('',(-8.00477243959904,-35.,-51.6302865743637));
#10721=CARTESIAN_POINT('',(-5.58022909859857,-35.,-44.6469207645952));
#10722=CARTESIAN_POINT('',(-8.00477243959904,-35.,-60.));
#10723=CARTESIAN_POINT('',(-8.00477243959904,-35.,-43.));
#10724=CARTESIAN_POINT('',(-6.72919489443302,-35.,-60.));
#10725=CARTESIAN_POINT('',(-21.7395974472165,-35.,-60.));
#10726=CARTESIAN_POINT('',(-6.72919489443302,-35.,-50.));
#10727=CARTESIAN_POINT('',(-6.72919489443302,-35.,-38.));
#10728=CARTESIAN_POINT('',(-8.50954748690128,-35.,-50.));
#10729=CARTESIAN_POINT('',(-22.6297737434506,-35.,-50.));
#10730=CARTESIAN_POINT('',(-10.9038183838129,-35.,-56.9577080011368));
#10731=CARTESIAN_POINT('',(-7.50952592365214,-35.,-47.0939553912204));
#10732=CARTESIAN_POINT('',(-11.4358780533075,-35.,-58.5607087612152));
#10733=CARTESIAN_POINT('Ctrl Pts',(-11.4358780533075,-35.,-58.5607087612152));
#10734=CARTESIAN_POINT('Ctrl Pts',(-11.3636916464563,-35.,-58.335984937389));
#10735=CARTESIAN_POINT('Ctrl Pts',(-11.291505239605,-35.,-58.1112611135628));
#10736=CARTESIAN_POINT('Ctrl Pts',(-11.2175963073969,-35.,-57.8871071338654));
#10737=CARTESIAN_POINT('Ctrl Pts',(-11.1152075322983,-35.,-57.5765783421615));
#10738=CARTESIAN_POINT('Ctrl Pts',(-11.0095129580556,-35.,-57.2671431716491));
#10739=CARTESIAN_POINT('Ctrl Pts',(-10.9038183838129,-35.,-56.9577080011368));
#10740=CARTESIAN_POINT('',(-11.9133684784174,-35.,-57.0804911851883));
#10741=CARTESIAN_POINT('Ctrl Pts',(-11.9133684784174,-35.,-57.0804911851883));
#10742=CARTESIAN_POINT('Ctrl Pts',(-11.8181174593291,-35.,-57.3684040466531));
#10743=CARTESIAN_POINT('Ctrl Pts',(-11.7228664402408,-35.,-57.6563169081179));
#10744=CARTESIAN_POINT('Ctrl Pts',(-11.6302845627069,-35.,-57.9450881481171));
#10745=CARTESIAN_POINT('Ctrl Pts',(-11.5645863358243,-35.,-58.1500068530298));
#10746=CARTESIAN_POINT('Ctrl Pts',(-11.5002321945659,-35.,-58.3553578071225));
#10747=CARTESIAN_POINT('Ctrl Pts',(-11.4358780533075,-35.,-58.5607087612152));
#10748=CARTESIAN_POINT('',(-14.2803523689508,-35.,-50.));
#10749=CARTESIAN_POINT('',(-19.0179980687963,-35.,-35.8280156656491));
#10750=CARTESIAN_POINT('',(-16.2721679359674,-35.,-50.));
#10751=CARTESIAN_POINT('',(-26.5110839679837,-35.,-50.));
#10752=CARTESIAN_POINT('',(-16.2721679359674,-35.,-60.));
#10753=CARTESIAN_POINT('',(-16.2721679359674,-35.,-43.));
#10754=CARTESIAN_POINT('',(-25.8732940033078,-35.,-60.));
#10755=CARTESIAN_POINT('',(-27.1248290687799,-35.,-58.8199186325073));
#10756=CARTESIAN_POINT('',(-27.1248290687799,-35.,-60.));
#10757=CARTESIAN_POINT('',(-27.1248290687799,-35.,-42.4099593162537));
#10758=CARTESIAN_POINT('',(-32.0497939735651,-35.,-58.8199186325073));
#10759=CARTESIAN_POINT('',(-34.3998969867826,-35.,-58.8199186325073));
#10760=CARTESIAN_POINT('',(-32.0497939735651,-35.,-50.));
#10761=CARTESIAN_POINT('',(-32.0497939735651,-35.,-38.));
#10762=CARTESIAN_POINT('',(-33.3731231838465,-35.,-50.));
#10763=CARTESIAN_POINT('',(-35.0615615919232,-35.,-50.));
#10764=CARTESIAN_POINT('',(-33.3731231838465,-35.,-60.));
#10765=CARTESIAN_POINT('',(-33.3731231838465,-35.,-43.));
#10766=CARTESIAN_POINT('',(-31.93741453439,-35.,-60.));
#10767=CARTESIAN_POINT('',(-26.6473374515772,-35.,-60.));
#10768=CARTESIAN_POINT('',(-25.1111854092201,-35.,-56.000000834465));
#10769=CARTESIAN_POINT('',(-21.6070542456786,-35.,-46.8755643570812));
#10770=CARTESIAN_POINT('',(-25.2421531826258,-35.,-60.));
#10771=CARTESIAN_POINT('',(-30.9960765913129,-35.,-60.));
#10772=CARTESIAN_POINT('',(-24.1439268738031,-35.,-56.9713509082794));
#10773=CARTESIAN_POINT('',(-19.9136315351353,-35.,-45.305194277137));
#10774=CARTESIAN_POINT('',(-19.9624798446894,-35.,-56.9713509082794));
#10775=CARTESIAN_POINT('',(-28.3562399223447,-35.,-56.9713509082794));
#10776=CARTESIAN_POINT('',(-18.7960407882929,-35.,-60.));
#10777=CARTESIAN_POINT('',(-25.6571782454808,-35.,-42.1851149325552));
#10778=CARTESIAN_POINT('',(-17.28853918612,-35.,-60.));
#10779=CARTESIAN_POINT('',(-27.01926959306,-35.,-60.));
#10780=CARTESIAN_POINT('',(-18.9256466937138,-35.,-56.000000834465));
#10781=CARTESIAN_POINT('',(-26.6904904461982,-35.,-37.0279001102444));
#10782=CARTESIAN_POINT('',(-27.8378233468569,-35.,-56.000000834465));
#10783=CARTESIAN_POINT('',(3.49931977689266,-35.,-59.188266992569));
#10784=CARTESIAN_POINT('',(2.59673365394071,-35.,-57.0000008493662));
#10785=CARTESIAN_POINT('Ctrl Pts',(3.49931977689266,-35.,-59.188266992569));
#10786=CARTESIAN_POINT('Ctrl Pts',(3.22626923187404,-35.,-58.8050849084936));
#10787=CARTESIAN_POINT('Ctrl Pts',(2.95321868685543,-35.,-58.4219028244183));
#10788=CARTESIAN_POINT('Ctrl Pts',(2.79587529599667,-35.,-57.9979538917542));
#10789=CARTESIAN_POINT('Ctrl Pts',(2.67901662171524,-35.,-57.6830877256968));
#10790=CARTESIAN_POINT('Ctrl Pts',(2.62598210803447,-35.,-57.3457345327102));
#10791=CARTESIAN_POINT('Ctrl Pts',(2.59673365394071,-35.,-57.0000008493662));
#10792=CARTESIAN_POINT('',(5.95839284360409,-35.,-60.163711309433));
#10793=CARTESIAN_POINT('Ctrl Pts',(5.95839284360409,-35.,-60.163711309433));
#10794=CARTESIAN_POINT('Ctrl Pts',(5.48121031772031,-35.,-60.1287070718828));
#10795=CARTESIAN_POINT('Ctrl Pts',(5.00402779183654,-35.,-60.0937028343326));
#10796=CARTESIAN_POINT('Ctrl Pts',(4.58305142819881,-35.,-59.9198496341705));
#10797=CARTESIAN_POINT('Ctrl Pts',(4.18897194955302,-35.,-59.7571042061642));
#10798=CARTESIAN_POINT('Ctrl Pts',(3.84414586322284,-35.,-59.4726855993666));
#10799=CARTESIAN_POINT('Ctrl Pts',(3.49931977689266,-35.,-59.188266992569));
#10800=CARTESIAN_POINT('',(7.70805142819881,-35.,-59.7203278541565));
#10801=CARTESIAN_POINT('Ctrl Pts',(7.70805142819881,-35.,-59.7203278541565));
#10802=CARTESIAN_POINT('Ctrl Pts',(7.43336684002541,-35.,-59.8496451718373));
#10803=CARTESIAN_POINT('Ctrl Pts',(7.15868225185202,-35.,-59.978962489518));
#10804=CARTESIAN_POINT('Ctrl Pts',(6.86988614499569,-35.,-60.0528657436371));
#10805=CARTESIAN_POINT('Ctrl Pts',(6.57580987634066,-35.,-60.1281201972008));
#10806=CARTESIAN_POINT('Ctrl Pts',(6.26710135997238,-35.,-60.1459157533169));
#10807=CARTESIAN_POINT('Ctrl Pts',(5.95839284360409,-35.,-60.163711309433));
#10808=CARTESIAN_POINT('',(8.92906449735165,-35.,-58.4754431247711));
#10809=CARTESIAN_POINT('Ctrl Pts',(8.92906449735165,-35.,-58.4754431247711));
#10810=CARTESIAN_POINT('Ctrl Pts',(8.77287150420485,-35.,-58.7279314287475));
#10811=CARTESIAN_POINT('Ctrl Pts',(8.61667851105806,-35.,-58.9804197327239));
#10812=CARTESIAN_POINT('Ctrl Pts',(8.41405652463436,-35.,-59.1874146461487));
#10813=CARTESIAN_POINT('Ctrl Pts',(8.21008717227266,-35.,-59.3957860039594));
#10814=CARTESIAN_POINT('Ctrl Pts',(7.95906930023573,-35.,-59.558056929058));
#10815=CARTESIAN_POINT('Ctrl Pts',(7.70805142819881,-35.,-59.7203278541565));
#10816=CARTESIAN_POINT('',(9.31919531168819,-35.,-57.0000008493662));
#10817=CARTESIAN_POINT('Ctrl Pts',(9.31919531168819,-35.,-57.0000008493662));
#10818=CARTESIAN_POINT('Ctrl Pts',(9.30443096795825,-35.,-57.177036560211));
#10819=CARTESIAN_POINT('Ctrl Pts',(9.2813216102106,-35.,-57.3523660616391));
#10820=CARTESIAN_POINT('Ctrl Pts',(9.24369595944881,-35.,-57.5247275829315));
#10821=CARTESIAN_POINT('Ctrl Pts',(9.17299193268204,-35.,-57.8486197513934));
#10822=CARTESIAN_POINT('Ctrl Pts',(9.05102821501684,-35.,-58.1620314380823));
#10823=CARTESIAN_POINT('Ctrl Pts',(8.92906449735165,-35.,-58.4754431247711));
#10824=CARTESIAN_POINT('',(8.05244627079966,-35.,-57.0000008493662));
#10825=CARTESIAN_POINT('',(-13.7154023441559,-35.,-57.0000008493662));
#10826=CARTESIAN_POINT('',(7.47954152524471,-35.,-58.4583902359009));
#10827=CARTESIAN_POINT('Ctrl Pts',(7.47954152524471,-35.,-58.4583902359009));
#10828=CARTESIAN_POINT('Ctrl Pts',(7.65598743279069,-35.,-58.1732725323033));
#10829=CARTESIAN_POINT('Ctrl Pts',(7.83243334033668,-35.,-57.8881548287058));
#10830=CARTESIAN_POINT('Ctrl Pts',(7.9348637908697,-35.,-57.5801503658295));
#10831=CARTESIAN_POINT('Ctrl Pts',(7.99683351643962,-35.,-57.3938097616494));
#10832=CARTESIAN_POINT('Ctrl Pts',(8.03171234376786,-35.,-57.1990922198442));
#10833=CARTESIAN_POINT('Ctrl Pts',(8.05244627079965,-35.,-57.0000008493662));
#10834=CARTESIAN_POINT('',(5.95839284360409,-35.,-59.1541612148285));
#10835=CARTESIAN_POINT('Ctrl Pts',(5.95839284360409,-35.,-59.1541612148285));
#10836=CARTESIAN_POINT('Ctrl Pts',(6.25058166153954,-35.,-59.1248341247378));
#10837=CARTESIAN_POINT('Ctrl Pts',(6.542770479475,-35.,-59.095507034647));
#10838=CARTESIAN_POINT('Ctrl Pts',(6.79570935666561,-35.,-58.9802181720734));
#10839=CARTESIAN_POINT('Ctrl Pts',(7.05012686396666,-35.,-58.8642553538568));
#10840=CARTESIAN_POINT('Ctrl Pts',(7.26483419460568,-35.,-58.6613227948788));
#10841=CARTESIAN_POINT('Ctrl Pts',(7.47954152524471,-35.,-58.4583902359009));
#10842=CARTESIAN_POINT('',(4.43042539060116,-35.,-58.4618008136749));
#10843=CARTESIAN_POINT('Ctrl Pts',(4.43042539060116,-35.,-58.4618008136749));
#10844=CARTESIAN_POINT('Ctrl Pts',(4.64586641234042,-35.,-58.663739562022));
#10845=CARTESIAN_POINT('Ctrl Pts',(4.86130743407967,-35.,-58.8656783103691));
#10846=CARTESIAN_POINT('Ctrl Pts',(5.11596463620663,-35.,-58.9810717105865));
#10847=CARTESIAN_POINT('Ctrl Pts',(5.37062854195504,-35.,-59.0964681484313));
#10848=CARTESIAN_POINT('Ctrl Pts',(5.66451069277957,-35.,-59.1253146816299));
#10849=CARTESIAN_POINT('Ctrl Pts',(5.95839284360409,-35.,-59.1541612148285));
#10850=CARTESIAN_POINT('',(3.85562432998186,-35.,-57.0000008493662));
#10851=CARTESIAN_POINT('Ctrl Pts',(3.85562432998186,-35.,-57.0000008493662));
#10852=CARTESIAN_POINT('Ctrl Pts',(3.8760763073015,-35.,-57.2042895232272));
#10853=CARTESIAN_POINT('Ctrl Pts',(3.91105971636946,-35.,-57.4040225107206));
#10854=CARTESIAN_POINT('Ctrl Pts',(3.97510312497616,-35.,-57.5946450233459));
#10855=CARTESIAN_POINT('Ctrl Pts',(4.07742461142059,-35.,-57.899200625022));
#10856=CARTESIAN_POINT('Ctrl Pts',(4.25392500101087,-35.,-58.1805007193485));
#10857=CARTESIAN_POINT('Ctrl Pts',(4.43042539060116,-35.,-58.4618008136749));
#10858=CARTESIAN_POINT('',(-13.7154023441559,-35.,-57.0000008493662));
#10859=CARTESIAN_POINT('',(-4.75784279406071,-35.,-57.0000008493662));
#10860=CARTESIAN_POINT('',(-3.61106462337454,-35.,-57.0000008493662));
#10861=CARTESIAN_POINT('',(-17.6344732334485,-35.,-57.0000008493662));
#10862=CARTESIAN_POINT('',(-4.75784279406071,-35.,-60.));
#10863=CARTESIAN_POINT('',(-4.75784279406071,-35.,-43.));
#10864=CARTESIAN_POINT('',(-3.6186907440424,-35.,-60.));
#10865=CARTESIAN_POINT('',(-20.1843453720212,-35.,-60.));
#10866=CARTESIAN_POINT('',(-3.6186907440424,-35.,-59.0927696228027));
#10867=CARTESIAN_POINT('',(-3.6186907440424,-35.,-42.5463848114014));
#10868=CARTESIAN_POINT('',(-1.60640932619572,-35.,-60.163711309433));
#10869=CARTESIAN_POINT('Ctrl Pts',(-1.60640932619572,-35.,-60.163711309433));
#10870=CARTESIAN_POINT('Ctrl Pts',(-2.01123567916154,-35.,-60.1185279652958));
#10871=CARTESIAN_POINT('Ctrl Pts',(-2.41606203212737,-35.,-60.0733446211586));
#10872=CARTESIAN_POINT('Ctrl Pts',(-2.75068022310734,-35.,-59.8959755897522));
#10873=CARTESIAN_POINT('Ctrl Pts',(-3.08741708982521,-35.,-59.7174835247701));
#10874=CARTESIAN_POINT('Ctrl Pts',(-3.3530539169338,-35.,-59.4051265737864));
#10875=CARTESIAN_POINT('Ctrl Pts',(-3.6186907440424,-35.,-59.0927696228027));
#10876=CARTESIAN_POINT('',(0.603683218359947,-35.,-59.1473400592804));
#10877=CARTESIAN_POINT('Ctrl Pts',(0.603683218359947,-35.,-59.1473400592804));
#10878=CARTESIAN_POINT('Ctrl Pts',(0.28529311778513,-35.,-59.4437551662664));
#10879=CARTESIAN_POINT('Ctrl Pts',(-0.0330969827896916,-35.,-59.7401702732524));
#10880=CARTESIAN_POINT('Ctrl Pts',(-0.409276261925689,-35.,-59.9096190929413));
#10881=CARTESIAN_POINT('Ctrl Pts',(-0.772418569014766,-35.,-60.0731954479618));
#10882=CARTESIAN_POINT('Ctrl Pts',(-1.18941394760524,-35.,-60.1184533786974));
#10883=CARTESIAN_POINT('Ctrl Pts',(-1.60640932619572,-35.,-60.163711309433));
#10884=CARTESIAN_POINT('',(1.48105353310294,-35.,-57.0000008493662));
#10885=CARTESIAN_POINT('Ctrl Pts',(1.48105353310294,-35.,-57.0000008493662));
#10886=CARTESIAN_POINT('Ctrl Pts',(1.45072879533939,-35.,-57.3172737669077));
#10887=CARTESIAN_POINT('Ctrl Pts',(1.39822693386379,-35.,-57.6270623230894));
#10888=CARTESIAN_POINT('Ctrl Pts',(1.29433654248715,-35.,-57.9195082187653));
#10889=CARTESIAN_POINT('Ctrl Pts',(1.13986148675461,-35.,-58.3543472393394));
#10890=CARTESIAN_POINT('Ctrl Pts',(0.871772352557278,-35.,-58.7508436493099));
#10891=CARTESIAN_POINT('Ctrl Pts',(0.603683218359947,-35.,-59.1473400592804));
#10892=CARTESIAN_POINT('',(0.237377954031671,-35.,-57.0000008493662));
#10893=CARTESIAN_POINT('',(-17.6344732334485,-35.,-57.0000008493662));
#10894=CARTESIAN_POINT('',(-0.31718946993351,-35.,-58.4549796581268));
#10895=CARTESIAN_POINT('Ctrl Pts',(-0.31718946993351,-35.,-58.4549796581268));
#10896=CARTESIAN_POINT('Ctrl Pts',(-0.146640907378903,-35.,-58.1720270613627));
#10897=CARTESIAN_POINT('Ctrl Pts',(0.0239076551757095,-35.,-57.8890744645986));
#10898=CARTESIAN_POINT('Ctrl Pts',(0.122788175940515,-35.,-57.5844132900238));
#10899=CARTESIAN_POINT('Ctrl Pts',(0.183773265352305,-35.,-57.3965118830729));
#10900=CARTESIAN_POINT('Ctrl Pts',(0.217496752457199,-35.,-57.2003528120342));
#10901=CARTESIAN_POINT('Ctrl Pts',(0.237377954031671,-35.,-57.0000008493662));
#10902=CARTESIAN_POINT('',(-1.70872904360294,-35.,-59.1541612148285));
#10903=CARTESIAN_POINT('Ctrl Pts',(-1.70872904360294,-35.,-59.1541612148285));
#10904=CARTESIAN_POINT('Ctrl Pts',(-1.44625021712568,-35.,-59.1210303858705));
#10905=CARTESIAN_POINT('Ctrl Pts',(-1.18377139064841,-35.,-59.0878995569126));
#10906=CARTESIAN_POINT('Ctrl Pts',(-0.958387628197675,-35.,-58.9793658256531));
#10907=CARTESIAN_POINT('Ctrl Pts',(-0.716068895166744,-35.,-58.8626770457519));
#10908=CARTESIAN_POINT('Ctrl Pts',(-0.516629182550123,-35.,-58.6588283519393));
#10909=CARTESIAN_POINT('Ctrl Pts',(-0.31718946993351,-35.,-58.4549796581268));
#10910=CARTESIAN_POINT('',(-3.27762342989445,-35.,-58.2060027122498));
#10911=CARTESIAN_POINT('Ctrl Pts',(-3.27762342989445,-35.,-58.2060027122498));
#10912=CARTESIAN_POINT('Ctrl Pts',(-3.07353127032369,-35.,-58.4824461048342));
#10913=CARTESIAN_POINT('Ctrl Pts',(-2.86943911075295,-35.,-58.7588894974186));
#10914=CARTESIAN_POINT('Ctrl Pts',(-2.59549595415592,-35.,-58.917121887207));
#10915=CARTESIAN_POINT('Ctrl Pts',(-2.34031425274325,-35.,-59.0645174671747));
#10916=CARTESIAN_POINT('Ctrl Pts',(-2.02452164817309,-35.,-59.1093393410016));
#10917=CARTESIAN_POINT('Ctrl Pts',(-1.70872904360294,-35.,-59.1541612148285));
#10918=CARTESIAN_POINT('Ctrl Pts',(-3.61106462337455,-35.,-57.0000008493662));
#10919=CARTESIAN_POINT('Ctrl Pts',(-3.59838476212962,-35.,-57.1505398823491));
#10920=CARTESIAN_POINT('Ctrl Pts',(-3.57771276133203,-35.,-57.2993949023682));
#10921=CARTESIAN_POINT('Ctrl Pts',(-3.54365564882756,-35.,-57.4454295635223));
#10922=CARTESIAN_POINT('Ctrl Pts',(-3.48314640590863,-35.,-57.7048892222118));
#10923=CARTESIAN_POINT('Ctrl Pts',(-3.38038491790154,-35.,-57.9554459672308));
#10924=CARTESIAN_POINT('Ctrl Pts',(-3.27762342989445,-35.,-58.2060027122498));
#10925=CARTESIAN_POINT('Origin',(35.,-37.,25.));
#10926=CARTESIAN_POINT('',(-35.,-37.,25.));
#10927=CARTESIAN_POINT('',(-35.,-37.,25.));
#10928=CARTESIAN_POINT('',(35.,-37.,25.));
#10929=CARTESIAN_POINT('',(-0.875000000000001,-37.,25.));
#10930=CARTESIAN_POINT('',(35.,-37.,25.));
#10931=CARTESIAN_POINT('Origin',(35.,-37.,44.));
#10932=CARTESIAN_POINT('',(35.,-37.,9.));
#10933=CARTESIAN_POINT('Origin',(-35.,-37.,25.));
#10934=CARTESIAN_POINT('',(-35.,-36.,45.));
#10935=CARTESIAN_POINT('',(-35.,-33.5,45.));
#10936=CARTESIAN_POINT('',(-35.,-37.,44.));
#10937=CARTESIAN_POINT('Origin',(-35.,-36.,44.));
#10938=CARTESIAN_POINT('',(-35.,-37.,-0.5));
#10939=CARTESIAN_POINT('Origin',(-36.75,-37.,-26.));
#10940=CARTESIAN_POINT('',(-58.5,-37.,44.));
#10941=CARTESIAN_POINT('',(-0.12500000000001,-37.,44.));
#10942=CARTESIAN_POINT('',(-58.5,-37.,46.));
#10943=CARTESIAN_POINT('',(-58.5,-37.,9.5));
#10944=CARTESIAN_POINT('',(-70.5,-37.,46.));
#10945=CARTESIAN_POINT('',(10.375,-37.,46.));
#10946=CARTESIAN_POINT('',(-72.5,-37.,44.));
#10947=CARTESIAN_POINT('Origin',(-70.5,-37.,44.));
#10948=CARTESIAN_POINT('',(-72.5,-37.,1.58835499421879));
#10949=CARTESIAN_POINT('',(-72.5,-37.,9.));
#10950=CARTESIAN_POINT('',(-71.9586264111704,-37.,-1.82003664870717));
#10951=CARTESIAN_POINT('Origin',(-61.5000000000004,-37.,1.58835499421879));
#10952=CARTESIAN_POINT('',(-36.3776562118651,-37.,-111.));
#10953=CARTESIAN_POINT('',(-66.7066893706744,-37.,-17.9355694852978));
#10954=CARTESIAN_POINT('',(36.3776562118652,-37.,-111.));
#10955=CARTESIAN_POINT('',(-36.9267633547223,-37.,-111.));
#10956=CARTESIAN_POINT('',(71.9586264111705,-37.,-1.82003664870718));
#10957=CARTESIAN_POINT('',(63.1783450773675,-37.,-28.7622697825683));
#10958=CARTESIAN_POINT('',(72.5,-37.,1.58835499421879));
#10959=CARTESIAN_POINT('Origin',(61.5000000000004,-37.,1.58835499421879));
#10960=CARTESIAN_POINT('',(72.5,-37.,44.));
#10961=CARTESIAN_POINT('',(72.5,-37.,9.));
#10962=CARTESIAN_POINT('',(70.5,-37.,46.));
#10963=CARTESIAN_POINT('Origin',(70.5,-37.,44.));
#10964=CARTESIAN_POINT('',(58.5,-37.,46.));
#10965=CARTESIAN_POINT('',(10.375,-37.,46.));
#10966=CARTESIAN_POINT('',(58.5,-37.,9.5));
#10967=CARTESIAN_POINT('',(-4.75784279406071,-37.,-56.0066560111256));
#10968=CARTESIAN_POINT('',(-3.62005425734762,-37.,-56.0066560111256));
#10969=CARTESIAN_POINT('',(-20.7539213970304,-37.,-56.0066560111256));
#10970=CARTESIAN_POINT('',(-4.75784279406071,-37.,-50.));
#10971=CARTESIAN_POINT('',(-4.75784279406071,-37.,-43.));
#10972=CARTESIAN_POINT('',(-3.53001333773136,-37.,-50.));
#10973=CARTESIAN_POINT('',(-20.7539213970304,-37.,-50.));
#10974=CARTESIAN_POINT('',(-3.53001333773136,-37.,-53.5675299167633));
#10975=CARTESIAN_POINT('',(-3.53001333773136,-37.,-38.));
#10976=CARTESIAN_POINT('',(-1.54501654207706,-37.,-52.5920867919922));
#10977=CARTESIAN_POINT('Ctrl Pts',(-3.53001333773136,-37.,-53.5675299167633));
#10978=CARTESIAN_POINT('Ctrl Pts',(-3.25484608682596,-37.,-53.2830329464987));
#10979=CARTESIAN_POINT('Ctrl Pts',(-2.97967883592057,-37.,-52.9985359762342));
#10980=CARTESIAN_POINT('Ctrl Pts',(-2.64495112001896,-37.,-52.8359472751617));
#10981=CARTESIAN_POINT('Ctrl Pts',(-2.31653088944184,-37.,-52.6764223354608));
#10982=CARTESIAN_POINT('Ctrl Pts',(-1.93077371575945,-37.,-52.6342545637265));
#10983=CARTESIAN_POINT('Ctrl Pts',(-1.54501654207706,-37.,-52.5920867919922));
#10984=CARTESIAN_POINT('',(-0.279671922326088,-37.,-52.8615272045135));
#10985=CARTESIAN_POINT('Ctrl Pts',(-1.54501654207706,-37.,-52.5920867919922));
#10986=CARTESIAN_POINT('Ctrl Pts',(-1.32570859307938,-37.,-52.6030726297549));
#10987=CARTESIAN_POINT('Ctrl Pts',(-1.10640064408168,-37.,-52.6140584675175));
#10988=CARTESIAN_POINT('Ctrl Pts',(-0.894438996911051,-37.,-52.6594471931458));
#10989=CARTESIAN_POINT('Ctrl Pts',(-0.684722297207962,-37.,-52.7043551935767));
#10990=CARTESIAN_POINT('Ctrl Pts',(-0.482197109767029,-37.,-52.7829411990451));
#10991=CARTESIAN_POINT('Ctrl Pts',(-0.279671922326088,-37.,-52.8615272045135));
#10992=CARTESIAN_POINT('',(0.702593550086021,-37.,-53.6186897754669));
#10993=CARTESIAN_POINT('Ctrl Pts',(-0.279671922326088,-37.,-52.8615272045135));
#10994=CARTESIAN_POINT('Ctrl Pts',(-0.0904301761473114,-37.,-52.9593040906173));
#10995=CARTESIAN_POINT('Ctrl Pts',(0.0988115700314614,-37.,-53.0570809767211));
#10996=CARTESIAN_POINT('Ctrl Pts',(0.26432298123836,-37.,-53.1855380535126));
#10997=CARTESIAN_POINT('Ctrl Pts',(0.425396360078374,-37.,-53.3105506749617));
#10998=CARTESIAN_POINT('Ctrl Pts',(0.563994955082201,-37.,-53.4646202252143));
#10999=CARTESIAN_POINT('Ctrl Pts',(0.702593550086021,-37.,-53.6186897754669));
#11000=CARTESIAN_POINT('',(1.30627892911434,-37.,-54.795361161232));
#11001=CARTESIAN_POINT('Ctrl Pts',(0.702593550086021,-37.,-53.6186897754669));
#11002=CARTESIAN_POINT('Ctrl Pts',(0.825375808759508,-37.,-53.7937678932273));
#11003=CARTESIAN_POINT('Ctrl Pts',(0.948158067432998,-37.,-53.9688460109876));
#11004=CARTESIAN_POINT('Ctrl Pts',(1.04621671140194,-37.,-54.1567182540894));
#11005=CARTESIAN_POINT('Ctrl Pts',(1.1521344182392,-37.,-54.3596478109575));
#11006=CARTESIAN_POINT('Ctrl Pts',(1.22920667367677,-37.,-54.5775044860947));
#11007=CARTESIAN_POINT('Ctrl Pts',(1.30627892911434,-37.,-54.795361161232));
#11008=CARTESIAN_POINT('',(1.51481237215857,-37.,-56.0066560111256));
#11009=CARTESIAN_POINT('Ctrl Pts',(1.51481237215857,-37.,-56.0066560111256));
#11010=CARTESIAN_POINT('Ctrl Pts',(1.50706105035529,-37.,-55.839421932824));
#11011=CARTESIAN_POINT('Ctrl Pts',(1.49492234184246,-37.,-55.6728450454901));
#11012=CARTESIAN_POINT('Ctrl Pts',(1.46998666226863,-37.,-55.5081850290298));
#11013=CARTESIAN_POINT('Ctrl Pts',(1.43359167473586,-37.,-55.2678547332994));
#11014=CARTESIAN_POINT('Ctrl Pts',(1.3699353019251,-37.,-55.0316079472657));
#11015=CARTESIAN_POINT('Ctrl Pts',(1.30627892911434,-37.,-54.795361161232));
#11016=CARTESIAN_POINT('',(0.259103879865692,-37.,-56.0066560111256));
#11017=CARTESIAN_POINT('',(-20.7539213970304,-37.,-56.0066560111256));
#11018=CARTESIAN_POINT('',(-0.293314233422279,-37.,-54.2769432067871));
#11019=CARTESIAN_POINT('Ctrl Pts',(0.259103879865692,-37.,-56.0066560111256));
#11020=CARTESIAN_POINT('Ctrl Pts',(0.246087306582,-37.,-55.7082424374878));
#11021=CARTESIAN_POINT('Ctrl Pts',(0.216371851790956,-37.,-55.4147150110773));
#11022=CARTESIAN_POINT('Ctrl Pts',(0.128753408789632,-37.,-55.1381301879883));
#11023=CARTESIAN_POINT('Ctrl Pts',(0.0335954106977545,-37.,-54.8377452785309));
#11024=CARTESIAN_POINT('Ctrl Pts',(-0.129859411362259,-37.,-54.557344242659));
#11025=CARTESIAN_POINT('Ctrl Pts',(-0.293314233422279,-37.,-54.2769432067871));
#11026=CARTESIAN_POINT('',(-1.65415979921818,-37.,-53.6016362905502));
#11027=CARTESIAN_POINT('Ctrl Pts',(-0.293314233422279,-37.,-54.2769432067871));
#11028=CARTESIAN_POINT('Ctrl Pts',(-0.486797038662545,-37.,-54.0800236555551));
#11029=CARTESIAN_POINT('Ctrl Pts',(-0.680279843902819,-37.,-53.8831041043232));
#11030=CARTESIAN_POINT('Ctrl Pts',(-0.91490246355534,-37.,-53.7704628705978));
#11031=CARTESIAN_POINT('Ctrl Pts',(-1.13679130967569,-37.,-53.663935062606));
#11032=CARTESIAN_POINT('Ctrl Pts',(-1.39547555444693,-37.,-53.6327856765781));
#11033=CARTESIAN_POINT('Ctrl Pts',(-1.65415979921818,-37.,-53.6016362905502));
#11034=CARTESIAN_POINT('',(-3.04569937288761,-37.,-54.3008178472519));
#11035=CARTESIAN_POINT('Ctrl Pts',(-1.65415979921818,-37.,-53.6016362905502));
#11036=CARTESIAN_POINT('Ctrl Pts',(-1.91663862569545,-37.,-53.6347671195082));
#11037=CARTESIAN_POINT('Ctrl Pts',(-2.17911745217272,-37.,-53.6678979484661));
#11038=CARTESIAN_POINT('Ctrl Pts',(-2.40450121462346,-37.,-53.7764316797256));
#11039=CARTESIAN_POINT('Ctrl Pts',(-2.64681994765438,-37.,-53.8931204596269));
#11040=CARTESIAN_POINT('Ctrl Pts',(-2.84625966027099,-37.,-54.0969691534394));
#11041=CARTESIAN_POINT('Ctrl Pts',(-3.04569937288761,-37.,-54.3008178472519));
#11042=CARTESIAN_POINT('Ctrl Pts',(-3.04569937288761,-37.,-54.3008178472519));
#11043=CARTESIAN_POINT('Ctrl Pts',(-3.21635403811034,-37.,-54.5784663555225));
#11044=CARTESIAN_POINT('Ctrl Pts',(-3.38700870333308,-37.,-54.8561148637932));
#11045=CARTESIAN_POINT('Ctrl Pts',(-3.48567701876164,-37.,-55.1560366153717));
#11046=CARTESIAN_POINT('Ctrl Pts',(-3.57447653436428,-37.,-55.4259602088089));
#11047=CARTESIAN_POINT('Ctrl Pts',(-3.60496969143804,-37.,-55.713924329563));
#11048=CARTESIAN_POINT('Ctrl Pts',(-3.62005425734763,-37.,-56.0066560111256));
#11049=CARTESIAN_POINT('',(14.9855401480942,-37.,-56.000000834465));
#11050=CARTESIAN_POINT('',(15.3444793075323,-37.,-54.4236022233963));
#11051=CARTESIAN_POINT('Ctrl Pts',(15.3444793075323,-37.,-54.4236022233963));
#11052=CARTESIAN_POINT('Ctrl Pts',(15.2350693842588,-37.,-54.7260408496498));
#11053=CARTESIAN_POINT('Ctrl Pts',(15.1256594609852,-37.,-55.0284794759032));
#11054=CARTESIAN_POINT('Ctrl Pts',(15.0631024688482,-37.,-55.3402125835419));
#11055=CARTESIAN_POINT('Ctrl Pts',(15.019668023616,-37.,-55.5566544892071));
#11056=CARTESIAN_POINT('Ctrl Pts',(14.998820321145,-37.,-55.7775770549944));
#11057=CARTESIAN_POINT('Ctrl Pts',(14.9855401480942,-37.,-56.000000834465));
#11058=CARTESIAN_POINT('',(16.4324738830328,-37.,-53.0695778131485));
#11059=CARTESIAN_POINT('Ctrl Pts',(15.3444793075323,-37.,-54.4236022233963));
#11060=CARTESIAN_POINT('Ctrl Pts',(15.4801037041152,-37.,-54.1504390575528));
#11061=CARTESIAN_POINT('Ctrl Pts',(15.615728100698,-37.,-53.8772758917094));
#11062=CARTESIAN_POINT('Ctrl Pts',(15.8040644973516,-37.,-53.6468291282654));
#11063=CARTESIAN_POINT('Ctrl Pts',(15.9821235695033,-37.,-53.4289576089613));
#11064=CARTESIAN_POINT('Ctrl Pts',(16.207298726268,-37.,-53.2492677110549));
#11065=CARTESIAN_POINT('Ctrl Pts',(16.4324738830328,-37.,-53.0695778131485));
#11066=CARTESIAN_POINT('',(18.1070973724127,-37.,-52.5920879840851));
#11067=CARTESIAN_POINT('Ctrl Pts',(16.4324738830328,-37.,-53.0695778131485));
#11068=CARTESIAN_POINT('Ctrl Pts',(16.6850687352085,-37.,-52.9303458299866));
#11069=CARTESIAN_POINT('Ctrl Pts',(16.9376635873842,-37.,-52.7911138468247));
#11070=CARTESIAN_POINT('Ctrl Pts',(17.2075440734625,-37.,-52.7114605903625));
#11071=CARTESIAN_POINT('Ctrl Pts',(17.4943781253028,-37.,-52.6268036126561));
#11072=CARTESIAN_POINT('Ctrl Pts',(17.8007377488577,-37.,-52.6094457983706));
#11073=CARTESIAN_POINT('Ctrl Pts',(18.1070973724127,-37.,-52.5920879840851));
#11074=CARTESIAN_POINT('',(20.221693739295,-37.,-53.6289232969284));
#11075=CARTESIAN_POINT('Ctrl Pts',(18.1070973724127,-37.,-52.5920879840851));
#11076=CARTESIAN_POINT('Ctrl Pts',(18.5172256699039,-37.,-52.6370736030399));
#11077=CARTESIAN_POINT('Ctrl Pts',(18.9273539673952,-37.,-52.6820592219947));
#11078=CARTESIAN_POINT('Ctrl Pts',(19.2769458144903,-37.,-52.8512966632843));
#11079=CARTESIAN_POINT('Ctrl Pts',(19.6339486374876,-37.,-53.024121758604));
#11080=CARTESIAN_POINT('Ctrl Pts',(19.9278211883913,-37.,-53.3265225277662));
#11081=CARTESIAN_POINT('Ctrl Pts',(20.221693739295,-37.,-53.6289232969284));
#11082=CARTESIAN_POINT('',(20.221693739295,-37.,-52.7557992935181));
#11083=CARTESIAN_POINT('',(20.221693739295,-37.,-39.8144616484642));
#11084=CARTESIAN_POINT('',(21.3540294021368,-37.,-52.7557992935181));
#11085=CARTESIAN_POINT('',(-8.2641531303525,-37.,-52.7557992935181));
#11086=CARTESIAN_POINT('',(21.3540294021368,-37.,-56.000000834465));
#11087=CARTESIAN_POINT('',(21.3540294021368,-37.,-39.377899646759));
#11088=CARTESIAN_POINT('',(20.1976891769733,-37.,-56.000000834465));
#11089=CARTESIAN_POINT('',(-11.1249998919666,-37.,-56.000000834465));
#11090=CARTESIAN_POINT('',(19.6180131286383,-37.,-54.2837661504745));
#11091=CARTESIAN_POINT('Ctrl Pts',(19.6180131286383,-37.,-54.2837661504745));
#11092=CARTESIAN_POINT('Ctrl Pts',(19.7896016473294,-37.,-54.5558433180034));
#11093=CARTESIAN_POINT('Ctrl Pts',(19.9611901660206,-37.,-54.8279204855323));
#11094=CARTESIAN_POINT('Ctrl Pts',(20.0605466216803,-37.,-55.122783780098));
#11095=CARTESIAN_POINT('Ctrl Pts',(20.1540004463559,-37.,-55.4001296500837));
#11096=CARTESIAN_POINT('Ctrl Pts',(20.1835496891288,-37.,-55.697634682917));
#11097=CARTESIAN_POINT('Ctrl Pts',(20.1976891769733,-37.,-56.000000834465));
#11098=CARTESIAN_POINT('',(18.1957747787237,-37.,-53.6084592342377));
#11099=CARTESIAN_POINT('Ctrl Pts',(19.6180131286383,-37.,-54.2837661504745));
#11100=CARTESIAN_POINT('Ctrl Pts',(19.4143332370965,-37.,-54.0868279408977));
#11101=CARTESIAN_POINT('Ctrl Pts',(19.2106533455547,-37.,-53.8898897313208));
#11102=CARTESIAN_POINT('Ctrl Pts',(18.9674308151007,-37.,-53.7772858142853));
#11103=CARTESIAN_POINT('Ctrl Pts',(18.7344090400715,-37.,-53.6694045066865));
#11104=CARTESIAN_POINT('Ctrl Pts',(18.4650919093976,-37.,-53.6389318704621));
#11105=CARTESIAN_POINT('Ctrl Pts',(18.1957747787237,-37.,-53.6084592342377));
#11106=CARTESIAN_POINT('',(16.8042352050543,-37.,-54.2735344171524));
#11107=CARTESIAN_POINT('Ctrl Pts',(18.1957747787237,-37.,-53.6084592342377));
#11108=CARTESIAN_POINT('Ctrl Pts',(17.9313208804562,-37.,-53.6383325319318));
#11109=CARTESIAN_POINT('Ctrl Pts',(17.6668669821887,-37.,-53.6682058296259));
#11110=CARTESIAN_POINT('Ctrl Pts',(17.4386145919561,-37.,-53.774728178978));
#11111=CARTESIAN_POINT('Ctrl Pts',(17.2010000303479,-37.,-53.8856197289722));
#11112=CARTESIAN_POINT('Ctrl Pts',(17.0026176177011,-37.,-54.0795770730623));
#11113=CARTESIAN_POINT('Ctrl Pts',(16.8042352050543,-37.,-54.2735344171524));
#11114=CARTESIAN_POINT('',(16.2396018550007,-37.,-56.000000834465));
#11115=CARTESIAN_POINT('Ctrl Pts',(16.2396018550007,-37.,-56.000000834465));
#11116=CARTESIAN_POINT('Ctrl Pts',(16.2525856618657,-37.,-55.689963880723));
#11117=CARTESIAN_POINT('Ctrl Pts',(16.2797708524327,-37.,-55.3843487443307));
#11118=CARTESIAN_POINT('Ctrl Pts',(16.3744904845953,-37.,-55.0997614860535));
#11119=CARTESIAN_POINT('Ctrl Pts',(16.4709990454915,-37.,-54.8097993512915));
#11120=CARTESIAN_POINT('Ctrl Pts',(16.6376171252729,-37.,-54.541666884222));
#11121=CARTESIAN_POINT('Ctrl Pts',(16.8042352050543,-37.,-54.2735344171524));
#11122=CARTESIAN_POINT('',(-11.1249998919666,-37.,-56.000000834465));
#11123=CARTESIAN_POINT('',(16.2708796864156,-37.,-57.0000008493662));
#11124=CARTESIAN_POINT('',(15.0224582193805,-37.,-57.0000008493662));
#11125=CARTESIAN_POINT('',(-7.37499983608723,-37.,-57.0000008493662));
#11126=CARTESIAN_POINT('',(16.7974116653204,-37.,-58.3287858963013));
#11127=CARTESIAN_POINT('Ctrl Pts',(16.7974116653204,-37.,-58.3287858963013));
#11128=CARTESIAN_POINT('Ctrl Pts',(16.6330241504705,-37.,-58.0530726628171));
#11129=CARTESIAN_POINT('Ctrl Pts',(16.4686366356207,-37.,-57.7773594293329));
#11130=CARTESIAN_POINT('Ctrl Pts',(16.3727834075689,-37.,-57.4812412261963));
#11131=CARTESIAN_POINT('Ctrl Pts',(16.3224362658499,-37.,-57.325704418079));
#11132=CARTESIAN_POINT('Ctrl Pts',(16.2909970569841,-37.,-57.1645380803629));
#11133=CARTESIAN_POINT('Ctrl Pts',(16.2708796864156,-37.,-57.0000008493662));
#11134=CARTESIAN_POINT('',(18.2162406295538,-37.,-58.9836299419403));
#11135=CARTESIAN_POINT('Ctrl Pts',(16.7974116653204,-37.,-58.3287858963013));
#11136=CARTESIAN_POINT('Ctrl Pts',(16.9974497556531,-37.,-58.519780890346));
#11137=CARTESIAN_POINT('Ctrl Pts',(17.1974878459859,-37.,-58.7107758843908));
#11138=CARTESIAN_POINT('Ctrl Pts',(17.435205206275,-37.,-58.8199186325073));
#11139=CARTESIAN_POINT('Ctrl Pts',(17.6708640052918,-37.,-58.9281162370544));
#11140=CARTESIAN_POINT('Ctrl Pts',(17.9435523174228,-37.,-58.9558730894974));
#11141=CARTESIAN_POINT('Ctrl Pts',(18.2162406295538,-37.,-58.9836299419403));
#11142=CARTESIAN_POINT('',(19.6350648254156,-37.,-58.3321964740753));
#11143=CARTESIAN_POINT('Ctrl Pts',(18.2162406295538,-37.,-58.9836299419403));
#11144=CARTESIAN_POINT('Ctrl Pts',(18.4875009572466,-37.,-58.9557062604766));
#11145=CARTESIAN_POINT('Ctrl Pts',(18.7587612849393,-37.,-58.9277825790129));
#11146=CARTESIAN_POINT('Ctrl Pts',(18.9938666671515,-37.,-58.8207709789276));
#11147=CARTESIAN_POINT('Ctrl Pts',(19.232413489589,-37.,-58.7121929577691));
#11148=CARTESIAN_POINT('Ctrl Pts',(19.4337391575023,-37.,-58.5221947159222));
#11149=CARTESIAN_POINT('Ctrl Pts',(19.6350648254156,-37.,-58.3321964740753));
#11150=CARTESIAN_POINT('',(20.1699810012552,-37.,-57.0000008493662));
#11151=CARTESIAN_POINT('Ctrl Pts',(20.1699810012552,-37.,-57.0000008493662));
#11152=CARTESIAN_POINT('Ctrl Pts',(20.1497959135337,-37.,-57.169787921491));
#11153=CARTESIAN_POINT('Ctrl Pts',(20.1176515891054,-37.,-57.3359228558679));
#11154=CARTESIAN_POINT('Ctrl Pts',(20.0648095458746,-37.,-57.4957370758057));
#11155=CARTESIAN_POINT('Ctrl Pts',(19.9679360737978,-37.,-57.7887189028895));
#11156=CARTESIAN_POINT('Ctrl Pts',(19.8015004496067,-37.,-58.0604576884824));
#11157=CARTESIAN_POINT('Ctrl Pts',(19.6350648254156,-37.,-58.3321964740753));
#11158=CARTESIAN_POINT('',(21.3540294021368,-37.,-57.0000008493662));
#11159=CARTESIAN_POINT('',(-7.37499983608723,-37.,-57.0000008493662));
#11160=CARTESIAN_POINT('',(21.3540294021368,-37.,-59.0177357196808));
#11161=CARTESIAN_POINT('',(21.3540294021368,-37.,-39.377899646759));
#11162=CARTESIAN_POINT('',(21.0095527023077,-37.,-61.4154160022736));
#11163=CARTESIAN_POINT('Ctrl Pts',(21.3540294021368,-37.,-59.0177357196808));
#11164=CARTESIAN_POINT('Ctrl Pts',(21.3543566061825,-37.,-59.5042396347927));
#11165=CARTESIAN_POINT('Ctrl Pts',(21.3546838102282,-37.,-59.9907435499046));
#11166=CARTESIAN_POINT('Ctrl Pts',(21.2679126113653,-37.,-60.4629945755005));
#11167=CARTESIAN_POINT('Ctrl Pts',(21.2087690030551,-37.,-60.7848828292986));
#11168=CARTESIAN_POINT('Ctrl Pts',(21.1091608526814,-37.,-61.1001494157861));
#11169=CARTESIAN_POINT('Ctrl Pts',(21.0095527023077,-37.,-61.4154160022736));
#11170=CARTESIAN_POINT('',(19.9181487411261,-37.,-62.5306963920593));
#11171=CARTESIAN_POINT('Ctrl Pts',(21.0095527023077,-37.,-61.4154160022736));
#11172=CARTESIAN_POINT('Ctrl Pts',(20.8753589582402,-37.,-61.6397923163731));
#11173=CARTESIAN_POINT('Ctrl Pts',(20.7411652141727,-37.,-61.8641686304726));
#11174=CARTESIAN_POINT('Ctrl Pts',(20.5644681304693,-37.,-62.0472371578216));
#11175=CARTESIAN_POINT('Ctrl Pts',(20.3799333780085,-37.,-62.2384259690329));
#11176=CARTESIAN_POINT('Ctrl Pts',(20.1490410595673,-37.,-62.3845611805461));
#11177=CARTESIAN_POINT('Ctrl Pts',(19.9181487411261,-37.,-62.5306963920593));
#11178=CARTESIAN_POINT('',(18.0798127502203,-37.,-62.9399728775024));
#11179=CARTESIAN_POINT('Ctrl Pts',(19.9181487411261,-37.,-62.5306963920593));
#11180=CARTESIAN_POINT('Ctrl Pts',(19.6443780210428,-37.,-62.6499346148486));
#11181=CARTESIAN_POINT('Ctrl Pts',(19.3706073009596,-37.,-62.769172837638));
#11182=CARTESIAN_POINT('Ctrl Pts',(19.0850999206305,-37.,-62.8376531600952));
#11183=CARTESIAN_POINT('Ctrl Pts',(18.7601404402768,-37.,-62.91559625906));
#11184=CARTESIAN_POINT('Ctrl Pts',(18.4199765952485,-37.,-62.9277845682812));
#11185=CARTESIAN_POINT('Ctrl Pts',(18.0798127502203,-37.,-62.9399728775024));
#11186=CARTESIAN_POINT('',(15.9856774657965,-37.,-62.3567533493042));
#11187=CARTESIAN_POINT('Ctrl Pts',(18.0798127502203,-37.,-62.9399728775024));
#11188=CARTESIAN_POINT('Ctrl Pts',(17.6799289251007,-37.,-62.9235431229768));
#11189=CARTESIAN_POINT('Ctrl Pts',(17.2800450999812,-37.,-62.9071133684512));
#11190=CARTESIAN_POINT('Ctrl Pts',(16.9082572311163,-37.,-62.7941679954529));
#11191=CARTESIAN_POINT('Ctrl Pts',(16.5867211800716,-37.,-62.6964886135824));
#11192=CARTESIAN_POINT('Ctrl Pts',(16.286199322934,-37.,-62.5266209814433));
#11193=CARTESIAN_POINT('Ctrl Pts',(15.9856774657965,-37.,-62.3567533493042));
#11194=CARTESIAN_POINT('',(15.2148749679327,-37.,-60.6002736091614));
#11195=CARTESIAN_POINT('Ctrl Pts',(15.9856774657965,-37.,-62.3567533493042));
#11196=CARTESIAN_POINT('Ctrl Pts',(15.7544175684871,-37.,-62.1286419495585));
#11197=CARTESIAN_POINT('Ctrl Pts',(15.5231576711777,-37.,-61.9005305498128));
#11198=CARTESIAN_POINT('Ctrl Pts',(15.3939320892095,-37.,-61.6260242462158));
#11199=CARTESIAN_POINT('Ctrl Pts',(15.2508283793842,-37.,-61.3220374518298));
#11200=CARTESIAN_POINT('Ctrl Pts',(15.2328516736585,-37.,-60.9611555304956));
#11201=CARTESIAN_POINT('Ctrl Pts',(15.2148749679327,-37.,-60.6002736091614));
#11202=CARTESIAN_POINT('',(16.4085986465216,-37.,-60.7776260375977));
#11203=CARTESIAN_POINT('',(-12.7212160460548,-37.,-56.4497874696852));
#11204=CARTESIAN_POINT('',(16.8246962875128,-37.,-61.5825378894806));
#11205=CARTESIAN_POINT('Ctrl Pts',(16.4085986465216,-37.,-60.7776260375977));
#11206=CARTESIAN_POINT('Ctrl Pts',(16.439772314806,-37.,-60.9453890459514));
#11207=CARTESIAN_POINT('Ctrl Pts',(16.4709459830904,-37.,-61.1131520543052));
#11208=CARTESIAN_POINT('Ctrl Pts',(16.5501429885626,-37.,-61.2551152706146));
#11209=CARTESIAN_POINT('Ctrl Pts',(16.6180928586503,-37.,-61.3769176297814));
#11210=CARTESIAN_POINT('Ctrl Pts',(16.7213945730815,-37.,-61.479727759631));
#11211=CARTESIAN_POINT('Ctrl Pts',(16.8246962875128,-37.,-61.5825378894806));
#11212=CARTESIAN_POINT('',(18.072993978858,-37.,-61.9236016273499));
#11213=CARTESIAN_POINT('Ctrl Pts',(16.8246962875128,-37.,-61.5825378894806));
#11214=CARTESIAN_POINT('Ctrl Pts',(17.0008484356834,-37.,-61.6818145999851));
#11215=CARTESIAN_POINT('Ctrl Pts',(17.177000583854,-37.,-61.7810913104897));
#11216=CARTESIAN_POINT('Ctrl Pts',(17.3652818053961,-37.,-61.8383359909058));
#11217=CARTESIAN_POINT('Ctrl Pts',(17.5896982044051,-37.,-61.9065671450069));
#11218=CARTESIAN_POINT('Ctrl Pts',(17.8313460916315,-37.,-61.9150843861784));
#11219=CARTESIAN_POINT('Ctrl Pts',(18.072993978858,-37.,-61.9236016273499));
#11220=CARTESIAN_POINT('',(19.3894984573126,-37.,-61.5825378894806));
#11221=CARTESIAN_POINT('Ctrl Pts',(18.072993978858,-37.,-61.9236016273499));
#11222=CARTESIAN_POINT('Ctrl Pts',(18.3306744263714,-37.,-61.916356301093));
#11223=CARTESIAN_POINT('Ctrl Pts',(18.5883548738849,-37.,-61.9091109748362));
#11224=CARTESIAN_POINT('Ctrl Pts',(18.8284470885992,-37.,-61.8383347988129));
#11225=CARTESIAN_POINT('Ctrl Pts',(19.0231775535868,-37.,-61.7809306981282));
#11226=CARTESIAN_POINT('Ctrl Pts',(19.2063380054497,-37.,-61.6817342938044));
#11227=CARTESIAN_POINT('Ctrl Pts',(19.3894984573126,-37.,-61.5825378894806));
#11228=CARTESIAN_POINT('',(20.0170590728521,-37.,-60.6275582313538));
#11229=CARTESIAN_POINT('Ctrl Pts',(19.3894984573126,-37.,-61.5825378894806));
#11230=CARTESIAN_POINT('Ctrl Pts',(19.5322867209192,-37.,-61.4548642096988));
#11231=CARTESIAN_POINT('Ctrl Pts',(19.6750749845259,-37.,-61.327190529917));
#11232=CARTESIAN_POINT('Ctrl Pts',(19.778316244483,-37.,-61.1732614040375));
#11233=CARTESIAN_POINT('Ctrl Pts',(19.8872486751988,-37.,-61.0108469406052));
#11234=CARTESIAN_POINT('Ctrl Pts',(19.9521538740254,-37.,-60.8192025859795));
#11235=CARTESIAN_POINT('Ctrl Pts',(20.0170590728521,-37.,-60.6275582313538));
#11236=CARTESIAN_POINT('',(20.1057364791632,-37.,-59.0518414974213));
#11237=CARTESIAN_POINT('Ctrl Pts',(20.0170590728521,-37.,-60.6275582313538));
#11238=CARTESIAN_POINT('Ctrl Pts',(20.0440022279694,-37.,-60.4339722637303));
#11239=CARTESIAN_POINT('Ctrl Pts',(20.0709453830866,-37.,-60.2403862961069));
#11240=CARTESIAN_POINT('Ctrl Pts',(20.0869777053595,-37.,-60.0460433959961));
#11241=CARTESIAN_POINT('Ctrl Pts',(20.1141966193739,-37.,-59.716097266084));
#11242=CARTESIAN_POINT('Ctrl Pts',(20.1099665492685,-37.,-59.3839693817526));
#11243=CARTESIAN_POINT('Ctrl Pts',(20.1057364791632,-37.,-59.0518414974213));
#11244=CARTESIAN_POINT('',(18.1002786010504,-37.,-60.));
#11245=CARTESIAN_POINT('Ctrl Pts',(20.1057364791632,-37.,-59.0518414974213));
#11246=CARTESIAN_POINT('Ctrl Pts',(19.8230234900678,-37.,-59.3283795997491));
#11247=CARTESIAN_POINT('Ctrl Pts',(19.5403105009725,-37.,-59.6049177020769));
#11248=CARTESIAN_POINT('Ctrl Pts',(19.201915487647,-37.,-59.7629606723785));
#11249=CARTESIAN_POINT('Ctrl Pts',(18.8703428289631,-37.,-59.9178173510697));
#11250=CARTESIAN_POINT('Ctrl Pts',(18.4853107150067,-37.,-59.9589086755348));
#11251=CARTESIAN_POINT('Ctrl Pts',(18.1002786010504,-37.,-60.));
#11252=CARTESIAN_POINT('',(15.7878615707159,-37.,-58.9222371578217));
#11253=CARTESIAN_POINT('Ctrl Pts',(18.1002786010504,-37.,-60.));
#11254=CARTESIAN_POINT('Ctrl Pts',(17.6346969060597,-37.,-59.9605271737039));
#11255=CARTESIAN_POINT('Ctrl Pts',(17.169115211069,-37.,-59.9210543474078));
#11256=CARTESIAN_POINT('Ctrl Pts',(16.7752435058355,-37.,-59.7305595874786));
#11257=CARTESIAN_POINT('Ctrl Pts',(16.4035393244757,-37.,-59.5507860778511));
#11258=CARTESIAN_POINT('Ctrl Pts',(16.0957004475958,-37.,-59.2365116178364));
#11259=CARTESIAN_POINT('Ctrl Pts',(15.7878615707159,-37.,-58.9222371578217));
#11260=CARTESIAN_POINT('Ctrl Pts',(15.0224582193805,-37.,-57.0000008493662));
#11261=CARTESIAN_POINT('Ctrl Pts',(15.0517577311641,-37.,-57.252506617968));
#11262=CARTESIAN_POINT('Ctrl Pts',(15.0963606166635,-37.,-57.5000844010245));
#11263=CARTESIAN_POINT('Ctrl Pts',(15.1739480346441,-37.,-57.7370405197144));
#11264=CARTESIAN_POINT('Ctrl Pts',(15.3104862368945,-37.,-58.1540354823026));
#11265=CARTESIAN_POINT('Ctrl Pts',(15.5491739038052,-37.,-58.5381363200621));
#11266=CARTESIAN_POINT('Ctrl Pts',(15.7878615707159,-37.,-58.9222371578217));
#11267=CARTESIAN_POINT('',(2.58010678173464,-37.,-56.0066560111256));
#11268=CARTESIAN_POINT('',(3.68008397519589,-37.,-53.3969986438751));
#11269=CARTESIAN_POINT('Ctrl Pts',(3.68008397519588,-37.,-53.3969986438751));
#11270=CARTESIAN_POINT('Ctrl Pts',(3.35445434592511,-37.,-53.7885636692858));
#11271=CARTESIAN_POINT('Ctrl Pts',(3.02882471665434,-37.,-54.1801286946966));
#11272=CARTESIAN_POINT('Ctrl Pts',(2.84106753766537,-37.,-54.6265345811844));
#11273=CARTESIAN_POINT('Ctrl Pts',(2.66284012968451,-37.,-55.0502827674564));
#11274=CARTESIAN_POINT('Ctrl Pts',(2.60884469201907,-37.,-55.5234461067301));
#11275=CARTESIAN_POINT('Ctrl Pts',(2.58010678173464,-37.,-56.0066560111256));
#11276=CARTESIAN_POINT('',(5.95839284360409,-37.,-52.5920873880386));
#11277=CARTESIAN_POINT('Ctrl Pts',(3.68008397519588,-37.,-53.3969986438751));
#11278=CARTESIAN_POINT('Ctrl Pts',(4.01369481797798,-37.,-53.1622691677362));
#11279=CARTESIAN_POINT('Ctrl Pts',(4.34730566076008,-37.,-52.9275396915973));
#11280=CARTESIAN_POINT('Ctrl Pts',(4.71691869199276,-37.,-52.7933150529861));
#11281=CARTESIAN_POINT('Ctrl Pts',(5.10436940763242,-37.,-52.6526126753862));
#11282=CARTESIAN_POINT('Ctrl Pts',(5.53138112561826,-37.,-52.6223500317124));
#11283=CARTESIAN_POINT('Ctrl Pts',(5.95839284360409,-37.,-52.5920873880386));
#11284=CARTESIAN_POINT('',(8.40041421353817,-37.,-53.5709410905838));
#11285=CARTESIAN_POINT('Ctrl Pts',(5.95839284360409,-37.,-52.5920873880386));
#11286=CARTESIAN_POINT('Ctrl Pts',(6.4173834942269,-37.,-52.6275616192345));
#11287=CARTESIAN_POINT('Ctrl Pts',(6.87637414484983,-37.,-52.6630358504304));
#11288=CARTESIAN_POINT('Ctrl Pts',(7.69264320952149,-37.,-52.9852479219463));
#11289=CARTESIAN_POINT('Ctrl Pts',(8.03017795838068,-37.,-53.2645639655009));
#11290=CARTESIAN_POINT('Ctrl Pts',(8.40041421353817,-37.,-53.5709410905838));
#11291=CARTESIAN_POINT('',(9.33363808208696,-37.,-56.0066560111256));
#11292=CARTESIAN_POINT('Ctrl Pts',(9.33363808208696,-37.,-56.0066560111256));
#11293=CARTESIAN_POINT('Ctrl Pts',(9.30670924860319,-37.,-55.5660687084789));
#11294=CARTESIAN_POINT('Ctrl Pts',(9.26194841239661,-37.,-55.1319969037633));
#11295=CARTESIAN_POINT('Ctrl Pts',(9.11153577268125,-37.,-54.7365283966064));
#11296=CARTESIAN_POINT('Ctrl Pts',(8.95287066629829,-37.,-54.3193623068557));
#11297=CARTESIAN_POINT('Ctrl Pts',(8.67664243991823,-37.,-53.9451516987198));
#11298=CARTESIAN_POINT('Ctrl Pts',(8.40041421353817,-37.,-53.5709410905838));
#11299=CARTESIAN_POINT('',(8.07353373219554,-37.,-56.0066560111256));
#11300=CARTESIAN_POINT('',(-17.0849466091327,-37.,-56.0066560111256));
#11301=CARTESIAN_POINT('',(7.47612737119198,-37.,-54.3008184432983));
#11302=CARTESIAN_POINT('Ctrl Pts',(7.47612737119198,-37.,-54.3008184432983));
#11303=CARTESIAN_POINT('Ctrl Pts',(7.65370933339726,-37.,-54.5778958190868));
#11304=CARTESIAN_POINT('Ctrl Pts',(7.83129129560255,-37.,-54.8549731948753));
#11305=CARTESIAN_POINT('Ctrl Pts',(7.93400548398495,-37.,-55.1560366153717));
#11306=CARTESIAN_POINT('Ctrl Pts',(8.02579213223779,-37.,-55.4250705503527));
#11307=CARTESIAN_POINT('Ctrl Pts',(8.05779366613652,-37.,-55.71325836627));
#11308=CARTESIAN_POINT('Ctrl Pts',(8.07353373219554,-37.,-56.0066560111256));
#11309=CARTESIAN_POINT('',(5.95839284360409,-37.,-53.6084580421448));
#11310=CARTESIAN_POINT('Ctrl Pts',(7.47612737119198,-37.,-54.3008184432983));
#11311=CARTESIAN_POINT('Ctrl Pts',(7.26101920186133,-37.,-54.0988814193348));
#11312=CARTESIAN_POINT('Ctrl Pts',(7.04591103253068,-37.,-53.8969443953713));
#11313=CARTESIAN_POINT('Ctrl Pts',(6.79144166409969,-37.,-53.7815481424332));
#11314=CARTESIAN_POINT('Ctrl Pts',(6.53948405608152,-37.,-53.6672909175113));
#11315=CARTESIAN_POINT('Ctrl Pts',(6.24893844984281,-37.,-53.637874479828));
#11316=CARTESIAN_POINT('Ctrl Pts',(5.95839284360409,-37.,-53.6084580421448));
#11317=CARTESIAN_POINT('',(4.43042539060116,-37.,-54.2974078655243));
#11318=CARTESIAN_POINT('Ctrl Pts',(5.95839284360409,-37.,-53.6084580421448));
#11319=CARTESIAN_POINT('Ctrl Pts',(5.66459158135039,-37.,-53.6370708868369));
#11320=CARTESIAN_POINT('Ctrl Pts',(5.3707903190967,-37.,-53.665683731529));
#11321=CARTESIAN_POINT('Ctrl Pts',(5.11596463620663,-37.,-53.7806951999664));
#11322=CARTESIAN_POINT('Ctrl Pts',(4.86155200058124,-37.,-53.8955202461724));
#11323=CARTESIAN_POINT('Ctrl Pts',(4.64598869559119,-37.,-54.0964640558483));
#11324=CARTESIAN_POINT('Ctrl Pts',(4.43042539060116,-37.,-54.2974078655243));
#11325=CARTESIAN_POINT('',(3.83684090340977,-37.,-56.0066560111256));
#11326=CARTESIAN_POINT('Ctrl Pts',(3.83684090340977,-37.,-56.0066560111256));
#11327=CARTESIAN_POINT('Ctrl Pts',(3.85231694362421,-37.,-55.7154868647822));
#11328=CARTESIAN_POINT('Ctrl Pts',(3.88490967966733,-37.,-55.4296961536591));
#11329=CARTESIAN_POINT('Ctrl Pts',(3.97510312497616,-37.,-55.1620048284531));
#11330=CARTESIAN_POINT('Ctrl Pts',(4.07744017737029,-37.,-54.8582716571648));
#11331=CARTESIAN_POINT('Ctrl Pts',(4.25393278398572,-37.,-54.5778397613446));
#11332=CARTESIAN_POINT('Ctrl Pts',(4.43042539060116,-37.,-54.2974078655243));
#11333=CARTESIAN_POINT('',(-17.0849466091327,-37.,-56.0066560111256));
#11334=CARTESIAN_POINT('',(-24.7271473127916,-37.,-55.0000008195639));
#11335=CARTESIAN_POINT('',(-22.8069565445185,-37.,-50.));
#11336=CARTESIAN_POINT('',(-21.6070542456786,-37.,-46.8755643570812));
#11337=CARTESIAN_POINT('',(-21.3813088089228,-37.,-50.));
#11338=CARTESIAN_POINT('',(-29.7784782722592,-37.,-50.));
#11339=CARTESIAN_POINT('',(-19.3349236620928,-37.,-55.0000008195639));
#11340=CARTESIAN_POINT('',(-26.6904904461982,-37.,-37.0279001102444));
#11341=CARTESIAN_POINT('',(-20.7085044960179,-37.,-55.0000008195639));
#11342=CARTESIAN_POINT('',(-30.7385736563958,-37.,-55.0000008195639));
#11343=CARTESIAN_POINT('',(-21.4154145866632,-37.,-53.1241470575333));
#11344=CARTESIAN_POINT('',(-26.3223210836342,-37.,-40.1031997912801));
#11345=CARTESIAN_POINT('',(-22.1248266845942,-37.,-51.0504776239395));
#11346=CARTESIAN_POINT('Ctrl Pts',(-21.4154145866632,-37.,-53.1241470575333));
#11347=CARTESIAN_POINT('Ctrl Pts',(-21.5584219237107,-37.,-52.7424812623628));
#11348=CARTESIAN_POINT('Ctrl Pts',(-21.7014292607581,-37.,-52.3608154671924));
#11349=CARTESIAN_POINT('Ctrl Pts',(-21.8315122276545,-37.,-51.9747614860535));
#11350=CARTESIAN_POINT('Ctrl Pts',(-21.9347060245833,-37.,-51.66850789203));
#11351=CARTESIAN_POINT('Ctrl Pts',(-22.0297663545887,-37.,-51.3594927579848));
#11352=CARTESIAN_POINT('Ctrl Pts',(-22.1248266845942,-37.,-51.0504776239395));
#11353=CARTESIAN_POINT('',(-22.6637075096369,-37.,-52.9604363441467));
#11354=CARTESIAN_POINT('Ctrl Pts',(-22.1248266845942,-37.,-51.0504776239395));
#11355=CARTESIAN_POINT('Ctrl Pts',(-22.1954538791701,-37.,-51.3716636530861));
#11356=CARTESIAN_POINT('Ctrl Pts',(-22.2660810737461,-37.,-51.6928496822327));
#11357=CARTESIAN_POINT('Ctrl Pts',(-22.3550460487604,-37.,-52.0088675618172));
#11358=CARTESIAN_POINT('Ctrl Pts',(-22.4453400335472,-37.,-52.3296062975605));
#11359=CARTESIAN_POINT('Ctrl Pts',(-22.554523771592,-37.,-52.6450213208536));
#11360=CARTESIAN_POINT('Ctrl Pts',(-22.6637075096369,-37.,-52.9604363441467));
#11361=CARTESIAN_POINT('',(-23.427359038478,-37.,-55.0000008195639));
#11362=CARTESIAN_POINT('',(-19.1030070406047,-37.,-43.4504990102166));
#11363=CARTESIAN_POINT('',(-30.7385736563958,-37.,-55.0000008195639));
#11364=CARTESIAN_POINT('',(-27.1248290687799,-37.,-58.8199186325073));
#11365=CARTESIAN_POINT('',(-27.1248290687799,-37.,-60.));
#11366=CARTESIAN_POINT('',(-27.1248290687799,-37.,-42.4099593162537));
#11367=CARTESIAN_POINT('',(-33.3731231838465,-37.,-60.));
#11368=CARTESIAN_POINT('',(-31.93741453439,-37.,-60.));
#11369=CARTESIAN_POINT('',(-33.3731231838465,-37.,-50.));
#11370=CARTESIAN_POINT('',(-33.3731231838465,-37.,-43.));
#11371=CARTESIAN_POINT('',(-32.0497939735651,-37.,-50.));
#11372=CARTESIAN_POINT('',(-35.0615615919232,-37.,-50.));
#11373=CARTESIAN_POINT('',(-32.0497939735651,-37.,-58.8199186325073));
#11374=CARTESIAN_POINT('',(-32.0497939735651,-37.,-38.));
#11375=CARTESIAN_POINT('',(-34.3998969867826,-37.,-58.8199186325073));
#11376=CARTESIAN_POINT('',(-14.9965880066156,-37.,-51.4870393276215));
#11377=CARTESIAN_POINT('',(-14.9965880066156,-37.,-60.));
#11378=CARTESIAN_POINT('',(-14.9965880066156,-37.,-38.7435196638107));
#11379=CARTESIAN_POINT('',(-16.2721679359674,-37.,-60.));
#11380=CARTESIAN_POINT('',(-25.8732940033078,-37.,-60.));
#11381=CARTESIAN_POINT('',(-16.2721679359674,-37.,-50.));
#11382=CARTESIAN_POINT('',(-16.2721679359674,-37.,-43.));
#11383=CARTESIAN_POINT('',(-14.2803523689508,-37.,-50.));
#11384=CARTESIAN_POINT('',(-26.5110839679837,-37.,-50.));
#11385=CARTESIAN_POINT('',(-11.9133684784174,-37.,-57.0804911851883));
#11386=CARTESIAN_POINT('',(-19.0179980687963,-37.,-35.8280156656491));
#11387=CARTESIAN_POINT('',(-11.4358780533075,-37.,-58.5607087612152));
#11388=CARTESIAN_POINT('Ctrl Pts',(-11.9133684784174,-37.,-57.0804911851883));
#11389=CARTESIAN_POINT('Ctrl Pts',(-11.8181174593291,-37.,-57.3684040466531));
#11390=CARTESIAN_POINT('Ctrl Pts',(-11.7228664402408,-37.,-57.6563169081179));
#11391=CARTESIAN_POINT('Ctrl Pts',(-11.6302845627069,-37.,-57.9450881481171));
#11392=CARTESIAN_POINT('Ctrl Pts',(-11.5645863358243,-37.,-58.1500068530298));
#11393=CARTESIAN_POINT('Ctrl Pts',(-11.5002321945659,-37.,-58.3553578071225));
#11394=CARTESIAN_POINT('Ctrl Pts',(-11.4358780533075,-37.,-58.5607087612152));
#11395=CARTESIAN_POINT('',(-10.9038183838129,-37.,-56.9577080011368));
#11396=CARTESIAN_POINT('Ctrl Pts',(-11.4358780533075,-37.,-58.5607087612152));
#11397=CARTESIAN_POINT('Ctrl Pts',(-11.3636916464563,-37.,-58.335984937389));
#11398=CARTESIAN_POINT('Ctrl Pts',(-11.291505239605,-37.,-58.1112611135628));
#11399=CARTESIAN_POINT('Ctrl Pts',(-11.2175963073969,-37.,-57.8871071338654));
#11400=CARTESIAN_POINT('Ctrl Pts',(-11.1152075322983,-37.,-57.5765783421615));
#11401=CARTESIAN_POINT('Ctrl Pts',(-11.0095129580556,-37.,-57.2671431716491));
#11402=CARTESIAN_POINT('Ctrl Pts',(-10.9038183838129,-37.,-56.9577080011368));
#11403=CARTESIAN_POINT('',(-8.50954748690128,-37.,-50.));
#11404=CARTESIAN_POINT('',(-7.50952592365214,-37.,-47.0939553912204));
#11405=CARTESIAN_POINT('',(-6.72919489443302,-37.,-50.));
#11406=CARTESIAN_POINT('',(-22.6297737434506,-37.,-50.));
#11407=CARTESIAN_POINT('',(-6.72919489443302,-37.,-60.));
#11408=CARTESIAN_POINT('',(-6.72919489443302,-37.,-38.));
#11409=CARTESIAN_POINT('',(-8.00477243959904,-37.,-60.));
#11410=CARTESIAN_POINT('',(-21.7395974472165,-37.,-60.));
#11411=CARTESIAN_POINT('',(-8.00477243959904,-37.,-51.6302865743637));
#11412=CARTESIAN_POINT('',(-8.00477243959904,-37.,-43.));
#11413=CARTESIAN_POINT('',(-10.910639539361,-37.,-60.));
#11414=CARTESIAN_POINT('',(-5.58022909859857,-37.,-44.6469207645952));
#11415=CARTESIAN_POINT('',(-12.1043656021357,-37.,-60.));
#11416=CARTESIAN_POINT('',(-23.8303197696805,-37.,-60.));
#11417=CARTESIAN_POINT('',(-18.5575138316662,-37.,-41.0058185684721));
#11418=CARTESIAN_POINT('',(3.85562432998186,-37.,-57.0000008493662));
#11419=CARTESIAN_POINT('',(2.59673365394071,-37.,-57.0000008493662));
#11420=CARTESIAN_POINT('',(-13.7154023441559,-37.,-57.0000008493662));
#11421=CARTESIAN_POINT('',(4.43042539060116,-37.,-58.4618008136749));
#11422=CARTESIAN_POINT('Ctrl Pts',(4.43042539060116,-37.,-58.4618008136749));
#11423=CARTESIAN_POINT('Ctrl Pts',(4.25392500101087,-37.,-58.1805007193485));
#11424=CARTESIAN_POINT('Ctrl Pts',(4.07742461142059,-37.,-57.899200625022));
#11425=CARTESIAN_POINT('Ctrl Pts',(3.97510312497616,-37.,-57.5946450233459));
#11426=CARTESIAN_POINT('Ctrl Pts',(3.91105971636946,-37.,-57.4040225107206));
#11427=CARTESIAN_POINT('Ctrl Pts',(3.8760763073015,-37.,-57.2042895232272));
#11428=CARTESIAN_POINT('Ctrl Pts',(3.85562432998186,-37.,-57.0000008493662));
#11429=CARTESIAN_POINT('',(5.95839284360409,-37.,-59.1541612148285));
#11430=CARTESIAN_POINT('Ctrl Pts',(4.43042539060116,-37.,-58.4618008136749));
#11431=CARTESIAN_POINT('Ctrl Pts',(4.64586641234042,-37.,-58.663739562022));
#11432=CARTESIAN_POINT('Ctrl Pts',(4.86130743407967,-37.,-58.8656783103691));
#11433=CARTESIAN_POINT('Ctrl Pts',(5.11596463620663,-37.,-58.9810717105865));
#11434=CARTESIAN_POINT('Ctrl Pts',(5.37062854195504,-37.,-59.0964681484313));
#11435=CARTESIAN_POINT('Ctrl Pts',(5.66451069277957,-37.,-59.1253146816299));
#11436=CARTESIAN_POINT('Ctrl Pts',(5.95839284360409,-37.,-59.1541612148285));
#11437=CARTESIAN_POINT('',(7.47954152524471,-37.,-58.4583902359009));
#11438=CARTESIAN_POINT('Ctrl Pts',(5.95839284360409,-37.,-59.1541612148285));
#11439=CARTESIAN_POINT('Ctrl Pts',(6.25058166153954,-37.,-59.1248341247378));
#11440=CARTESIAN_POINT('Ctrl Pts',(6.542770479475,-37.,-59.095507034647));
#11441=CARTESIAN_POINT('Ctrl Pts',(6.79570935666561,-37.,-58.9802181720734));
#11442=CARTESIAN_POINT('Ctrl Pts',(7.05012686396666,-37.,-58.8642553538568));
#11443=CARTESIAN_POINT('Ctrl Pts',(7.26483419460568,-37.,-58.6613227948788));
#11444=CARTESIAN_POINT('Ctrl Pts',(7.47954152524471,-37.,-58.4583902359009));
#11445=CARTESIAN_POINT('',(8.05244627079965,-37.,-57.0000008493662));
#11446=CARTESIAN_POINT('Ctrl Pts',(8.05244627079965,-37.,-57.0000008493662));
#11447=CARTESIAN_POINT('Ctrl Pts',(8.03171234376786,-37.,-57.1990922198442));
#11448=CARTESIAN_POINT('Ctrl Pts',(7.99683351643962,-37.,-57.3938097616494));
#11449=CARTESIAN_POINT('Ctrl Pts',(7.9348637908697,-37.,-57.5801503658295));
#11450=CARTESIAN_POINT('Ctrl Pts',(7.83243334033668,-37.,-57.8881548287058));
#11451=CARTESIAN_POINT('Ctrl Pts',(7.65598743279069,-37.,-58.1732725323033));
#11452=CARTESIAN_POINT('Ctrl Pts',(7.47954152524471,-37.,-58.4583902359009));
#11453=CARTESIAN_POINT('',(9.31919531168819,-37.,-57.0000008493662));
#11454=CARTESIAN_POINT('',(-13.7154023441559,-37.,-57.0000008493662));
#11455=CARTESIAN_POINT('',(8.92906449735165,-37.,-58.4754431247711));
#11456=CARTESIAN_POINT('Ctrl Pts',(8.92906449735165,-37.,-58.4754431247711));
#11457=CARTESIAN_POINT('Ctrl Pts',(9.05102821501684,-37.,-58.1620314380823));
#11458=CARTESIAN_POINT('Ctrl Pts',(9.17299193268204,-37.,-57.8486197513934));
#11459=CARTESIAN_POINT('Ctrl Pts',(9.24369595944881,-37.,-57.5247275829315));
#11460=CARTESIAN_POINT('Ctrl Pts',(9.2813216102106,-37.,-57.3523660616391));
#11461=CARTESIAN_POINT('Ctrl Pts',(9.30443096795825,-37.,-57.177036560211));
#11462=CARTESIAN_POINT('Ctrl Pts',(9.31919531168819,-37.,-57.0000008493662));
#11463=CARTESIAN_POINT('',(7.70805142819882,-37.,-59.7203278541565));
#11464=CARTESIAN_POINT('Ctrl Pts',(8.92906449735165,-37.,-58.4754431247711));
#11465=CARTESIAN_POINT('Ctrl Pts',(8.77287150420485,-37.,-58.7279314287475));
#11466=CARTESIAN_POINT('Ctrl Pts',(8.61667851105806,-37.,-58.9804197327239));
#11467=CARTESIAN_POINT('Ctrl Pts',(8.41405652463436,-37.,-59.1874146461487));
#11468=CARTESIAN_POINT('Ctrl Pts',(8.21008717227266,-37.,-59.3957860039594));
#11469=CARTESIAN_POINT('Ctrl Pts',(7.95906930023573,-37.,-59.558056929058));
#11470=CARTESIAN_POINT('Ctrl Pts',(7.70805142819881,-37.,-59.7203278541565));
#11471=CARTESIAN_POINT('',(5.95839284360409,-37.,-60.163711309433));
#11472=CARTESIAN_POINT('Ctrl Pts',(7.70805142819881,-37.,-59.7203278541565));
#11473=CARTESIAN_POINT('Ctrl Pts',(7.43336684002541,-37.,-59.8496451718373));
#11474=CARTESIAN_POINT('Ctrl Pts',(7.15868225185202,-37.,-59.978962489518));
#11475=CARTESIAN_POINT('Ctrl Pts',(6.86988614499569,-37.,-60.0528657436371));
#11476=CARTESIAN_POINT('Ctrl Pts',(6.57580987634066,-37.,-60.1281201972008));
#11477=CARTESIAN_POINT('Ctrl Pts',(6.26710135997238,-37.,-60.1459157533169));
#11478=CARTESIAN_POINT('Ctrl Pts',(5.95839284360409,-37.,-60.163711309433));
#11479=CARTESIAN_POINT('',(3.49931977689266,-37.,-59.188266992569));
#11480=CARTESIAN_POINT('Ctrl Pts',(5.95839284360409,-37.,-60.163711309433));
#11481=CARTESIAN_POINT('Ctrl Pts',(5.48121031772031,-37.,-60.1287070718828));
#11482=CARTESIAN_POINT('Ctrl Pts',(5.00402779183654,-37.,-60.0937028343326));
#11483=CARTESIAN_POINT('Ctrl Pts',(4.58305142819881,-37.,-59.9198496341705));
#11484=CARTESIAN_POINT('Ctrl Pts',(4.18897194955302,-37.,-59.7571042061642));
#11485=CARTESIAN_POINT('Ctrl Pts',(3.84414586322284,-37.,-59.4726855993666));
#11486=CARTESIAN_POINT('Ctrl Pts',(3.49931977689266,-37.,-59.188266992569));
#11487=CARTESIAN_POINT('Ctrl Pts',(2.59673365394071,-37.,-57.0000008493662));
#11488=CARTESIAN_POINT('Ctrl Pts',(2.62598210803447,-37.,-57.3457345327102));
#11489=CARTESIAN_POINT('Ctrl Pts',(2.67901662171524,-37.,-57.6830877256968));
#11490=CARTESIAN_POINT('Ctrl Pts',(2.79587529599667,-37.,-57.9979538917542));
#11491=CARTESIAN_POINT('Ctrl Pts',(2.95321868685543,-37.,-58.4219028244183));
#11492=CARTESIAN_POINT('Ctrl Pts',(3.22626923187404,-37.,-58.8050849084936));
#11493=CARTESIAN_POINT('Ctrl Pts',(3.49931977689266,-37.,-59.188266992569));
#11494=CARTESIAN_POINT('',(43.086626753211,-37.,-52.7557981014252));
#11495=CARTESIAN_POINT('',(43.086626753211,-37.,-60.));
#11496=CARTESIAN_POINT('',(43.086626753211,-37.,-39.3778990507126));
#11497=CARTESIAN_POINT('',(41.8587996810675,-37.,-60.));
#11498=CARTESIAN_POINT('',(3.16831337660551,-37.,-60.));
#11499=CARTESIAN_POINT('',(41.8587996810675,-37.,-52.7557981014252));
#11500=CARTESIAN_POINT('',(41.8587996810675,-37.,-43.));
#11501=CARTESIAN_POINT('',(2.55439984053373,-37.,-52.7557981014252));
#11502=CARTESIAN_POINT('',(24.4372441619635,-37.,-56.0368347167969));
#11503=CARTESIAN_POINT('',(24.4372441619635,-37.,-60.));
#11504=CARTESIAN_POINT('',(24.4372441619635,-37.,-41.0184173583984));
#11505=CARTESIAN_POINT('',(23.2094123214483,-37.,-60.));
#11506=CARTESIAN_POINT('',(-6.15637791901827,-37.,-60.));
#11507=CARTESIAN_POINT('',(23.2094123214483,-37.,-50.));
#11508=CARTESIAN_POINT('',(23.2094123214483,-37.,-43.));
#11509=CARTESIAN_POINT('',(24.4372441619635,-37.,-50.));
#11510=CARTESIAN_POINT('',(-6.77029383927584,-37.,-50.));
#11511=CARTESIAN_POINT('',(24.4372441619635,-37.,-53.5879945755005));
#11512=CARTESIAN_POINT('',(24.4372441619635,-37.,-38.));
#11513=CARTESIAN_POINT('',(26.6064097732306,-37.,-52.5920873880386));
#11514=CARTESIAN_POINT('Ctrl Pts',(24.4372441619635,-37.,-53.5879945755005));
#11515=CARTESIAN_POINT('Ctrl Pts',(24.7422180280143,-37.,-53.2975218551409));
#11516=CARTESIAN_POINT('Ctrl Pts',(25.0471918940652,-37.,-53.0070491347813));
#11517=CARTESIAN_POINT('Ctrl Pts',(25.4092767089605,-37.,-52.8410643339157));
#11518=CARTESIAN_POINT('Ctrl Pts',(25.770440538514,-37.,-52.6755017257582));
#11519=CARTESIAN_POINT('Ctrl Pts',(26.1884251558723,-37.,-52.6337945568984));
#11520=CARTESIAN_POINT('Ctrl Pts',(26.6064097732306,-37.,-52.5920873880386));
#11521=CARTESIAN_POINT('',(28.0047728866339,-37.,-52.9092770814896));
#11522=CARTESIAN_POINT('Ctrl Pts',(26.6064097732306,-37.,-52.5920873880386));
#11523=CARTESIAN_POINT('Ctrl Pts',(26.860789048526,-37.,-52.60265198487));
#11524=CARTESIAN_POINT('Ctrl Pts',(27.1151683238215,-37.,-52.6132165817013));
#11525=CARTESIAN_POINT('Ctrl Pts',(27.3584582656622,-37.,-52.6713848114014));
#11526=CARTESIAN_POINT('Ctrl Pts',(27.5800282702065,-37.,-52.7243600179449));
#11527=CARTESIAN_POINT('Ctrl Pts',(27.7924005784202,-37.,-52.8168185497173));
#11528=CARTESIAN_POINT('Ctrl Pts',(28.0047728866339,-37.,-52.9092770814896));
#11529=CARTESIAN_POINT('',(28.8540246337652,-37.,-53.785811662674));
#11530=CARTESIAN_POINT('Ctrl Pts',(28.0047728866339,-37.,-52.9092770814896));
#11531=CARTESIAN_POINT('Ctrl Pts',(28.1874155509599,-37.,-53.0227292316453));
#11532=CARTESIAN_POINT('Ctrl Pts',(28.370058215286,-37.,-53.136181381801));
#11533=CARTESIAN_POINT('Ctrl Pts',(28.5138108581305,-37.,-53.2870054244995));
#11534=CARTESIAN_POINT('Ctrl Pts',(28.6507388197212,-37.,-53.4306690700294));
#11535=CARTESIAN_POINT('Ctrl Pts',(28.7523817267432,-37.,-53.6082403663517));
#11536=CARTESIAN_POINT('Ctrl Pts',(28.8540246337652,-37.,-53.785811662674));
#11537=CARTESIAN_POINT('',(29.1098239272833,-37.,-55.4092764854431));
#11538=CARTESIAN_POINT('Ctrl Pts',(28.8540246337652,-37.,-53.785811662674));
#11539=CARTESIAN_POINT('Ctrl Pts',(28.9282736478786,-37.,-54.0125515913191));
#11540=CARTESIAN_POINT('Ctrl Pts',(29.0025226619919,-37.,-54.2392915199642));
#11541=CARTESIAN_POINT('Ctrl Pts',(29.0458705276251,-37.,-54.4713509082794));
#11542=CARTESIAN_POINT('Ctrl Pts',(29.103115634209,-37.,-54.7778080826722));
#11543=CARTESIAN_POINT('Ctrl Pts',(29.1064697807461,-37.,-55.0935422840577));
#11544=CARTESIAN_POINT('Ctrl Pts',(29.1098239272833,-37.,-55.4092764854431));
#11545=CARTESIAN_POINT('',(29.1098239272833,-37.,-60.));
#11546=CARTESIAN_POINT('',(29.1098239272833,-37.,-40.7046382427216));
#11547=CARTESIAN_POINT('',(27.8819920867682,-37.,-60.));
#11548=CARTESIAN_POINT('',(-3.82008803635836,-37.,-60.));
#11549=CARTESIAN_POINT('',(27.8819920867682,-37.,-55.4092764854431));
#11550=CARTESIAN_POINT('',(27.8819920867682,-37.,-43.));
#11551=CARTESIAN_POINT('',(27.4829461425543,-37.,-54.068894982338));
#11552=CARTESIAN_POINT('Ctrl Pts',(27.8819920867682,-37.,-55.4092764854431));
#11553=CARTESIAN_POINT('Ctrl Pts',(27.87560929695,-37.,-55.1353867846327));
#11554=CARTESIAN_POINT('Ctrl Pts',(27.8692265071319,-37.,-54.8614970838223));
#11555=CARTESIAN_POINT('Ctrl Pts',(27.7822282165289,-37.,-54.6137446165085));
#11556=CARTESIAN_POINT('Ctrl Pts',(27.7147753104954,-37.,-54.421653211247));
#11557=CARTESIAN_POINT('Ctrl Pts',(27.5988607265249,-37.,-54.2452740967925));
#11558=CARTESIAN_POINT('Ctrl Pts',(27.4829461425543,-37.,-54.068894982338));
#11559=CARTESIAN_POINT('',(26.3540246337652,-37.,-53.6493861675262));
#11560=CARTESIAN_POINT('Ctrl Pts',(27.4829461425543,-37.,-54.068894982338));
#11561=CARTESIAN_POINT('Ctrl Pts',(27.329079400279,-37.,-53.946677679242));
#11562=CARTESIAN_POINT('Ctrl Pts',(27.1752126580037,-37.,-53.824460376146));
#11563=CARTESIAN_POINT('Ctrl Pts',(27.0011927932501,-37.,-53.7542635202408));
#11564=CARTESIAN_POINT('Ctrl Pts',(26.802912692395,-37.,-53.6742804695224));
#11565=CARTESIAN_POINT('Ctrl Pts',(26.5784686630801,-37.,-53.6618333185243));
#11566=CARTESIAN_POINT('Ctrl Pts',(26.3540246337652,-37.,-53.6493861675262));
#11567=CARTESIAN_POINT('',(25.3274180740118,-37.,-53.9324694871902));
#11568=CARTESIAN_POINT('Ctrl Pts',(26.3540246337652,-37.,-53.6493861675262));
#11569=CARTESIAN_POINT('Ctrl Pts',(26.1743568112307,-37.,-53.6614568843945));
#11570=CARTESIAN_POINT('Ctrl Pts',(25.9946889886963,-37.,-53.6735276012627));
#11571=CARTESIAN_POINT('Ctrl Pts',(25.8245208114386,-37.,-53.7201571464539));
#11572=CARTESIAN_POINT('Ctrl Pts',(25.6523357921091,-37.,-53.7673393474355));
#11573=CARTESIAN_POINT('Ctrl Pts',(25.4898769330605,-37.,-53.8499044173129));
#11574=CARTESIAN_POINT('Ctrl Pts',(25.3274180740118,-37.,-53.9324694871902));
#11575=CARTESIAN_POINT('',(24.6418835967779,-37.,-54.6998637914658));
#11576=CARTESIAN_POINT('Ctrl Pts',(25.3274180740118,-37.,-53.9324694871902));
#11577=CARTESIAN_POINT('Ctrl Pts',(25.1792029437205,-37.,-54.033879832592));
#11578=CARTESIAN_POINT('Ctrl Pts',(25.0309878134291,-37.,-54.1352901779938));
#11579=CARTESIAN_POINT('Ctrl Pts',(24.9155881255865,-37.,-54.2658591270447));
#11580=CARTESIAN_POINT('Ctrl Pts',(24.8038382782796,-37.,-54.3922984648994));
#11581=CARTESIAN_POINT('Ctrl Pts',(24.7228609375288,-37.,-54.5460811281826));
#11582=CARTESIAN_POINT('Ctrl Pts',(24.6418835967779,-37.,-54.6998637914658));
#11583=CARTESIAN_POINT('Ctrl Pts',(24.6418835967779,-37.,-54.6998637914658));
#11584=CARTESIAN_POINT('Ctrl Pts',(24.5824256353249,-37.,-54.8906254659889));
#11585=CARTESIAN_POINT('Ctrl Pts',(24.5229676738719,-37.,-55.081387140512));
#11586=CARTESIAN_POINT('Ctrl Pts',(24.4884087890387,-37.,-55.2762615680695));
#11587=CARTESIAN_POINT('Ctrl Pts',(24.4442431044889,-37.,-55.5253078708032));
#11588=CARTESIAN_POINT('Ctrl Pts',(24.4407436332262,-37.,-55.7810712938001));
#11589=CARTESIAN_POINT('Ctrl Pts',(24.4372441619635,-37.,-56.0368347167969));
#11590=CARTESIAN_POINT('',(32.2135093063116,-37.,-52.7557981014252));
#11591=CARTESIAN_POINT('',(32.2135093063116,-37.,-60.));
#11592=CARTESIAN_POINT('',(32.2135093063116,-37.,-39.3778990507126));
#11593=CARTESIAN_POINT('',(30.9856774657965,-37.,-60.));
#11594=CARTESIAN_POINT('',(-2.2682453468442,-37.,-60.));
#11595=CARTESIAN_POINT('',(30.9856774657965,-37.,-52.7557981014252));
#11596=CARTESIAN_POINT('',(30.9856774657965,-37.,-43.));
#11597=CARTESIAN_POINT('',(-2.88216126710177,-37.,-52.7557981014252));
#11598=CARTESIAN_POINT('',(43.086626753211,-37.,-50.));
#11599=CARTESIAN_POINT('',(43.086626753211,-37.,-51.4120054244995));
#11600=CARTESIAN_POINT('',(43.086626753211,-37.,-38.));
#11601=CARTESIAN_POINT('',(41.8587996810675,-37.,-51.4120054244995));
#11602=CARTESIAN_POINT('',(3.16831337660551,-37.,-51.4120054244995));
#11603=CARTESIAN_POINT('',(41.8587996810675,-37.,-50.));
#11604=CARTESIAN_POINT('',(41.8587996810675,-37.,-38.7060027122498));
#11605=CARTESIAN_POINT('',(2.55439984053373,-37.,-50.));
#11606=CARTESIAN_POINT('',(35.310371145606,-37.,-56.043655872345));
#11607=CARTESIAN_POINT('',(35.310371145606,-37.,-60.));
#11608=CARTESIAN_POINT('',(35.310371145606,-37.,-41.0218279361725));
#11609=CARTESIAN_POINT('',(34.0825393050909,-37.,-60.));
#11610=CARTESIAN_POINT('',(-0.719814427196981,-37.,-60.));
#11611=CARTESIAN_POINT('',(34.0825393050909,-37.,-52.7557981014252));
#11612=CARTESIAN_POINT('',(34.0825393050909,-37.,-43.));
#11613=CARTESIAN_POINT('',(35.1875855773687,-37.,-52.7557981014252));
#11614=CARTESIAN_POINT('',(-1.33373034745455,-37.,-52.7557981014252));
#11615=CARTESIAN_POINT('',(35.1875855773687,-37.,-53.785811662674));
#11616=CARTESIAN_POINT('',(35.1875855773687,-37.,-39.3778990507126));
#11617=CARTESIAN_POINT('',(37.4931838363409,-37.,-52.5920873880386));
#11618=CARTESIAN_POINT('Ctrl Pts',(35.1875855773687,-37.,-53.785811662674));
#11619=CARTESIAN_POINT('Ctrl Pts',(35.4867471127783,-37.,-53.4376628637006));
#11620=CARTESIAN_POINT('Ctrl Pts',(35.7859086481878,-37.,-53.0895140647272));
#11621=CARTESIAN_POINT('Ctrl Pts',(36.1630322784185,-37.,-52.8905183076859));
#11622=CARTESIAN_POINT('Ctrl Pts',(36.5513189167929,-37.,-52.6856321977779));
#11623=CARTESIAN_POINT('Ctrl Pts',(37.0222513765669,-37.,-52.6388597929083));
#11624=CARTESIAN_POINT('Ctrl Pts',(37.4931838363409,-37.,-52.5920873880386));
#11625=CARTESIAN_POINT('',(38.6971404403448,-37.,-52.8274214267731));
#11626=CARTESIAN_POINT('Ctrl Pts',(37.4931838363409,-37.,-52.5920873880386));
#11627=CARTESIAN_POINT('Ctrl Pts',(37.7047852403532,-37.,-52.6009319043868));
#11628=CARTESIAN_POINT('Ctrl Pts',(37.9163866443655,-37.,-52.6097764207349));
#11629=CARTESIAN_POINT('Ctrl Pts',(38.1215932220221,-37.,-52.6509207487106));
#11630=CARTESIAN_POINT('Ctrl Pts',(38.3173207498568,-37.,-52.6901645082971));
#11631=CARTESIAN_POINT('Ctrl Pts',(38.5072305951008,-37.,-52.7587929675351));
#11632=CARTESIAN_POINT('Ctrl Pts',(38.6971404403448,-37.,-52.8274214267731));
#11633=CARTESIAN_POINT('',(39.5191027969122,-37.,-53.4447473287582));
#11634=CARTESIAN_POINT('Ctrl Pts',(38.6971404403448,-37.,-52.8274214267731));
#11635=CARTESIAN_POINT('Ctrl Pts',(38.865292502438,-37.,-52.9074472320027));
#11636=CARTESIAN_POINT('Ctrl Pts',(39.0334445645313,-37.,-52.9874730372323));
#11637=CARTESIAN_POINT('Ctrl Pts',(39.1771819442511,-37.,-53.0994200706482));
#11638=CARTESIAN_POINT('Ctrl Pts',(39.3037822654514,-37.,-53.1980202428199));
#11639=CARTESIAN_POINT('Ctrl Pts',(39.4114425311818,-37.,-53.3213837857891));
#11640=CARTESIAN_POINT('Ctrl Pts',(39.5191027969122,-37.,-53.4447473287582));
#11641=CARTESIAN_POINT('',(39.9010970443487,-37.,-54.351978302002));
#11642=CARTESIAN_POINT('Ctrl Pts',(39.5191027969122,-37.,-53.4447473287582));
#11643=CARTESIAN_POINT('Ctrl Pts',(39.6038006579493,-37.,-53.5808723573152));
#11644=CARTESIAN_POINT('Ctrl Pts',(39.6884985189865,-37.,-53.7169973858721));
#11645=CARTESIAN_POINT('Ctrl Pts',(39.751026853919,-37.,-53.8625514507294));
#11646=CARTESIAN_POINT('Ctrl Pts',(39.8180118260061,-37.,-54.018479718804));
#11647=CARTESIAN_POINT('Ctrl Pts',(39.8595544351774,-37.,-54.185229010403));
#11648=CARTESIAN_POINT('Ctrl Pts',(39.9010970443487,-37.,-54.351978302002));
#11649=CARTESIAN_POINT('',(39.9693038314581,-37.,-55.5457025766373));
#11650=CARTESIAN_POINT('Ctrl Pts',(39.9010970443487,-37.,-54.351978302002));
#11651=CARTESIAN_POINT('Ctrl Pts',(39.9207806512021,-37.,-54.5081250418422));
#11652=CARTESIAN_POINT('Ctrl Pts',(39.9404642580554,-37.,-54.6642717816824));
#11653=CARTESIAN_POINT('Ctrl Pts',(39.9522521346807,-37.,-54.8209410905838));
#11654=CARTESIAN_POINT('Ctrl Pts',(39.9703673684573,-37.,-55.0617055002033));
#11655=CARTESIAN_POINT('Ctrl Pts',(39.9698355999577,-37.,-55.3037040384203));
#11656=CARTESIAN_POINT('Ctrl Pts',(39.9693038314581,-37.,-55.5457025766373));
#11657=CARTESIAN_POINT('',(39.9693038314581,-37.,-60.));
#11658=CARTESIAN_POINT('',(39.9693038314581,-37.,-40.7728512883186));
#11659=CARTESIAN_POINT('',(38.7414767593145,-37.,-60.));
#11660=CARTESIAN_POINT('',(1.60965191572904,-37.,-60.));
#11661=CARTESIAN_POINT('',(38.7414767593145,-37.,-55.5934512615204));
#11662=CARTESIAN_POINT('',(38.7414767593145,-37.,-43.));
#11663=CARTESIAN_POINT('',(38.5982253402472,-37.,-54.471350312233));
#11664=CARTESIAN_POINT('Ctrl Pts',(38.7414767593145,-37.,-55.5934512615204));
#11665=CARTESIAN_POINT('Ctrl Pts',(38.740298479447,-37.,-55.373364558635));
#11666=CARTESIAN_POINT('Ctrl Pts',(38.7391201995796,-37.,-55.1532778557496));
#11667=CARTESIAN_POINT('Ctrl Pts',(38.7056662887335,-37.,-54.9377554655075));
#11668=CARTESIAN_POINT('Ctrl Pts',(38.6812831944791,-37.,-54.7806706098868));
#11669=CARTESIAN_POINT('Ctrl Pts',(38.6397542673631,-37.,-54.6260104610599));
#11670=CARTESIAN_POINT('Ctrl Pts',(38.5982253402472,-37.,-54.471350312233));
#11671=CARTESIAN_POINT('',(38.0900409072638,-37.,-53.8778990507126));
#11672=CARTESIAN_POINT('Ctrl Pts',(38.5982253402472,-37.,-54.471350312233));
#11673=CARTESIAN_POINT('Ctrl Pts',(38.5401323582158,-37.,-54.3530190549818));
#11674=CARTESIAN_POINT('Ctrl Pts',(38.4820393761844,-37.,-54.2346877977307));
#11675=CARTESIAN_POINT('Ctrl Pts',(38.3995559066534,-37.,-54.1371077299118));
#11676=CARTESIAN_POINT('Ctrl Pts',(38.3139137728917,-37.,-54.0357908809947));
#11677=CARTESIAN_POINT('Ctrl Pts',(38.2019773400777,-37.,-53.9568449658536));
#11678=CARTESIAN_POINT('Ctrl Pts',(38.0900409072638,-37.,-53.8778990507126));
#11679=CARTESIAN_POINT('',(37.2339751571417,-37.,-53.6562073230743));
#11680=CARTESIAN_POINT('Ctrl Pts',(38.0900409072638,-37.,-53.8778990507126));
#11681=CARTESIAN_POINT('Ctrl Pts',(37.9603172389891,-37.,-53.8132632025716));
#11682=CARTESIAN_POINT('Ctrl Pts',(37.8305935707144,-37.,-53.7486273544307));
#11683=CARTESIAN_POINT('Ctrl Pts',(37.693560346961,-37.,-53.7116301059723));
#11684=CARTESIAN_POINT('Ctrl Pts',(37.5460146659331,-37.,-53.671794626149));
#11685=CARTESIAN_POINT('Ctrl Pts',(37.3899949115374,-37.,-53.6640009746117));
#11686=CARTESIAN_POINT('Ctrl Pts',(37.2339751571417,-37.,-53.6562073230743));
#11687=CARTESIAN_POINT('',(35.8799483627081,-37.,-54.1541612148285));
#11688=CARTESIAN_POINT('Ctrl Pts',(37.2339751571417,-37.,-53.6562073230743));
#11689=CARTESIAN_POINT('Ctrl Pts',(36.9824118633719,-37.,-53.6761148000331));
#11690=CARTESIAN_POINT('Ctrl Pts',(36.730848569602,-37.,-53.6960222769918));
#11691=CARTESIAN_POINT('Ctrl Pts',(36.5032412856817,-37.,-53.7806957960129));
#11692=CARTESIAN_POINT('Ctrl Pts',(36.2801311833884,-37.,-53.8636962921523));
#11693=CARTESIAN_POINT('Ctrl Pts',(36.0800397730483,-37.,-54.0089287534904));
#11694=CARTESIAN_POINT('Ctrl Pts',(35.8799483627081,-37.,-54.1541612148285));
#11695=CARTESIAN_POINT('Ctrl Pts',(35.8799483627081,-37.,-54.1541612148285));
#11696=CARTESIAN_POINT('Ctrl Pts',(35.7149674317695,-37.,-54.3869260757368));
#11697=CARTESIAN_POINT('Ctrl Pts',(35.5499865008309,-37.,-54.619690936645));
#11698=CARTESIAN_POINT('Ctrl Pts',(35.4527642577887,-37.,-54.8755121231079));
#11699=CARTESIAN_POINT('Ctrl Pts',(35.316293829203,-37.,-55.234607180632));
#11700=CARTESIAN_POINT('Ctrl Pts',(35.3133324874045,-37.,-55.6391315264885));
#11701=CARTESIAN_POINT('Ctrl Pts',(35.310371145606,-37.,-56.043655872345));
#11702=CARTESIAN_POINT('',(32.2135093063116,-37.,-50.));
#11703=CARTESIAN_POINT('',(32.2135093063116,-37.,-51.4120054244995));
#11704=CARTESIAN_POINT('',(32.2135093063116,-37.,-38.));
#11705=CARTESIAN_POINT('',(30.9856774657965,-37.,-51.4120054244995));
#11706=CARTESIAN_POINT('',(-2.2682453468442,-37.,-51.4120054244995));
#11707=CARTESIAN_POINT('',(30.9856774657965,-37.,-50.));
#11708=CARTESIAN_POINT('',(30.9856774657965,-37.,-38.7060027122498));
#11709=CARTESIAN_POINT('',(-2.88216126710177,-37.,-50.));
#11710=CARTESIAN_POINT('',(12.0020511001349,-37.,-56.207367181778));
#11711=CARTESIAN_POINT('',(12.0020511001349,-37.,-60.));
#11712=CARTESIAN_POINT('',(12.0020511001349,-37.,-41.103683590889));
#11713=CARTESIAN_POINT('',(10.7742192596197,-37.,-60.));
#11714=CARTESIAN_POINT('',(-12.3739744499326,-37.,-60.));
#11715=CARTESIAN_POINT('',(10.7742192596197,-37.,-52.7557981014252));
#11716=CARTESIAN_POINT('',(10.7742192596197,-37.,-43.));
#11717=CARTESIAN_POINT('',(11.8792655318975,-37.,-52.7557981014252));
#11718=CARTESIAN_POINT('',(-12.9878903701901,-37.,-52.7557981014252));
#11719=CARTESIAN_POINT('',(11.8792655318975,-37.,-53.8540244102478));
#11720=CARTESIAN_POINT('',(11.8792655318975,-37.,-39.3778990507126));
#11721=CARTESIAN_POINT('',(12.6603057235479,-37.,-52.8376531600952));
#11722=CARTESIAN_POINT('Ctrl Pts',(11.8792655318975,-37.,-53.8540244102478));
#11723=CARTESIAN_POINT('Ctrl Pts',(12.0023611459082,-37.,-53.6308867282349));
#11724=CARTESIAN_POINT('Ctrl Pts',(12.1254567599188,-37.,-53.4077490462219));
#11725=CARTESIAN_POINT('Ctrl Pts',(12.2859885543585,-37.,-53.2145291566849));
#11726=CARTESIAN_POINT('Ctrl Pts',(12.3985012134178,-37.,-53.0791062416739));
#11727=CARTESIAN_POINT('Ctrl Pts',(12.5294034684829,-37.,-52.9583797008846));
#11728=CARTESIAN_POINT('Ctrl Pts',(12.6603057235479,-37.,-52.8376531600952));
#11729=CARTESIAN_POINT('',(13.4481599181891,-37.,-52.5920873880386));
#11730=CARTESIAN_POINT('Ctrl Pts',(12.6603057235479,-37.,-52.8376531600952));
#11731=CARTESIAN_POINT('Ctrl Pts',(12.782461253477,-37.,-52.7660300423847));
#11732=CARTESIAN_POINT('Ctrl Pts',(12.9046167834061,-37.,-52.6944069246743));
#11733=CARTESIAN_POINT('Ctrl Pts',(13.0363252013922,-37.,-52.6534789800644));
#11734=CARTESIAN_POINT('Ctrl Pts',(13.1673051060959,-37.,-52.6127774184886));
#11735=CARTESIAN_POINT('Ctrl Pts',(13.3077325121424,-37.,-52.6024324032636));
#11736=CARTESIAN_POINT('Ctrl Pts',(13.448159918189,-37.,-52.5920873880386));
#11737=CARTESIAN_POINT('',(14.7100999206305,-37.,-52.9877215623856));
#11738=CARTESIAN_POINT('Ctrl Pts',(13.448159918189,-37.,-52.5920873880386));
#11739=CARTESIAN_POINT('Ctrl Pts',(13.6901159362305,-37.,-52.6143941430654));
#11740=CARTESIAN_POINT('Ctrl Pts',(13.8954168899858,-37.,-52.6333215420168));
#11741=CARTESIAN_POINT('Ctrl Pts',(14.3161991491927,-37.,-52.7683316683183));
#11742=CARTESIAN_POINT('Ctrl Pts',(14.5131495349116,-37.,-52.878026615352));
#11743=CARTESIAN_POINT('Ctrl Pts',(14.7100999206305,-37.,-52.9877215623856));
#11744=CARTESIAN_POINT('',(14.2871787399054,-37.,-54.1268759965897));
#11745=CARTESIAN_POINT('',(15.9961072327488,-37.,-49.5238115035259));
#11746=CARTESIAN_POINT('',(13.386771902442,-37.,-53.8608455657959));
#11747=CARTESIAN_POINT('Ctrl Pts',(14.2871787399054,-37.,-54.1268759965897));
#11748=CARTESIAN_POINT('Ctrl Pts',(14.1403101918722,-37.,-54.0493198779746));
#11749=CARTESIAN_POINT('Ctrl Pts',(13.993441643839,-37.,-53.9717637593595));
#11750=CARTESIAN_POINT('Ctrl Pts',(13.8369729369879,-37.,-53.9273536205292));
#11751=CARTESIAN_POINT('Ctrl Pts',(13.692371986397,-37.,-53.8863118785734));
#11752=CARTESIAN_POINT('Ctrl Pts',(13.5395719444195,-37.,-53.8735787221847));
#11753=CARTESIAN_POINT('Ctrl Pts',(13.386771902442,-37.,-53.8608455657959));
#11754=CARTESIAN_POINT('',(12.6637151092291,-37.,-54.1030013561249));
#11755=CARTESIAN_POINT('Ctrl Pts',(13.386771902442,-37.,-53.8608455657959));
#11756=CARTESIAN_POINT('Ctrl Pts',(13.2560542395334,-37.,-53.8709168670754));
#11757=CARTESIAN_POINT('Ctrl Pts',(13.1253365766248,-37.,-53.8809881683548));
#11758=CARTESIAN_POINT('Ctrl Pts',(13.0047776550055,-37.,-53.9213848114014));
#11759=CARTESIAN_POINT('Ctrl Pts',(12.8843301585666,-37.,-53.9617441183206));
#11760=CARTESIAN_POINT('Ctrl Pts',(12.7740226338979,-37.,-54.0323727372227));
#11761=CARTESIAN_POINT('Ctrl Pts',(12.6637151092291,-37.,-54.1030013561249));
#11762=CARTESIAN_POINT('',(12.2066905349493,-37.,-54.7748976945877));
#11763=CARTESIAN_POINT('Ctrl Pts',(12.6637151092291,-37.,-54.1030013561249));
#11764=CARTESIAN_POINT('Ctrl Pts',(12.5638748611541,-37.,-54.1936322367808));
#11765=CARTESIAN_POINT('Ctrl Pts',(12.4640346130792,-37.,-54.2842631174368));
#11766=CARTESIAN_POINT('Ctrl Pts',(12.3891570419073,-37.,-54.3920534849167));
#11767=CARTESIAN_POINT('Ctrl Pts',(12.3095014764376,-37.,-54.5067220370534));
#11768=CARTESIAN_POINT('Ctrl Pts',(12.2580960056935,-37.,-54.6408098658206));
#11769=CARTESIAN_POINT('Ctrl Pts',(12.2066905349493,-37.,-54.7748976945877));
#11770=CARTESIAN_POINT('Ctrl Pts',(12.2066905349493,-37.,-54.7748976945877));
#11771=CARTESIAN_POINT('Ctrl Pts',(12.1470207627217,-37.,-55.0021740434468));
#11772=CARTESIAN_POINT('Ctrl Pts',(12.0873509904942,-37.,-55.229450392306));
#11773=CARTESIAN_POINT('Ctrl Pts',(12.0532109588385,-37.,-55.4604369401932));
#11774=CARTESIAN_POINT('Ctrl Pts',(12.0168271717915,-37.,-55.7066044146059));
#11775=CARTESIAN_POINT('Ctrl Pts',(12.0094391359632,-37.,-55.9569857981919));
#11776=CARTESIAN_POINT('Ctrl Pts',(12.0020511001348,-37.,-56.207367181778));
#11777=CARTESIAN_POINT('',(-18.9256466937138,-37.,-56.000000834465));
#11778=CARTESIAN_POINT('',(-25.1111854092201,-37.,-56.000000834465));
#11779=CARTESIAN_POINT('',(-27.8378233468569,-37.,-56.000000834465));
#11780=CARTESIAN_POINT('',(-17.28853918612,-37.,-60.));
#11781=CARTESIAN_POINT('',(-26.6904904461982,-37.,-37.0279001102444));
#11782=CARTESIAN_POINT('',(-18.7960407882929,-37.,-60.));
#11783=CARTESIAN_POINT('',(-27.01926959306,-37.,-60.));
#11784=CARTESIAN_POINT('',(-19.9624798446894,-37.,-56.9713509082794));
#11785=CARTESIAN_POINT('',(-25.6571782454808,-37.,-42.1851149325552));
#11786=CARTESIAN_POINT('',(-24.1439268738031,-37.,-56.9713509082794));
#11787=CARTESIAN_POINT('',(-28.3562399223447,-37.,-56.9713509082794));
#11788=CARTESIAN_POINT('',(-25.2421531826258,-37.,-60.));
#11789=CARTESIAN_POINT('',(-19.9136315351353,-37.,-45.305194277137));
#11790=CARTESIAN_POINT('',(-26.6473374515772,-37.,-60.));
#11791=CARTESIAN_POINT('',(-30.9960765913129,-37.,-60.));
#11792=CARTESIAN_POINT('',(-21.6070542456786,-37.,-46.8755643570812));
#11793=CARTESIAN_POINT('',(-41.0982248932123,-37.,-59.7748982906342));
#11794=CARTESIAN_POINT('',(-42.5375155359507,-37.,-58.5845839977264));
#11795=CARTESIAN_POINT('Ctrl Pts',(-41.0982248932123,-37.,-59.7748982906342));
#11796=CARTESIAN_POINT('Ctrl Pts',(-41.3863728640249,-37.,-59.6281880124177));
#11797=CARTESIAN_POINT('Ctrl Pts',(-41.6745208348375,-37.,-59.4814777342012));
#11798=CARTESIAN_POINT('Ctrl Pts',(-41.9167790561914,-37.,-59.2795026302338));
#11799=CARTESIAN_POINT('Ctrl Pts',(-42.1527062766646,-37.,-59.0828057973358));
#11800=CARTESIAN_POINT('Ctrl Pts',(-42.3451109063077,-37.,-58.8336948975311));
#11801=CARTESIAN_POINT('Ctrl Pts',(-42.5375155359507,-37.,-58.5845839977264));
#11802=CARTESIAN_POINT('',(-43.086628690362,-37.,-56.7871761322021));
#11803=CARTESIAN_POINT('Ctrl Pts',(-42.5375155359507,-37.,-58.5845839977264));
#11804=CARTESIAN_POINT('Ctrl Pts',(-42.6909069057472,-37.,-58.3087110920132));
#11805=CARTESIAN_POINT('Ctrl Pts',(-42.8442982755438,-37.,-58.0328381863));
#11806=CARTESIAN_POINT('Ctrl Pts',(-42.9357079416513,-37.,-57.7378928661346));
#11807=CARTESIAN_POINT('Ctrl Pts',(-43.0297524728606,-37.,-57.4344458068853));
#11808=CARTESIAN_POINT('Ctrl Pts',(-43.0581905816113,-37.,-57.1108109695437));
#11809=CARTESIAN_POINT('Ctrl Pts',(-43.086628690362,-37.,-56.7871761322021));
#11810=CARTESIAN_POINT('',(-41.8383345752954,-37.,-56.6780358552933));
#11811=CARTESIAN_POINT('',(-38.606675226407,-37.,-56.3954869015204));
#11812=CARTESIAN_POINT('',(-41.4256463199854,-37.,-57.909277677536));
#11813=CARTESIAN_POINT('Ctrl Pts',(-41.8383345752954,-37.,-56.6780358552933));
#11814=CARTESIAN_POINT('Ctrl Pts',(-41.8031207811505,-37.,-56.9105018878809));
#11815=CARTESIAN_POINT('Ctrl Pts',(-41.7679069870055,-37.,-57.1429679204685));
#11816=CARTESIAN_POINT('Ctrl Pts',(-41.6908238083124,-37.,-57.3610174655914));
#11817=CARTESIAN_POINT('Ctrl Pts',(-41.623637052237,-37.,-57.5510724406056));
#11818=CARTESIAN_POINT('Ctrl Pts',(-41.5246416861112,-37.,-57.7301750590708));
#11819=CARTESIAN_POINT('Ctrl Pts',(-41.4256463199854,-37.,-57.909277677536));
#11820=CARTESIAN_POINT('',(-40.4195076972246,-37.,-58.6869037151337));
#11821=CARTESIAN_POINT('Ctrl Pts',(-41.4256463199854,-37.,-57.909277677536));
#11822=CARTESIAN_POINT('Ctrl Pts',(-41.2960456479746,-37.,-58.0646926031525));
#11823=CARTESIAN_POINT('Ctrl Pts',(-41.1664449759638,-37.,-58.220107528769));
#11824=CARTESIAN_POINT('Ctrl Pts',(-41.0121063143015,-37.,-58.3441340923309));
#11825=CARTESIAN_POINT('Ctrl Pts',(-40.8360365753565,-37.,-58.4856237517163));
#11826=CARTESIAN_POINT('Ctrl Pts',(-40.6277721362906,-37.,-58.586263733425));
#11827=CARTESIAN_POINT('Ctrl Pts',(-40.4195076972246,-37.,-58.6869037151337));
#11828=CARTESIAN_POINT('',(-38.8847190886736,-37.,-58.9836287498474));
#11829=CARTESIAN_POINT('Ctrl Pts',(-40.4195076972246,-37.,-58.6869037151337));
#11830=CARTESIAN_POINT('Ctrl Pts',(-40.1803518659919,-37.,-58.7734188392837));
#11831=CARTESIAN_POINT('Ctrl Pts',(-39.9411960347591,-37.,-58.8599339634338));
#11832=CARTESIAN_POINT('Ctrl Pts',(-39.6947465091944,-37.,-58.9094471931458));
#11833=CARTESIAN_POINT('Ctrl Pts',(-39.4303344654947,-37.,-58.9625692035384));
#11834=CARTESIAN_POINT('Ctrl Pts',(-39.1575267770841,-37.,-58.9730989766929));
#11835=CARTESIAN_POINT('Ctrl Pts',(-38.8847190886736,-37.,-58.9836287498474));
#11836=CARTESIAN_POINT('',(-37.5477472692728,-37.,-58.7585270404816));
#11837=CARTESIAN_POINT('Ctrl Pts',(-38.8847190886736,-37.,-58.9836287498474));
#11838=CARTESIAN_POINT('Ctrl Pts',(-38.6451341256549,-37.,-58.9762858882113));
#11839=CARTESIAN_POINT('Ctrl Pts',(-38.4055491626363,-37.,-58.9689430265751));
#11840=CARTESIAN_POINT('Ctrl Pts',(-38.1718949228525,-37.,-58.9273536205292));
#11841=CARTESIAN_POINT('Ctrl Pts',(-37.9606127874963,-37.,-58.8897463486658));
#11842=CARTESIAN_POINT('Ctrl Pts',(-37.7541800283846,-37.,-58.8241366945737));
#11843=CARTESIAN_POINT('Ctrl Pts',(-37.5477472692728,-37.,-58.7585270404816));
#11844=CARTESIAN_POINT('',(-36.6848549991846,-37.,-58.14120054245));
#11845=CARTESIAN_POINT('Ctrl Pts',(-37.5477472692728,-37.,-58.7585270404816));
#11846=CARTESIAN_POINT('Ctrl Pts',(-37.3815902758971,-37.,-58.6862357689303));
#11847=CARTESIAN_POINT('Ctrl Pts',(-37.2154332825214,-37.,-58.613944497379));
#11848=CARTESIAN_POINT('Ctrl Pts',(-36.9248368157207,-37.,-58.4098904317709));
#11849=CARTESIAN_POINT('Ctrl Pts',(-36.8168487984927,-37.,-58.2889842363942));
#11850=CARTESIAN_POINT('Ctrl Pts',(-36.6848549991846,-37.,-58.14120054245));
#11851=CARTESIAN_POINT('',(-36.4017716795206,-37.,-57.2851300239563));
#11852=CARTESIAN_POINT('Ctrl Pts',(-36.6848549991846,-37.,-58.14120054245));
#11853=CARTESIAN_POINT('Ctrl Pts',(-36.6022920667435,-37.,-58.0083664944466));
#11854=CARTESIAN_POINT('Ctrl Pts',(-36.5197291343024,-37.,-57.8755324464432));
#11855=CARTESIAN_POINT('Ctrl Pts',(-36.4725425094366,-37.,-57.7310717105865));
#11856=CARTESIAN_POINT('Ctrl Pts',(-36.426408534216,-37.,-57.5898336367188));
#11857=CARTESIAN_POINT('Ctrl Pts',(-36.4140901068683,-37.,-57.4374818303376));
#11858=CARTESIAN_POINT('Ctrl Pts',(-36.4017716795206,-37.,-57.2851300239563));
#11859=CARTESIAN_POINT('',(-36.6746232658625,-37.,-56.4631652832031));
#11860=CARTESIAN_POINT('Ctrl Pts',(-36.4017716795206,-37.,-57.2851300239563));
#11861=CARTESIAN_POINT('Ctrl Pts',(-36.4124270940303,-37.,-57.1341423396433));
#11862=CARTESIAN_POINT('Ctrl Pts',(-36.42308250854,-37.,-56.9831546553304));
#11863=CARTESIAN_POINT('Ctrl Pts',(-36.4699845761061,-37.,-56.8443048000336));
#11864=CARTESIAN_POINT('Ctrl Pts',(-36.5154703658158,-37.,-56.7096477231285));
#11865=CARTESIAN_POINT('Ctrl Pts',(-36.5950468158391,-37.,-56.5864065031658));
#11866=CARTESIAN_POINT('Ctrl Pts',(-36.6746232658625,-37.,-56.4631652832031));
#11867=CARTESIAN_POINT('',(-37.5750324875116,-37.,-55.8731245994568));
#11868=CARTESIAN_POINT('Ctrl Pts',(-36.6746232658625,-37.,-56.4631652832031));
#11869=CARTESIAN_POINT('Ctrl Pts',(-36.7897008492803,-37.,-56.3474144938977));
#11870=CARTESIAN_POINT('Ctrl Pts',(-36.9047784326982,-37.,-56.2316637045923));
#11871=CARTESIAN_POINT('Ctrl Pts',(-37.0361510664225,-37.,-56.1400079727173));
#11872=CARTESIAN_POINT('Ctrl Pts',(-37.1990710244509,-37.,-56.0263423821995));
#11873=CARTESIAN_POINT('Ctrl Pts',(-37.3870517559813,-37.,-55.9497334908282));
#11874=CARTESIAN_POINT('Ctrl Pts',(-37.5750324875116,-37.,-55.8731245994568));
#11875=CARTESIAN_POINT('',(-39.3553874641657,-37.,-55.3854030370712));
#11876=CARTESIAN_POINT('Ctrl Pts',(-37.5750324875116,-37.,-55.8731245994568));
#11877=CARTESIAN_POINT('Ctrl Pts',(-37.7898838904423,-37.,-55.8042457626203));
#11878=CARTESIAN_POINT('Ctrl Pts',(-38.004735293373,-37.,-55.7353669257838));
#11879=CARTESIAN_POINT('Ctrl Pts',(-38.2213491946459,-37.,-55.6727492809296));
#11880=CARTESIAN_POINT('Ctrl Pts',(-38.5958498265176,-37.,-55.5644905430258));
#11881=CARTESIAN_POINT('Ctrl Pts',(-38.9756186453416,-37.,-55.4749467900485));
#11882=CARTESIAN_POINT('Ctrl Pts',(-39.3553874641657,-37.,-55.3854030370712));
#11883=CARTESIAN_POINT('',(-41.2858102470636,-37.,-54.7612553834915));
#11884=CARTESIAN_POINT('Ctrl Pts',(-39.3553874641657,-37.,-55.3854030370712));
#11885=CARTESIAN_POINT('Ctrl Pts',(-39.7502061412977,-37.,-55.2910709478402));
#11886=CARTESIAN_POINT('Ctrl Pts',(-40.1450248184297,-37.,-55.1967388586091));
#11887=CARTESIAN_POINT('Ctrl Pts',(-40.5269426852465,-37.,-55.0639498233795));
#11888=CARTESIAN_POINT('Ctrl Pts',(-40.7837883664303,-37.,-54.9746471403405));
#11889=CARTESIAN_POINT('Ctrl Pts',(-41.034799306747,-37.,-54.867951261916));
#11890=CARTESIAN_POINT('Ctrl Pts',(-41.2858102470636,-37.,-54.7612553834915));
#11891=CARTESIAN_POINT('',(-42.3533413559198,-37.,-53.8301503658295));
#11892=CARTESIAN_POINT('Ctrl Pts',(-41.2858102470636,-37.,-54.7612553834915));
#11893=CARTESIAN_POINT('Ctrl Pts',(-41.5057193568031,-37.,-54.6342149680014));
#11894=CARTESIAN_POINT('Ctrl Pts',(-41.7256284665427,-37.,-54.5071745525112));
#11895=CARTESIAN_POINT('Ctrl Pts',(-41.9108102470636,-37.,-54.3408936262131));
#11896=CARTESIAN_POINT('Ctrl Pts',(-42.0769573151136,-37.,-54.1917046061089));
#11897=CARTESIAN_POINT('Ctrl Pts',(-42.2151493355167,-37.,-54.0109274859692));
#11898=CARTESIAN_POINT('Ctrl Pts',(-42.3533413559198,-37.,-53.8301503658295));
#11899=CARTESIAN_POINT('',(-42.7046368271112,-37.,-52.5852662324905));
#11900=CARTESIAN_POINT('Ctrl Pts',(-42.3533413559198,-37.,-53.8301503658295));
#11901=CARTESIAN_POINT('Ctrl Pts',(-42.4557981269216,-37.,-53.6379117647839));
#11902=CARTESIAN_POINT('Ctrl Pts',(-42.5582548979235,-37.,-53.4456731637384));
#11903=CARTESIAN_POINT('Ctrl Pts',(-42.6168129593134,-37.,-53.2409620285034));
#11904=CARTESIAN_POINT('Ctrl Pts',(-42.6768350728201,-37.,-53.0311327632663));
#11905=CARTESIAN_POINT('Ctrl Pts',(-42.6907359499657,-37.,-52.8081994978784));
#11906=CARTESIAN_POINT('Ctrl Pts',(-42.7046368271112,-37.,-52.5852662324905));
#11907=CARTESIAN_POINT('',(-42.2748962789774,-37.,-51.169850230217));
#11908=CARTESIAN_POINT('Ctrl Pts',(-42.7046368271112,-37.,-52.5852662324905));
#11909=CARTESIAN_POINT('Ctrl Pts',(-42.6860261956547,-37.,-52.3359266546654));
#11910=CARTESIAN_POINT('Ctrl Pts',(-42.6674155641982,-37.,-52.0865870768402));
#11911=CARTESIAN_POINT('Ctrl Pts',(-42.5972018390894,-37.,-51.8528312444687));
#11912=CARTESIAN_POINT('Ctrl Pts',(-42.5255711963505,-37.,-51.6143582038946));
#11913=CARTESIAN_POINT('Ctrl Pts',(-42.400233737664,-37.,-51.3921042170558));
#11914=CARTESIAN_POINT('Ctrl Pts',(-42.2748962789774,-37.,-51.169850230217));
#11915=CARTESIAN_POINT('',(-41.0197804123163,-37.,-50.1705324649811));
#11916=CARTESIAN_POINT('Ctrl Pts',(-42.2748962789774,-37.,-51.169850230217));
#11917=CARTESIAN_POINT('Ctrl Pts',(-42.110748973836,-37.,-50.9618689968629));
#11918=CARTESIAN_POINT('Ctrl Pts',(-41.9466016686946,-37.,-50.7538877635088));
#11919=CARTESIAN_POINT('Ctrl Pts',(-41.7462471872568,-37.,-50.5908942222595));
#11920=CARTESIAN_POINT('Ctrl Pts',(-41.5317561446996,-37.,-50.4164002237138));
#11921=CARTESIAN_POINT('Ctrl Pts',(-41.2757682785079,-37.,-50.2934663443474));
#11922=CARTESIAN_POINT('Ctrl Pts',(-41.0197804123163,-37.,-50.1705324649811));
#11923=CARTESIAN_POINT('',(-39.1848552972078,-37.,-49.8294687271118));
#11924=CARTESIAN_POINT('Ctrl Pts',(-41.0197804123163,-37.,-50.1705324649811));
#11925=CARTESIAN_POINT('Ctrl Pts',(-40.7319895382362,-37.,-50.0710828888764));
#11926=CARTESIAN_POINT('Ctrl Pts',(-40.4441986641561,-37.,-49.9716333127716));
#11927=CARTESIAN_POINT('Ctrl Pts',(-40.1483613997698,-37.,-49.9147346615791));
#11928=CARTESIAN_POINT('Ctrl Pts',(-39.8332776365025,-37.,-49.8541343136826));
#11929=CARTESIAN_POINT('Ctrl Pts',(-39.5090664668552,-37.,-49.8418015203972));
#11930=CARTESIAN_POINT('Ctrl Pts',(-39.1848552972078,-37.,-49.8294687271118));
#11931=CARTESIAN_POINT('',(-37.2237364202738,-37.,-50.1875859498978));
#11932=CARTESIAN_POINT('Ctrl Pts',(-39.1848552972078,-37.,-49.8294687271118));
#11933=CARTESIAN_POINT('Ctrl Pts',(-38.8327372584664,-37.,-49.8412964313797));
#11934=CARTESIAN_POINT('Ctrl Pts',(-38.480619219725,-37.,-49.8531241356476));
#11935=CARTESIAN_POINT('Ctrl Pts',(-38.1386408954859,-37.,-49.9189978837967));
#11936=CARTESIAN_POINT('Ctrl Pts',(-37.8280985842747,-37.,-49.9788162539927));
#11937=CARTESIAN_POINT('Ctrl Pts',(-37.5259175022742,-37.,-50.0832011019452));
#11938=CARTESIAN_POINT('Ctrl Pts',(-37.2237364202738,-37.,-50.1875859498978));
#11939=CARTESIAN_POINT('',(-35.9174606949091,-37.,-51.2414741516113));
#11940=CARTESIAN_POINT('Ctrl Pts',(-37.2237364202738,-37.,-50.1875859498978));
#11941=CARTESIAN_POINT('Ctrl Pts',(-36.9661972862856,-37.,-50.3142838770739));
#11942=CARTESIAN_POINT('Ctrl Pts',(-36.7086581522972,-37.,-50.44098180425));
#11943=CARTESIAN_POINT('Ctrl Pts',(-36.2715301048165,-37.,-50.7908048850281));
#11944=CARTESIAN_POINT('Ctrl Pts',(-36.1030262963965,-37.,-51.0052811589795));
#11945=CARTESIAN_POINT('Ctrl Pts',(-35.9174606949091,-37.,-51.2414741516113));
#11946=CARTESIAN_POINT('',(-35.4263285547495,-37.,-52.8171902894974));
#11947=CARTESIAN_POINT('Ctrl Pts',(-35.9174606949091,-37.,-51.2414741516113));
#11948=CARTESIAN_POINT('Ctrl Pts',(-35.7826661055913,-37.,-51.483189889039));
#11949=CARTESIAN_POINT('Ctrl Pts',(-35.6478715162735,-37.,-51.7249056264666));
#11950=CARTESIAN_POINT('Ctrl Pts',(-35.5661647766829,-37.,-51.983288526535));
#11951=CARTESIAN_POINT('Ctrl Pts',(-35.481993838861,-37.,-52.2494640112605));
#11952=CARTESIAN_POINT('Ctrl Pts',(-35.4541611968053,-37.,-52.533327150379));
#11953=CARTESIAN_POINT('Ctrl Pts',(-35.4263285547495,-37.,-52.8171902894974));
#11954=CARTESIAN_POINT('',(-36.6950873285532,-37.,-52.9126882553101));
#11955=CARTESIAN_POINT('',(-35.0808723934833,-37.,-52.791188214588));
#11956=CARTESIAN_POINT('',(-37.3874471336603,-37.,-51.4802187681198));
#11957=CARTESIAN_POINT('Ctrl Pts',(-36.6950873285532,-37.,-52.9126882553101));
#11958=CARTESIAN_POINT('Ctrl Pts',(-36.7427767300072,-37.,-52.6217889702974));
#11959=CARTESIAN_POINT('Ctrl Pts',(-36.7904661314611,-37.,-52.3308896852848));
#11960=CARTESIAN_POINT('Ctrl Pts',(-36.9193368405104,-37.,-52.0804917812347));
#11961=CARTESIAN_POINT('Ctrl Pts',(-37.0331563625082,-37.,-51.8593385808023));
#11962=CARTESIAN_POINT('Ctrl Pts',(-37.2103017480843,-37.,-51.669778674461));
#11963=CARTESIAN_POINT('Ctrl Pts',(-37.3874471336603,-37.,-51.4802187681198));
#11964=CARTESIAN_POINT('',(-39.1302851587534,-37.,-50.9959077835083));
#11965=CARTESIAN_POINT('Ctrl Pts',(-37.3874471336603,-37.,-51.4802187681198));
#11966=CARTESIAN_POINT('Ctrl Pts',(-37.6889634430238,-37.,-51.3015906978432));
#11967=CARTESIAN_POINT('Ctrl Pts',(-37.9166587573028,-37.,-51.1666965865212));
#11968=CARTESIAN_POINT('Ctrl Pts',(-38.5062759484146,-37.,-51.0131358204441));
#11969=CARTESIAN_POINT('Ctrl Pts',(-38.818280553584,-37.,-51.0045218019762));
#11970=CARTESIAN_POINT('Ctrl Pts',(-39.1302851587534,-37.,-50.9959077835083));
#11971=CARTESIAN_POINT('',(-40.8799443393946,-37.,-51.4358806610107));
#11972=CARTESIAN_POINT('Ctrl Pts',(-39.1302851587534,-37.,-50.9959077835083));
#11973=CARTESIAN_POINT('Ctrl Pts',(-39.4848310466034,-37.,-51.001293462666));
#11974=CARTESIAN_POINT('Ctrl Pts',(-39.8393769344534,-37.,-51.0066791418237));
#11975=CARTESIAN_POINT('Ctrl Pts',(-40.167972818017,-37.,-51.1059010028839));
#11976=CARTESIAN_POINT('Ctrl Pts',(-40.4150801335584,-37.,-51.1805168120161));
#11977=CARTESIAN_POINT('Ctrl Pts',(-40.6475122364765,-37.,-51.3081987365134));
#11978=CARTESIAN_POINT('Ctrl Pts',(-40.8799443393946,-37.,-51.4358806610107));
#11979=CARTESIAN_POINT('',(-41.4290568977594,-37.,-52.4965900182724));
#11980=CARTESIAN_POINT('Ctrl Pts',(-40.8799443393946,-37.,-51.4358806610107));
#11981=CARTESIAN_POINT('Ctrl Pts',(-41.04003941362,-37.,-51.586040667464));
#11982=CARTESIAN_POINT('Ctrl Pts',(-41.2001344878454,-37.,-51.7362006739173));
#11983=CARTESIAN_POINT('Ctrl Pts',(-41.2917790561914,-37.,-51.9210439920425));
#11984=CARTESIAN_POINT('Ctrl Pts',(-41.3769867815083,-37.,-52.0929044630091));
#11985=CARTESIAN_POINT('Ctrl Pts',(-41.4030218396339,-37.,-52.2947472406407));
#11986=CARTESIAN_POINT('Ctrl Pts',(-41.4290568977594,-37.,-52.4965900182724));
#11987=CARTESIAN_POINT('',(-41.0402438789606,-37.,-53.3833563327789));
#11988=CARTESIAN_POINT('Ctrl Pts',(-41.4290568977594,-37.,-52.4965900182724));
#11989=CARTESIAN_POINT('Ctrl Pts',(-41.413463579088,-37.,-52.667711719471));
#11990=CARTESIAN_POINT('Ctrl Pts',(-41.3978702604165,-37.,-52.8388334206697));
#11991=CARTESIAN_POINT('Ctrl Pts',(-41.3318536430597,-37.,-52.987722158432));
#11992=CARTESIAN_POINT('Ctrl Pts',(-41.2670459899239,-37.,-53.1338842924381));
#11993=CARTESIAN_POINT('Ctrl Pts',(-41.1536449344423,-37.,-53.2586203126085));
#11994=CARTESIAN_POINT('Ctrl Pts',(-41.0402438789606,-37.,-53.3833563327789));
#11995=CARTESIAN_POINT('',(-39.0450192242861,-37.,-54.0961802005768));
#11996=CARTESIAN_POINT('Ctrl Pts',(-41.0402438789606,-37.,-53.3833563327789));
#11997=CARTESIAN_POINT('Ctrl Pts',(-40.8137490151224,-37.,-53.5095855886857));
#11998=CARTESIAN_POINT('Ctrl Pts',(-40.5872541512841,-37.,-53.6358148445925));
#11999=CARTESIAN_POINT('Ctrl Pts',(-40.3504417091608,-37.,-53.7355053424835));
#12000=CARTESIAN_POINT('Ctrl Pts',(-39.9363340189134,-37.,-53.9098314946531));
#12001=CARTESIAN_POINT('Ctrl Pts',(-39.4906766215998,-37.,-54.003005847615));
#12002=CARTESIAN_POINT('Ctrl Pts',(-39.0450192242861,-37.,-54.0961802005768));
#12003=CARTESIAN_POINT('',(-36.8315128237009,-37.,-54.7339701652527));
#12004=CARTESIAN_POINT('Ctrl Pts',(-39.0450192242861,-37.,-54.0961802005768));
#12005=CARTESIAN_POINT('Ctrl Pts',(-38.5881372869977,-37.,-54.1982535369911));
#12006=CARTESIAN_POINT('Ctrl Pts',(-38.1312553497093,-37.,-54.3003268734054));
#12007=CARTESIAN_POINT('Ctrl Pts',(-37.6850258558989,-37.,-54.4380974769592));
#12008=CARTESIAN_POINT('Ctrl Pts',(-37.3975745811983,-37.,-54.5268462848196));
#12009=CARTESIAN_POINT('Ctrl Pts',(-37.1145437024496,-37.,-54.6304082250361));
#12010=CARTESIAN_POINT('Ctrl Pts',(-36.8315128237009,-37.,-54.7339701652527));
#12011=CARTESIAN_POINT('',(-35.5422905832529,-37.,-55.7537519931793));
#12012=CARTESIAN_POINT('Ctrl Pts',(-36.8315128237009,-37.,-54.7339701652527));
#12013=CARTESIAN_POINT('Ctrl Pts',(-36.5650310077069,-37.,-54.8692509456006));
#12014=CARTESIAN_POINT('Ctrl Pts',(-36.298549191713,-37.,-55.0045317259486));
#12015=CARTESIAN_POINT('Ctrl Pts',(-36.0726452618837,-37.,-55.1901441812515));
#12016=CARTESIAN_POINT('Ctrl Pts',(-35.8751936246845,-37.,-55.3523790003264));
#12017=CARTESIAN_POINT('Ctrl Pts',(-35.7087421039687,-37.,-55.5530654967529));
#12018=CARTESIAN_POINT('Ctrl Pts',(-35.5422905832529,-37.,-55.7537519931793));
#12019=CARTESIAN_POINT('',(-35.1261923462152,-37.,-57.175989151001));
#12020=CARTESIAN_POINT('Ctrl Pts',(-35.5422905832529,-37.,-55.7537519931793));
#12021=CARTESIAN_POINT('Ctrl Pts',(-35.4209433489008,-37.,-55.9700315258336));
#12022=CARTESIAN_POINT('Ctrl Pts',(-35.2995961145487,-37.,-56.1863110584879));
#12023=CARTESIAN_POINT('Ctrl Pts',(-35.2302169054747,-37.,-56.4179742336273));
#12024=CARTESIAN_POINT('Ctrl Pts',(-35.1578844867122,-37.,-56.6594984311448));
#12025=CARTESIAN_POINT('Ctrl Pts',(-35.1420384164637,-37.,-56.9177437910729));
#12026=CARTESIAN_POINT('Ctrl Pts',(-35.1261923462152,-37.,-57.175989151001));
#12027=CARTESIAN_POINT('',(-35.5832181125879,-37.,-58.6800825595856));
#12028=CARTESIAN_POINT('Ctrl Pts',(-35.1261923462153,-37.,-57.175989151001));
#12029=CARTESIAN_POINT('Ctrl Pts',(-35.1470877175315,-37.,-57.4504574085129));
#12030=CARTESIAN_POINT('Ctrl Pts',(-35.166916467517,-37.,-57.7109152091797));
#12031=CARTESIAN_POINT('Ctrl Pts',(-35.3202979943787,-37.,-58.2120694918695));
#12032=CARTESIAN_POINT('Ctrl Pts',(-35.4517580534834,-37.,-58.4460760257276));
#12033=CARTESIAN_POINT('Ctrl Pts',(-35.5832181125879,-37.,-58.6800825595856));
#12034=CARTESIAN_POINT('',(-36.8963149935007,-37.,-59.7783088684082));
#12035=CARTESIAN_POINT('Ctrl Pts',(-35.5832181125879,-37.,-58.6800825595856));
#12036=CARTESIAN_POINT('Ctrl Pts',(-35.7562441056914,-37.,-58.9041649884863));
#12037=CARTESIAN_POINT('Ctrl Pts',(-35.9292700987948,-37.,-59.128247417387));
#12038=CARTESIAN_POINT('Ctrl Pts',(-36.1400052160025,-37.,-59.3076395988464));
#12039=CARTESIAN_POINT('Ctrl Pts',(-36.3637653993756,-37.,-59.4981196097291));
#12040=CARTESIAN_POINT('Ctrl Pts',(-36.6300401964382,-37.,-59.6382142390687));
#12041=CARTESIAN_POINT('Ctrl Pts',(-36.8963149935007,-37.,-59.7783088684082));
#12042=CARTESIAN_POINT('',(-38.8233274966478,-37.,-60.1705324649811));
#12043=CARTESIAN_POINT('Ctrl Pts',(-36.8963149935007,-37.,-59.7783088684082));
#12044=CARTESIAN_POINT('Ctrl Pts',(-37.1961971802048,-37.,-59.89267200372));
#12045=CARTESIAN_POINT('Ctrl Pts',(-37.4960793669089,-37.,-60.0070351390317));
#12046=CARTESIAN_POINT('Ctrl Pts',(-37.8061036020517,-37.,-60.0724756717682));
#12047=CARTESIAN_POINT('Ctrl Pts',(-38.1374546333815,-37.,-60.1424179071002));
#12048=CARTESIAN_POINT('Ctrl Pts',(-38.4803910650146,-37.,-60.1564751860406));
#12049=CARTESIAN_POINT('Ctrl Pts',(-38.8233274966478,-37.,-60.1705324649811));
#12050=CARTESIAN_POINT('Ctrl Pts',(-38.8233274966478,-37.,-60.1705324649811));
#12051=CARTESIAN_POINT('Ctrl Pts',(-39.2432048868931,-37.,-60.1598759419372));
#12052=CARTESIAN_POINT('Ctrl Pts',(-39.6630822771383,-37.,-60.1492194188934));
#12053=CARTESIAN_POINT('Ctrl Pts',(-40.0707695633173,-37.,-60.0716245174408));
#12054=CARTESIAN_POINT('Ctrl Pts',(-40.4191903456497,-37.,-60.0053097777232));
#12055=CARTESIAN_POINT('Ctrl Pts',(-40.758707619431,-37.,-59.8901040341787));
#12056=CARTESIAN_POINT('Ctrl Pts',(-41.0982248932123,-37.,-59.7748982906342));
#12057=CARTESIAN_POINT('',(1.48105353310294,-37.,-57.0000008493662));
#12058=CARTESIAN_POINT('',(0.237377954031671,-37.,-57.0000008493662));
#12059=CARTESIAN_POINT('',(-17.6344732334485,-37.,-57.0000008493662));
#12060=CARTESIAN_POINT('',(0.603683218359947,-37.,-59.1473400592804));
#12061=CARTESIAN_POINT('Ctrl Pts',(0.603683218359947,-37.,-59.1473400592804));
#12062=CARTESIAN_POINT('Ctrl Pts',(0.871772352557278,-37.,-58.7508436493099));
#12063=CARTESIAN_POINT('Ctrl Pts',(1.13986148675461,-37.,-58.3543472393394));
#12064=CARTESIAN_POINT('Ctrl Pts',(1.29433654248715,-37.,-57.9195082187653));
#12065=CARTESIAN_POINT('Ctrl Pts',(1.39822693386379,-37.,-57.6270623230894));
#12066=CARTESIAN_POINT('Ctrl Pts',(1.45072879533939,-37.,-57.3172737669077));
#12067=CARTESIAN_POINT('Ctrl Pts',(1.48105353310294,-37.,-57.0000008493662));
#12068=CARTESIAN_POINT('',(-1.60640932619572,-37.,-60.163711309433));
#12069=CARTESIAN_POINT('Ctrl Pts',(0.603683218359947,-37.,-59.1473400592804));
#12070=CARTESIAN_POINT('Ctrl Pts',(0.28529311778513,-37.,-59.4437551662664));
#12071=CARTESIAN_POINT('Ctrl Pts',(-0.0330969827896916,-37.,-59.7401702732524));
#12072=CARTESIAN_POINT('Ctrl Pts',(-0.409276261925689,-37.,-59.9096190929413));
#12073=CARTESIAN_POINT('Ctrl Pts',(-0.772418569014766,-37.,-60.0731954479618));
#12074=CARTESIAN_POINT('Ctrl Pts',(-1.18941394760524,-37.,-60.1184533786974));
#12075=CARTESIAN_POINT('Ctrl Pts',(-1.60640932619572,-37.,-60.163711309433));
#12076=CARTESIAN_POINT('',(-3.6186907440424,-37.,-59.0927696228027));
#12077=CARTESIAN_POINT('Ctrl Pts',(-1.60640932619572,-37.,-60.163711309433));
#12078=CARTESIAN_POINT('Ctrl Pts',(-2.01123567916154,-37.,-60.1185279652958));
#12079=CARTESIAN_POINT('Ctrl Pts',(-2.41606203212737,-37.,-60.0733446211586));
#12080=CARTESIAN_POINT('Ctrl Pts',(-2.75068022310734,-37.,-59.8959755897522));
#12081=CARTESIAN_POINT('Ctrl Pts',(-3.08741708982521,-37.,-59.7174835247701));
#12082=CARTESIAN_POINT('Ctrl Pts',(-3.3530539169338,-37.,-59.4051265737864));
#12083=CARTESIAN_POINT('Ctrl Pts',(-3.6186907440424,-37.,-59.0927696228027));
#12084=CARTESIAN_POINT('',(-3.6186907440424,-37.,-60.));
#12085=CARTESIAN_POINT('',(-3.6186907440424,-37.,-42.5463848114014));
#12086=CARTESIAN_POINT('',(-4.75784279406071,-37.,-60.));
#12087=CARTESIAN_POINT('',(-20.1843453720212,-37.,-60.));
#12088=CARTESIAN_POINT('',(-4.75784279406071,-37.,-57.0000008493662));
#12089=CARTESIAN_POINT('',(-4.75784279406071,-37.,-43.));
#12090=CARTESIAN_POINT('',(-3.61106462337454,-37.,-57.0000008493662));
#12091=CARTESIAN_POINT('',(-17.6344732334485,-37.,-57.0000008493662));
#12092=CARTESIAN_POINT('',(-3.27762342989445,-37.,-58.2060027122498));
#12093=CARTESIAN_POINT('Ctrl Pts',(-3.61106462337454,-37.,-57.0000008493662));
#12094=CARTESIAN_POINT('Ctrl Pts',(-3.59838476212962,-37.,-57.1505398823491));
#12095=CARTESIAN_POINT('Ctrl Pts',(-3.57771276133203,-37.,-57.2993949023682));
#12096=CARTESIAN_POINT('Ctrl Pts',(-3.54365564882756,-37.,-57.4454295635223));
#12097=CARTESIAN_POINT('Ctrl Pts',(-3.48314640590863,-37.,-57.7048892222118));
#12098=CARTESIAN_POINT('Ctrl Pts',(-3.38038491790154,-37.,-57.9554459672308));
#12099=CARTESIAN_POINT('Ctrl Pts',(-3.27762342989445,-37.,-58.2060027122498));
#12100=CARTESIAN_POINT('',(-1.70872904360294,-37.,-59.1541612148285));
#12101=CARTESIAN_POINT('Ctrl Pts',(-3.27762342989445,-37.,-58.2060027122498));
#12102=CARTESIAN_POINT('Ctrl Pts',(-3.07353127032369,-37.,-58.4824461048342));
#12103=CARTESIAN_POINT('Ctrl Pts',(-2.86943911075295,-37.,-58.7588894974186));
#12104=CARTESIAN_POINT('Ctrl Pts',(-2.59549595415592,-37.,-58.917121887207));
#12105=CARTESIAN_POINT('Ctrl Pts',(-2.34031425274325,-37.,-59.0645174671747));
#12106=CARTESIAN_POINT('Ctrl Pts',(-2.02452164817309,-37.,-59.1093393410016));
#12107=CARTESIAN_POINT('Ctrl Pts',(-1.70872904360294,-37.,-59.1541612148285));
#12108=CARTESIAN_POINT('',(-0.31718946993351,-37.,-58.4549796581268));
#12109=CARTESIAN_POINT('Ctrl Pts',(-1.70872904360294,-37.,-59.1541612148285));
#12110=CARTESIAN_POINT('Ctrl Pts',(-1.44625021712568,-37.,-59.1210303858705));
#12111=CARTESIAN_POINT('Ctrl Pts',(-1.18377139064841,-37.,-59.0878995569126));
#12112=CARTESIAN_POINT('Ctrl Pts',(-0.958387628197675,-37.,-58.9793658256531));
#12113=CARTESIAN_POINT('Ctrl Pts',(-0.716068895166744,-37.,-58.8626770457519));
#12114=CARTESIAN_POINT('Ctrl Pts',(-0.516629182550123,-37.,-58.6588283519393));
#12115=CARTESIAN_POINT('Ctrl Pts',(-0.31718946993351,-37.,-58.4549796581268));
#12116=CARTESIAN_POINT('Ctrl Pts',(-0.31718946993351,-37.,-58.4549796581268));
#12117=CARTESIAN_POINT('Ctrl Pts',(-0.146640907378903,-37.,-58.1720270613627));
#12118=CARTESIAN_POINT('Ctrl Pts',(0.0239076551757096,-37.,-57.8890744645986));
#12119=CARTESIAN_POINT('Ctrl Pts',(0.122788175940515,-37.,-57.5844132900238));
#12120=CARTESIAN_POINT('Ctrl Pts',(0.183773265352305,-37.,-57.3965118830729));
#12121=CARTESIAN_POINT('Ctrl Pts',(0.217496752457199,-37.,-57.2003528120342));
#12122=CARTESIAN_POINT('Ctrl Pts',(0.237377954031671,-37.,-57.0000008493662));
#12123=CARTESIAN_POINT('Ctrl Pts',(19.9181487411261,-47.5,-62.5306963920593));
#12124=CARTESIAN_POINT('Ctrl Pts',(19.9181487411261,-20.,-62.5306963920593));
#12125=CARTESIAN_POINT('Ctrl Pts',(19.6443780210428,-47.5,-62.6499346148486));
#12126=CARTESIAN_POINT('Ctrl Pts',(19.6443780210428,-20.,-62.6499346148486));
#12127=CARTESIAN_POINT('Ctrl Pts',(19.0590062809379,-47.5,-62.9048876863093));
#12128=CARTESIAN_POINT('Ctrl Pts',(19.0590062809379,-20.,-62.9048876863093));
#12129=CARTESIAN_POINT('Ctrl Pts',(18.4199765952485,-47.5,-62.9277845682812));
#12130=CARTESIAN_POINT('Ctrl Pts',(18.4199765952485,-20.,-62.9277845682812));
#12131=CARTESIAN_POINT('Ctrl Pts',(18.0798127502203,-47.5,-62.9399728775024));
#12132=CARTESIAN_POINT('Ctrl Pts',(18.0798127502203,-20.,-62.9399728775024));
#12133=CARTESIAN_POINT('',(18.0798127502203,-30.,-62.9399728775024));
#12134=CARTESIAN_POINT('',(19.9181487411261,-30.,-62.5306963920593));
#12135=CARTESIAN_POINT('Ctrl Pts',(18.0798127502203,-47.5,-62.9399728775024));
#12136=CARTESIAN_POINT('Ctrl Pts',(18.0798127502203,-20.,-62.9399728775024));
#12137=CARTESIAN_POINT('Ctrl Pts',(17.6799289251007,-47.5,-62.9235431229768));
#12138=CARTESIAN_POINT('Ctrl Pts',(17.6799289251007,-20.,-62.9235431229768));
#12139=CARTESIAN_POINT('Ctrl Pts',(16.9342106153915,-47.5,-62.8929043023891));
#12140=CARTESIAN_POINT('Ctrl Pts',(16.9342106153915,-20.,-62.8929043023891));
#12141=CARTESIAN_POINT('Ctrl Pts',(16.286199322934,-47.5,-62.5266209814433));
#12142=CARTESIAN_POINT('Ctrl Pts',(16.286199322934,-20.,-62.5266209814433));
#12143=CARTESIAN_POINT('Ctrl Pts',(15.9856774657965,-47.5,-62.3567533493042));
#12144=CARTESIAN_POINT('Ctrl Pts',(15.9856774657965,-20.,-62.3567533493042));
#12145=CARTESIAN_POINT('',(15.9856774657965,-30.,-62.3567533493042));
#12146=CARTESIAN_POINT('Ctrl Pts',(15.9856774657965,-47.5,-62.3567533493042));
#12147=CARTESIAN_POINT('Ctrl Pts',(15.9856774657965,-20.,-62.3567533493042));
#12148=CARTESIAN_POINT('Ctrl Pts',(15.7544175684871,-47.5,-62.1286419495585));
#12149=CARTESIAN_POINT('Ctrl Pts',(15.7544175684871,-20.,-62.1286419495585));
#12150=CARTESIAN_POINT('Ctrl Pts',(15.2670617129722,-47.5,-61.6479212207629));
#12151=CARTESIAN_POINT('Ctrl Pts',(15.2670617129722,-20.,-61.6479212207629));
#12152=CARTESIAN_POINT('Ctrl Pts',(15.2328516736585,-47.5,-60.9611555304956));
#12153=CARTESIAN_POINT('Ctrl Pts',(15.2328516736585,-20.,-60.9611555304956));
#12154=CARTESIAN_POINT('Ctrl Pts',(15.2148749679327,-47.5,-60.6002736091614));
#12155=CARTESIAN_POINT('Ctrl Pts',(15.2148749679327,-20.,-60.6002736091614));
#12156=CARTESIAN_POINT('',(15.2148749679327,-30.,-60.6002736091614));
#12157=CARTESIAN_POINT('Origin',(15.2148749679327,-30.,-60.6002736091614));
#12158=CARTESIAN_POINT('',(16.4085986465216,-30.,-60.7776260375977));
#12159=CARTESIAN_POINT('Ctrl Pts',(16.4085986465216,-47.5,-60.7776260375977));
#12160=CARTESIAN_POINT('Ctrl Pts',(16.4085986465216,-20.,-60.7776260375977));
#12161=CARTESIAN_POINT('Ctrl Pts',(16.439772314806,-47.5,-60.9453890459514));
#12162=CARTESIAN_POINT('Ctrl Pts',(16.439772314806,-20.,-60.9453890459514));
#12163=CARTESIAN_POINT('Ctrl Pts',(16.497692533638,-47.5,-61.2570902569581));
#12164=CARTESIAN_POINT('Ctrl Pts',(16.497692533638,-20.,-61.2570902569581));
#12165=CARTESIAN_POINT('Ctrl Pts',(16.7213945730815,-47.5,-61.479727759631));
#12166=CARTESIAN_POINT('Ctrl Pts',(16.7213945730815,-20.,-61.479727759631));
#12167=CARTESIAN_POINT('Ctrl Pts',(16.8246962875128,-47.5,-61.5825378894806));
#12168=CARTESIAN_POINT('Ctrl Pts',(16.8246962875128,-20.,-61.5825378894806));
#12169=CARTESIAN_POINT('',(16.8246962875128,-30.,-61.5825378894806));
#12170=CARTESIAN_POINT('Ctrl Pts',(16.8246962875128,-47.5,-61.5825378894806));
#12171=CARTESIAN_POINT('Ctrl Pts',(16.8246962875128,-20.,-61.5825378894806));
#12172=CARTESIAN_POINT('Ctrl Pts',(17.0008484356834,-47.5,-61.6818145999851));
#12173=CARTESIAN_POINT('Ctrl Pts',(17.0008484356834,-20.,-61.6818145999851));
#12174=CARTESIAN_POINT('Ctrl Pts',(17.3869600819194,-47.5,-61.8994213366836));
#12175=CARTESIAN_POINT('Ctrl Pts',(17.3869600819194,-20.,-61.8994213366836));
#12176=CARTESIAN_POINT('Ctrl Pts',(17.8313460916315,-47.5,-61.9150843861784));
#12177=CARTESIAN_POINT('Ctrl Pts',(17.8313460916315,-20.,-61.9150843861784));
#12178=CARTESIAN_POINT('Ctrl Pts',(18.072993978858,-47.5,-61.9236016273499));
#12179=CARTESIAN_POINT('Ctrl Pts',(18.072993978858,-20.,-61.9236016273499));
#12180=CARTESIAN_POINT('',(18.072993978858,-30.,-61.9236016273499));
#12181=CARTESIAN_POINT('Ctrl Pts',(18.072993978858,-47.5,-61.9236016273499));
#12182=CARTESIAN_POINT('Ctrl Pts',(18.072993978858,-20.,-61.9236016273499));
#12183=CARTESIAN_POINT('Ctrl Pts',(18.3306744263714,-47.5,-61.916356301093));
#12184=CARTESIAN_POINT('Ctrl Pts',(18.3306744263714,-20.,-61.916356301093));
#12185=CARTESIAN_POINT('Ctrl Pts',(18.7973505442452,-47.5,-61.903234542097));
#12186=CARTESIAN_POINT('Ctrl Pts',(18.7973505442452,-20.,-61.903234542097));
#12187=CARTESIAN_POINT('Ctrl Pts',(19.2063380054497,-47.5,-61.6817342938044));
#12188=CARTESIAN_POINT('Ctrl Pts',(19.2063380054497,-20.,-61.6817342938044));
#12189=CARTESIAN_POINT('Ctrl Pts',(19.3894984573126,-47.5,-61.5825378894806));
#12190=CARTESIAN_POINT('Ctrl Pts',(19.3894984573126,-20.,-61.5825378894806));
#12191=CARTESIAN_POINT('',(19.3894984573126,-30.,-61.5825378894806));
#12192=CARTESIAN_POINT('Ctrl Pts',(19.3894984573126,-47.5,-61.5825378894806));
#12193=CARTESIAN_POINT('Ctrl Pts',(19.3894984573126,-20.,-61.5825378894806));
#12194=CARTESIAN_POINT('Ctrl Pts',(19.5322867209192,-47.5,-61.4548642096988));
#12195=CARTESIAN_POINT('Ctrl Pts',(19.5322867209192,-20.,-61.4548642096988));
#12196=CARTESIAN_POINT('Ctrl Pts',(19.8257344460513,-47.5,-61.1924788431086));
#12197=CARTESIAN_POINT('Ctrl Pts',(19.8257344460513,-20.,-61.1924788431086));
#12198=CARTESIAN_POINT('Ctrl Pts',(19.9521538740254,-47.5,-60.8192025859795));
#12199=CARTESIAN_POINT('Ctrl Pts',(19.9521538740254,-20.,-60.8192025859795));
#12200=CARTESIAN_POINT('Ctrl Pts',(20.0170590728521,-47.5,-60.6275582313538));
#12201=CARTESIAN_POINT('Ctrl Pts',(20.0170590728521,-20.,-60.6275582313538));
#12202=CARTESIAN_POINT('',(20.0170590728521,-30.,-60.6275582313538));
#12203=CARTESIAN_POINT('Ctrl Pts',(20.0170590728521,-47.5,-60.6275582313538));
#12204=CARTESIAN_POINT('Ctrl Pts',(20.0170590728521,-20.,-60.6275582313538));
#12205=CARTESIAN_POINT('Ctrl Pts',(20.0440022279694,-47.5,-60.4339722637303));
#12206=CARTESIAN_POINT('Ctrl Pts',(20.0440022279694,-20.,-60.4339722637303));
#12207=CARTESIAN_POINT('Ctrl Pts',(20.1166881900195,-47.5,-59.9117252501607));
#12208=CARTESIAN_POINT('Ctrl Pts',(20.1166881900195,-20.,-59.9117252501607));
#12209=CARTESIAN_POINT('Ctrl Pts',(20.1099665492685,-47.5,-59.3839693817526));
#12210=CARTESIAN_POINT('Ctrl Pts',(20.1099665492685,-20.,-59.3839693817526));
#12211=CARTESIAN_POINT('Ctrl Pts',(20.1057364791632,-47.5,-59.0518414974213));
#12212=CARTESIAN_POINT('Ctrl Pts',(20.1057364791632,-20.,-59.0518414974213));
#12213=CARTESIAN_POINT('',(20.1057364791632,-30.,-59.0518414974213));
#12214=CARTESIAN_POINT('Ctrl Pts',(20.1057364791632,-47.5,-59.0518414974213));
#12215=CARTESIAN_POINT('Ctrl Pts',(20.1057364791632,-20.,-59.0518414974213));
#12216=CARTESIAN_POINT('Ctrl Pts',(19.8230234900678,-47.5,-59.3283795997491));
#12217=CARTESIAN_POINT('Ctrl Pts',(19.8230234900678,-20.,-59.3283795997491));
#12218=CARTESIAN_POINT('Ctrl Pts',(19.2632972657074,-47.5,-59.8758805419699));
#12219=CARTESIAN_POINT('Ctrl Pts',(19.2632972657074,-20.,-59.8758805419699));
#12220=CARTESIAN_POINT('Ctrl Pts',(18.4853107150067,-47.5,-59.9589086755348));
#12221=CARTESIAN_POINT('Ctrl Pts',(18.4853107150067,-20.,-59.9589086755348));
#12222=CARTESIAN_POINT('Ctrl Pts',(18.1002786010504,-47.5,-60.));
#12223=CARTESIAN_POINT('Ctrl Pts',(18.1002786010504,-20.,-60.));
#12224=CARTESIAN_POINT('',(18.1002786010504,-30.,-60.));
#12225=CARTESIAN_POINT('Origin',(20.221693739295,-30.,-52.7557992935181));
#12226=CARTESIAN_POINT('',(21.3540294021368,-29.,-52.7557992935181));
#12227=CARTESIAN_POINT('',(20.221693739295,-29.,-52.7557992935181));
#12228=CARTESIAN_POINT('Origin',(21.3540294021368,-30.,-52.7557992935181));
#12229=CARTESIAN_POINT('',(21.3540294021368,-30.,-56.000000834465));
#12230=CARTESIAN_POINT('Origin',(14.5000002160668,-30.,-56.000000834465));
#12231=CARTESIAN_POINT('Ctrl Pts',(20.1976891769733,-37.,-56.000000834465));
#12232=CARTESIAN_POINT('Ctrl Pts',(20.1976891769733,-36.3333333333333,-56.000000834465));
#12233=CARTESIAN_POINT('Ctrl Pts',(20.1976891769733,-35.6666666666667,-56.000000834465));
#12234=CARTESIAN_POINT('Ctrl Pts',(20.1976891769733,-35.,-56.000000834465));
#12235=CARTESIAN_POINT('Ctrl Pts',(20.2080561965704,-47.5,-56.2892228364944));
#12236=CARTESIAN_POINT('Ctrl Pts',(20.2080561965704,-20.,-56.2892228364944));
#12237=CARTESIAN_POINT('Ctrl Pts',(20.1958763024255,-47.5,-55.8887410658024));
#12238=CARTESIAN_POINT('Ctrl Pts',(20.1958763024255,-20.,-55.8887410658024));
#12239=CARTESIAN_POINT('Ctrl Pts',(20.1738697480324,-47.5,-55.1651531786425));
#12240=CARTESIAN_POINT('Ctrl Pts',(20.1738697480324,-20.,-55.1651531786425));
#12241=CARTESIAN_POINT('Ctrl Pts',(19.7896016473294,-47.5,-54.5558433180034));
#12242=CARTESIAN_POINT('Ctrl Pts',(19.7896016473294,-20.,-54.5558433180034));
#12243=CARTESIAN_POINT('Ctrl Pts',(19.6180131286383,-47.5,-54.2837661504745));
#12244=CARTESIAN_POINT('Ctrl Pts',(19.6180131286383,-20.,-54.2837661504745));
#12245=CARTESIAN_POINT('',(19.6180131286383,-30.,-54.2837661504745));
#12246=CARTESIAN_POINT('Ctrl Pts',(19.6180131286383,-47.5,-54.2837661504745));
#12247=CARTESIAN_POINT('Ctrl Pts',(19.6180131286383,-20.,-54.2837661504745));
#12248=CARTESIAN_POINT('Ctrl Pts',(19.4143332370965,-47.5,-54.0868279408977));
#12249=CARTESIAN_POINT('Ctrl Pts',(19.4143332370965,-20.,-54.0868279408977));
#12250=CARTESIAN_POINT('Ctrl Pts',(19.0155157907558,-47.5,-53.701211112276));
#12251=CARTESIAN_POINT('Ctrl Pts',(19.0155157907558,-20.,-53.701211112276));
#12252=CARTESIAN_POINT('Ctrl Pts',(18.4650919093976,-47.5,-53.6389318704621));
#12253=CARTESIAN_POINT('Ctrl Pts',(18.4650919093976,-20.,-53.6389318704621));
#12254=CARTESIAN_POINT('Ctrl Pts',(18.1957747787237,-47.5,-53.6084592342377));
#12255=CARTESIAN_POINT('Ctrl Pts',(18.1957747787237,-20.,-53.6084592342377));
#12256=CARTESIAN_POINT('',(18.1957747787237,-30.,-53.6084592342377));
#12257=CARTESIAN_POINT('Ctrl Pts',(18.1957747787237,-47.5,-53.6084592342377));
#12258=CARTESIAN_POINT('Ctrl Pts',(18.1957747787237,-20.,-53.6084592342377));
#12259=CARTESIAN_POINT('Ctrl Pts',(17.9313208804562,-47.5,-53.6383325319318));
#12260=CARTESIAN_POINT('Ctrl Pts',(17.9313208804562,-20.,-53.6383325319318));
#12261=CARTESIAN_POINT('Ctrl Pts',(17.3915660443172,-47.5,-53.6993044329226));
#12262=CARTESIAN_POINT('Ctrl Pts',(17.3915660443172,-20.,-53.6993044329226));
#12263=CARTESIAN_POINT('Ctrl Pts',(17.0026176177011,-47.5,-54.0795770730623));
#12264=CARTESIAN_POINT('Ctrl Pts',(17.0026176177011,-20.,-54.0795770730623));
#12265=CARTESIAN_POINT('Ctrl Pts',(16.8042352050543,-47.5,-54.2735344171524));
#12266=CARTESIAN_POINT('Ctrl Pts',(16.8042352050543,-20.,-54.2735344171524));
#12267=CARTESIAN_POINT('',(16.8042352050543,-30.,-54.2735344171524));
#12268=CARTESIAN_POINT('Ctrl Pts',(-41.0197804123163,-47.5,-50.1705324649811));
#12269=CARTESIAN_POINT('Ctrl Pts',(-41.0197804123163,-20.,-50.1705324649811));
#12270=CARTESIAN_POINT('Ctrl Pts',(-40.7319895382362,-47.5,-50.0710828888764));
#12271=CARTESIAN_POINT('Ctrl Pts',(-40.7319895382362,-20.,-50.0710828888764));
#12272=CARTESIAN_POINT('Ctrl Pts',(-40.1376847710288,-47.5,-49.8657137736648));
#12273=CARTESIAN_POINT('Ctrl Pts',(-40.1376847710288,-20.,-49.8657137736648));
#12274=CARTESIAN_POINT('Ctrl Pts',(-39.5090664668552,-47.5,-49.8418015203972));
#12275=CARTESIAN_POINT('Ctrl Pts',(-39.5090664668552,-20.,-49.8418015203972));
#12276=CARTESIAN_POINT('Ctrl Pts',(-39.1848552972078,-47.5,-49.8294687271118));
#12277=CARTESIAN_POINT('Ctrl Pts',(-39.1848552972078,-20.,-49.8294687271118));
#12278=CARTESIAN_POINT('',(-39.1848552972078,-30.,-49.8294687271118));
#12279=CARTESIAN_POINT('',(-41.0197804123163,-30.,-50.1705324649811));
#12280=CARTESIAN_POINT('Ctrl Pts',(-39.1848552972078,-47.5,-49.8294687271118));
#12281=CARTESIAN_POINT('Ctrl Pts',(-39.1848552972078,-20.,-49.8294687271118));
#12282=CARTESIAN_POINT('Ctrl Pts',(-38.8327372584664,-47.5,-49.8412964313797));
#12283=CARTESIAN_POINT('Ctrl Pts',(-38.8327372584664,-20.,-49.8412964313797));
#12284=CARTESIAN_POINT('Ctrl Pts',(-38.1608692770548,-47.5,-49.8638645901131));
#12285=CARTESIAN_POINT('Ctrl Pts',(-38.1608692770548,-20.,-49.8638645901131));
#12286=CARTESIAN_POINT('Ctrl Pts',(-37.5259175022742,-47.5,-50.0832011019452));
#12287=CARTESIAN_POINT('Ctrl Pts',(-37.5259175022742,-20.,-50.0832011019452));
#12288=CARTESIAN_POINT('Ctrl Pts',(-37.2237364202738,-47.5,-50.1875859498978));
#12289=CARTESIAN_POINT('Ctrl Pts',(-37.2237364202738,-20.,-50.1875859498978));
#12290=CARTESIAN_POINT('',(-37.2237364202738,-30.,-50.1875859498978));
#12291=CARTESIAN_POINT('Ctrl Pts',(-37.2237364202738,-47.5,-50.1875859498978));
#12292=CARTESIAN_POINT('Ctrl Pts',(-37.2237364202738,-20.,-50.1875859498978));
#12293=CARTESIAN_POINT('Ctrl Pts',(-36.9592043983586,-47.5,-50.317724070382));
#12294=CARTESIAN_POINT('Ctrl Pts',(-36.9592043983586,-20.,-50.317724070382));
#12295=CARTESIAN_POINT('Ctrl Pts',(-36.444126130382,-47.5,-50.5711199247343));
#12296=CARTESIAN_POINT('Ctrl Pts',(-36.444126130382,-20.,-50.5711199247343));
#12297=CARTESIAN_POINT('Ctrl Pts',(-36.0898089483527,-47.5,-51.0221045624773));
#12298=CARTESIAN_POINT('Ctrl Pts',(-36.0898089483527,-20.,-51.0221045624773));
#12299=CARTESIAN_POINT('Ctrl Pts',(-35.9174606949091,-47.5,-51.2414741516113));
#12300=CARTESIAN_POINT('Ctrl Pts',(-35.9174606949091,-20.,-51.2414741516113));
#12301=CARTESIAN_POINT('',(-35.9174606949091,-30.,-51.2414741516113));
#12302=CARTESIAN_POINT('Ctrl Pts',(-35.9174606949091,-47.5,-51.2414741516113));
#12303=CARTESIAN_POINT('Ctrl Pts',(-35.9174606949091,-20.,-51.2414741516113));
#12304=CARTESIAN_POINT('Ctrl Pts',(-35.7826661055913,-47.5,-51.483189889039));
#12305=CARTESIAN_POINT('Ctrl Pts',(-35.7826661055913,-20.,-51.483189889039));
#12306=CARTESIAN_POINT('Ctrl Pts',(-35.5090116492291,-47.5,-51.9739112826403));
#12307=CARTESIAN_POINT('Ctrl Pts',(-35.5090116492291,-20.,-51.9739112826403));
#12308=CARTESIAN_POINT('Ctrl Pts',(-35.4541611968053,-47.5,-52.533327150379));
#12309=CARTESIAN_POINT('Ctrl Pts',(-35.4541611968053,-20.,-52.533327150379));
#12310=CARTESIAN_POINT('Ctrl Pts',(-35.4263285547495,-47.5,-52.8171902894974));
#12311=CARTESIAN_POINT('Ctrl Pts',(-35.4263285547495,-20.,-52.8171902894974));
#12312=CARTESIAN_POINT('',(-35.4263285547495,-30.,-52.8171902894974));
#12313=CARTESIAN_POINT('Origin',(-35.4263285547495,-30.,-52.8171902894974));
#12314=CARTESIAN_POINT('',(-36.6950873285532,-30.,-52.9126882553101));
#12315=CARTESIAN_POINT('Ctrl Pts',(-36.6950873285532,-47.5,-52.9126882553101));
#12316=CARTESIAN_POINT('Ctrl Pts',(-36.6950873285532,-20.,-52.9126882553101));
#12317=CARTESIAN_POINT('Ctrl Pts',(-36.7427767300072,-47.5,-52.6217889702974));
#12318=CARTESIAN_POINT('Ctrl Pts',(-36.7427767300072,-20.,-52.6217889702974));
#12319=CARTESIAN_POINT('Ctrl Pts',(-36.8325857482298,-47.5,-52.0739653786372));
#12320=CARTESIAN_POINT('Ctrl Pts',(-36.8325857482298,-20.,-52.0739653786372));
#12321=CARTESIAN_POINT('Ctrl Pts',(-37.2103017480843,-47.5,-51.669778674461));
#12322=CARTESIAN_POINT('Ctrl Pts',(-37.2103017480843,-20.,-51.669778674461));
#12323=CARTESIAN_POINT('Ctrl Pts',(-37.3874471336603,-47.5,-51.4802187681198));
#12324=CARTESIAN_POINT('Ctrl Pts',(-37.3874471336603,-20.,-51.4802187681198));
#12325=CARTESIAN_POINT('',(-37.3874471336603,-30.,-51.4802187681198));
#12326=CARTESIAN_POINT('Ctrl Pts',(-37.3874471336603,-47.5,-51.4802187681198));
#12327=CARTESIAN_POINT('Ctrl Pts',(-37.3874471336603,-20.,-51.4802187681198));
#12328=CARTESIAN_POINT('Ctrl Pts',(-37.6251309910375,-47.5,-51.3394071189297));
#12329=CARTESIAN_POINT('Ctrl Pts',(-37.6251309910375,-20.,-51.3394071189297));
#12330=CARTESIAN_POINT('Ctrl Pts',(-38.1597119360869,-47.5,-51.0227039766605));
#12331=CARTESIAN_POINT('Ctrl Pts',(-38.1597119360869,-20.,-51.0227039766605));
#12332=CARTESIAN_POINT('Ctrl Pts',(-38.7837211464258,-47.5,-51.0054759397247));
#12333=CARTESIAN_POINT('Ctrl Pts',(-38.7837211464258,-20.,-51.0054759397247));
#12334=CARTESIAN_POINT('Ctrl Pts',(-39.1302851587534,-47.5,-50.9959077835083));
#12335=CARTESIAN_POINT('Ctrl Pts',(-39.1302851587534,-20.,-50.9959077835083));
#12336=CARTESIAN_POINT('',(-39.1302851587534,-30.,-50.9959077835083));
#12337=CARTESIAN_POINT('Ctrl Pts',(-39.1302851587534,-47.5,-50.9959077835083));
#12338=CARTESIAN_POINT('Ctrl Pts',(-39.1302851587534,-20.,-50.9959077835083));
#12339=CARTESIAN_POINT('Ctrl Pts',(-39.4848310466034,-47.5,-51.001293462666));
#12340=CARTESIAN_POINT('Ctrl Pts',(-39.4848310466034,-20.,-51.001293462666));
#12341=CARTESIAN_POINT('Ctrl Pts',(-40.1059989068065,-47.5,-51.0107292251801));
#12342=CARTESIAN_POINT('Ctrl Pts',(-40.1059989068065,-20.,-51.0107292251801));
#12343=CARTESIAN_POINT('Ctrl Pts',(-40.6475122364765,-47.5,-51.3081987365134));
#12344=CARTESIAN_POINT('Ctrl Pts',(-40.6475122364765,-20.,-51.3081987365134));
#12345=CARTESIAN_POINT('Ctrl Pts',(-40.8799443393946,-47.5,-51.4358806610107));
#12346=CARTESIAN_POINT('Ctrl Pts',(-40.8799443393946,-20.,-51.4358806610107));
#12347=CARTESIAN_POINT('',(-40.8799443393946,-30.,-51.4358806610107));
#12348=CARTESIAN_POINT('Ctrl Pts',(-40.8799443393946,-47.5,-51.4358806610107));
#12349=CARTESIAN_POINT('Ctrl Pts',(-40.8799443393946,-20.,-51.4358806610107));
#12350=CARTESIAN_POINT('Ctrl Pts',(-41.04003941362,-47.5,-51.586040667464));
#12351=CARTESIAN_POINT('Ctrl Pts',(-41.04003941362,-20.,-51.586040667464));
#12352=CARTESIAN_POINT('Ctrl Pts',(-41.3489849582592,-47.5,-51.8758138862916));
#12353=CARTESIAN_POINT('Ctrl Pts',(-41.3489849582592,-20.,-51.8758138862916));
#12354=CARTESIAN_POINT('Ctrl Pts',(-41.4030218396339,-47.5,-52.2947472406407));
#12355=CARTESIAN_POINT('Ctrl Pts',(-41.4030218396339,-20.,-52.2947472406407));
#12356=CARTESIAN_POINT('Ctrl Pts',(-41.4290568977594,-47.5,-52.4965900182724));
#12357=CARTESIAN_POINT('Ctrl Pts',(-41.4290568977594,-20.,-52.4965900182724));
#12358=CARTESIAN_POINT('',(-41.4290568977594,-30.,-52.4965900182724));
#12359=CARTESIAN_POINT('Ctrl Pts',(-41.4290568977594,-47.5,-52.4965900182724));
#12360=CARTESIAN_POINT('Ctrl Pts',(-41.4290568977594,-20.,-52.4965900182724));
#12361=CARTESIAN_POINT('Ctrl Pts',(-41.413463579088,-47.5,-52.667711719471));
#12362=CARTESIAN_POINT('Ctrl Pts',(-41.413463579088,-20.,-52.667711719471));
#12363=CARTESIAN_POINT('Ctrl Pts',(-41.3825625026404,-47.5,-53.0068213652103));
#12364=CARTESIAN_POINT('Ctrl Pts',(-41.3825625026404,-20.,-53.0068213652103));
#12365=CARTESIAN_POINT('Ctrl Pts',(-41.1536449344423,-47.5,-53.2586203126085));
#12366=CARTESIAN_POINT('Ctrl Pts',(-41.1536449344423,-20.,-53.2586203126085));
#12367=CARTESIAN_POINT('Ctrl Pts',(-41.0402438789606,-47.5,-53.3833563327789));
#12368=CARTESIAN_POINT('Ctrl Pts',(-41.0402438789606,-20.,-53.3833563327789));
#12369=CARTESIAN_POINT('',(-41.0402438789606,-30.,-53.3833563327789));
#12370=CARTESIAN_POINT('Ctrl Pts',(-41.0402438789606,-47.5,-53.3833563327789));
#12371=CARTESIAN_POINT('Ctrl Pts',(-41.0402438789606,-20.,-53.3833563327789));
#12372=CARTESIAN_POINT('Ctrl Pts',(-40.8137490151224,-47.5,-53.5095855886857));
#12373=CARTESIAN_POINT('Ctrl Pts',(-40.8137490151224,-20.,-53.5095855886857));
#12374=CARTESIAN_POINT('Ctrl Pts',(-40.1911885388696,-47.5,-53.856548625033));
#12375=CARTESIAN_POINT('Ctrl Pts',(-40.1911885388696,-20.,-53.856548625033));
#12376=CARTESIAN_POINT('Ctrl Pts',(-39.4906766215998,-47.5,-54.003005847615));
#12377=CARTESIAN_POINT('Ctrl Pts',(-39.4906766215998,-20.,-54.003005847615));
#12378=CARTESIAN_POINT('Ctrl Pts',(-39.0450192242861,-47.5,-54.0961802005768));
#12379=CARTESIAN_POINT('Ctrl Pts',(-39.0450192242861,-20.,-54.0961802005768));
#12380=CARTESIAN_POINT('',(-39.0450192242861,-30.,-54.0961802005768));
#12381=CARTESIAN_POINT('Ctrl Pts',(-39.0450192242861,-47.5,-54.0961802005768));
#12382=CARTESIAN_POINT('Ctrl Pts',(-39.0450192242861,-20.,-54.0961802005768));
#12383=CARTESIAN_POINT('Ctrl Pts',(-38.5881372869977,-47.5,-54.1982535369911));
#12384=CARTESIAN_POINT('Ctrl Pts',(-38.5881372869977,-20.,-54.1982535369911));
#12385=CARTESIAN_POINT('Ctrl Pts',(-37.8369420040366,-47.5,-54.3660802829676));
#12386=CARTESIAN_POINT('Ctrl Pts',(-37.8369420040366,-20.,-54.3660802829676));
#12387=CARTESIAN_POINT('Ctrl Pts',(-37.1145437024496,-47.5,-54.6304082250361));
#12388=CARTESIAN_POINT('Ctrl Pts',(-37.1145437024496,-20.,-54.6304082250361));
#12389=CARTESIAN_POINT('Ctrl Pts',(-36.8315128237009,-47.5,-54.7339701652527));
#12390=CARTESIAN_POINT('Ctrl Pts',(-36.8315128237009,-20.,-54.7339701652527));
#12391=CARTESIAN_POINT('',(-36.8315128237009,-30.,-54.7339701652527));
#12392=CARTESIAN_POINT('Ctrl Pts',(-36.8315128237009,-47.5,-54.7339701652527));
#12393=CARTESIAN_POINT('Ctrl Pts',(-36.8315128237009,-20.,-54.7339701652527));
#12394=CARTESIAN_POINT('Ctrl Pts',(-36.5650310077069,-47.5,-54.8692509456006));
#12395=CARTESIAN_POINT('Ctrl Pts',(-36.5650310077069,-20.,-54.8692509456006));
#12396=CARTESIAN_POINT('Ctrl Pts',(-36.065630397907,-47.5,-55.122774076055));
#12397=CARTESIAN_POINT('Ctrl Pts',(-36.065630397907,-20.,-55.122774076055));
#12398=CARTESIAN_POINT('Ctrl Pts',(-35.7087421039687,-47.5,-55.5530654967529));
#12399=CARTESIAN_POINT('Ctrl Pts',(-35.7087421039687,-20.,-55.5530654967529));
#12400=CARTESIAN_POINT('Ctrl Pts',(-35.5422905832529,-47.5,-55.7537519931793));
#12401=CARTESIAN_POINT('Ctrl Pts',(-35.5422905832529,-20.,-55.7537519931793));
#12402=CARTESIAN_POINT('',(-35.5422905832529,-30.,-55.7537519931793));
#12403=CARTESIAN_POINT('Ctrl Pts',(-35.5422905832529,-47.5,-55.7537519931793));
#12404=CARTESIAN_POINT('Ctrl Pts',(-35.5422905832529,-20.,-55.7537519931793));
#12405=CARTESIAN_POINT('Ctrl Pts',(-35.4209433489008,-47.5,-55.9700315258336));
#12406=CARTESIAN_POINT('Ctrl Pts',(-35.4209433489008,-20.,-55.9700315258336));
#12407=CARTESIAN_POINT('Ctrl Pts',(-35.1730835888518,-47.5,-56.4117967902291));
#12408=CARTESIAN_POINT('Ctrl Pts',(-35.1730835888518,-20.,-56.4117967902291));
#12409=CARTESIAN_POINT('Ctrl Pts',(-35.1420384164637,-47.5,-56.9177437910729));
#12410=CARTESIAN_POINT('Ctrl Pts',(-35.1420384164637,-20.,-56.9177437910729));
#12411=CARTESIAN_POINT('Ctrl Pts',(-35.1261923462152,-47.5,-57.175989151001));
#12412=CARTESIAN_POINT('Ctrl Pts',(-35.1261923462152,-20.,-57.175989151001));
#12413=CARTESIAN_POINT('',(-35.1261923462152,-30.,-57.175989151001));
#12414=CARTESIAN_POINT('Ctrl Pts',(-35.1261923462152,-47.5,-57.175989151001));
#12415=CARTESIAN_POINT('Ctrl Pts',(-35.1261923462152,-20.,-57.175989151001));
#12416=CARTESIAN_POINT('Ctrl Pts',(-35.1462744963274,-47.5,-57.439775453955));
#12417=CARTESIAN_POINT('Ctrl Pts',(-35.1462744963274,-20.,-57.439775453955));
#12418=CARTESIAN_POINT('Ctrl Pts',(-35.1870063103987,-47.5,-57.9748025594436));
#12419=CARTESIAN_POINT('Ctrl Pts',(-35.1870063103987,-20.,-57.9748025594436));
#12420=CARTESIAN_POINT('Ctrl Pts',(-35.4499264286079,-47.5,-58.4428156271597));
#12421=CARTESIAN_POINT('Ctrl Pts',(-35.4499264286079,-20.,-58.4428156271597));
#12422=CARTESIAN_POINT('Ctrl Pts',(-35.5832181125879,-47.5,-58.6800825595856));
#12423=CARTESIAN_POINT('Ctrl Pts',(-35.5832181125879,-20.,-58.6800825595856));
#12424=CARTESIAN_POINT('',(-35.5832181125879,-30.,-58.6800825595856));
#12425=CARTESIAN_POINT('Ctrl Pts',(-35.5832181125879,-47.5,-58.6800825595856));
#12426=CARTESIAN_POINT('Ctrl Pts',(-35.5832181125879,-20.,-58.6800825595856));
#12427=CARTESIAN_POINT('Ctrl Pts',(-35.7562441056914,-47.5,-58.9041649884863));
#12428=CARTESIAN_POINT('Ctrl Pts',(-35.7562441056914,-20.,-58.9041649884863));
#12429=CARTESIAN_POINT('Ctrl Pts',(-36.1129904414608,-47.5,-59.3661798799301));
#12430=CARTESIAN_POINT('Ctrl Pts',(-36.1129904414608,-20.,-59.3661798799301));
#12431=CARTESIAN_POINT('Ctrl Pts',(-36.6300401964382,-47.5,-59.6382142390687));
#12432=CARTESIAN_POINT('Ctrl Pts',(-36.6300401964382,-20.,-59.6382142390687));
#12433=CARTESIAN_POINT('Ctrl Pts',(-36.8963149935007,-47.5,-59.7783088684082));
#12434=CARTESIAN_POINT('Ctrl Pts',(-36.8963149935007,-20.,-59.7783088684082));
#12435=CARTESIAN_POINT('',(-36.8963149935007,-30.,-59.7783088684082));
#12436=CARTESIAN_POINT('Ctrl Pts',(-36.8963149935007,-47.5,-59.7783088684082));
#12437=CARTESIAN_POINT('Ctrl Pts',(-36.8963149935007,-20.,-59.7783088684082));
#12438=CARTESIAN_POINT('Ctrl Pts',(-37.1961971802048,-47.5,-59.89267200372));
#12439=CARTESIAN_POINT('Ctrl Pts',(-37.1961971802048,-20.,-59.89267200372));
#12440=CARTESIAN_POINT('Ctrl Pts',(-37.8165906707946,-47.5,-60.1292653989151));
#12441=CARTESIAN_POINT('Ctrl Pts',(-37.8165906707946,-20.,-60.1292653989151));
#12442=CARTESIAN_POINT('Ctrl Pts',(-38.4803910650146,-47.5,-60.1564751860406));
#12443=CARTESIAN_POINT('Ctrl Pts',(-38.4803910650146,-20.,-60.1564751860406));
#12444=CARTESIAN_POINT('Ctrl Pts',(-38.8233274966478,-47.5,-60.1705324649811));
#12445=CARTESIAN_POINT('Ctrl Pts',(-38.8233274966478,-20.,-60.1705324649811));
#12446=CARTESIAN_POINT('',(-38.8233274966478,-30.,-60.1705324649811));
#12447=CARTESIAN_POINT('Origin',(-24.7271473127916,-30.,-55.0000008195639));
#12448=CARTESIAN_POINT('',(-20.7085044960179,-30.,-55.0000008195639));
#12449=CARTESIAN_POINT('',(-19.3349236620928,-30.,-55.0000008195639));
#12450=CARTESIAN_POINT('Origin',(-20.3717587143183,-30.,-55.8935880661011));
#12451=CARTESIAN_POINT('',(-21.4154145866632,-30.,-53.1241470575333));
#12452=CARTESIAN_POINT('Ctrl Pts',(-21.4154145866632,-47.5,-53.1241470575333));
#12453=CARTESIAN_POINT('Ctrl Pts',(-21.4154145866632,-20.,-53.1241470575333));
#12454=CARTESIAN_POINT('Ctrl Pts',(-21.5584219237107,-47.5,-52.7424812623628));
#12455=CARTESIAN_POINT('Ctrl Pts',(-21.5584219237107,-20.,-52.7424812623628));
#12456=CARTESIAN_POINT('Ctrl Pts',(-21.8148758591154,-47.5,-52.0580429866653));
#12457=CARTESIAN_POINT('Ctrl Pts',(-21.8148758591154,-20.,-52.0580429866653));
#12458=CARTESIAN_POINT('Ctrl Pts',(-22.0297663545887,-47.5,-51.3594927579848));
#12459=CARTESIAN_POINT('Ctrl Pts',(-22.0297663545887,-20.,-51.3594927579848));
#12460=CARTESIAN_POINT('Ctrl Pts',(-22.1248266845942,-47.5,-51.0504776239395));
#12461=CARTESIAN_POINT('Ctrl Pts',(-22.1248266845942,-20.,-51.0504776239395));
#12462=CARTESIAN_POINT('',(-22.1248266845942,-30.,-51.0504776239395));
#12463=CARTESIAN_POINT('Ctrl Pts',(-22.1248266845942,-47.5,-51.0504776239395));
#12464=CARTESIAN_POINT('Ctrl Pts',(-22.1248266845942,-20.,-51.0504776239395));
#12465=CARTESIAN_POINT('Ctrl Pts',(-22.1954538791701,-47.5,-51.3716636530861));
#12466=CARTESIAN_POINT('Ctrl Pts',(-22.1954538791701,-20.,-51.3716636530861));
#12467=CARTESIAN_POINT('Ctrl Pts',(-22.3377633378229,-47.5,-52.0188337723175));
#12468=CARTESIAN_POINT('Ctrl Pts',(-22.3377633378229,-20.,-52.0188337723175));
#12469=CARTESIAN_POINT('Ctrl Pts',(-22.554523771592,-47.5,-52.6450213208536));
#12470=CARTESIAN_POINT('Ctrl Pts',(-22.554523771592,-20.,-52.6450213208536));
#12471=CARTESIAN_POINT('Ctrl Pts',(-22.6637075096369,-47.5,-52.9604363441467));
#12472=CARTESIAN_POINT('Ctrl Pts',(-22.6637075096369,-20.,-52.9604363441467));
#12473=CARTESIAN_POINT('',(-22.6637075096369,-30.,-52.9604363441467));
#12474=CARTESIAN_POINT('Origin',(-4.75784279406071,-30.,-60.));
#12475=CARTESIAN_POINT('',(-4.75784279406071,-29.,-50.));
#12476=CARTESIAN_POINT('',(-4.75784279406071,-30.,-56.0066560111256));
#12477=CARTESIAN_POINT('Origin',(-4.75784279406071,-30.,-50.));
#12478=CARTESIAN_POINT('',(-3.53001333773136,-29.,-50.));
#12479=CARTESIAN_POINT('Origin',(-3.53001333773136,-30.,-50.));
#12480=CARTESIAN_POINT('',(-3.53001333773136,-30.,-53.5675299167633));
#12481=CARTESIAN_POINT('Ctrl Pts',(-3.53001333773136,-47.5,-53.5675299167633));
#12482=CARTESIAN_POINT('Ctrl Pts',(-3.53001333773136,-20.,-53.5675299167633));
#12483=CARTESIAN_POINT('Ctrl Pts',(-3.25484608682596,-47.5,-53.2830329464987));
#12484=CARTESIAN_POINT('Ctrl Pts',(-3.25484608682596,-20.,-53.2830329464987));
#12485=CARTESIAN_POINT('Ctrl Pts',(-2.70969673495769,-47.5,-52.7193999616944));
#12486=CARTESIAN_POINT('Ctrl Pts',(-2.70969673495769,-20.,-52.7193999616944));
#12487=CARTESIAN_POINT('Ctrl Pts',(-1.93077371575945,-47.5,-52.6342545637265));
#12488=CARTESIAN_POINT('Ctrl Pts',(-1.93077371575945,-20.,-52.6342545637265));
#12489=CARTESIAN_POINT('Ctrl Pts',(-1.54501654207706,-47.5,-52.5920867919922));
#12490=CARTESIAN_POINT('Ctrl Pts',(-1.54501654207706,-20.,-52.5920867919922));
#12491=CARTESIAN_POINT('',(-1.54501654207706,-30.,-52.5920867919922));
#12492=CARTESIAN_POINT('Ctrl Pts',(-1.54501654207706,-47.5,-52.5920867919922));
#12493=CARTESIAN_POINT('Ctrl Pts',(-1.54501654207706,-20.,-52.5920867919922));
#12494=CARTESIAN_POINT('Ctrl Pts',(-1.32570859307938,-47.5,-52.6030726297549));
#12495=CARTESIAN_POINT('Ctrl Pts',(-1.32570859307938,-20.,-52.6030726297549));
#12496=CARTESIAN_POINT('Ctrl Pts',(-0.88941544937132,-47.5,-52.6249279510765));
#12497=CARTESIAN_POINT('Ctrl Pts',(-0.88941544937132,-20.,-52.6249279510765));
#12498=CARTESIAN_POINT('Ctrl Pts',(-0.482197109767029,-47.5,-52.7829411990451));
#12499=CARTESIAN_POINT('Ctrl Pts',(-0.482197109767029,-20.,-52.7829411990451));
#12500=CARTESIAN_POINT('Ctrl Pts',(-0.279671922326088,-47.5,-52.8615272045135));
#12501=CARTESIAN_POINT('Ctrl Pts',(-0.279671922326088,-20.,-52.8615272045135));
#12502=CARTESIAN_POINT('',(-0.279671922326088,-30.,-52.8615272045135));
#12503=CARTESIAN_POINT('Ctrl Pts',(-0.279671922326088,-47.5,-52.8615272045135));
#12504=CARTESIAN_POINT('Ctrl Pts',(-0.279671922326088,-20.,-52.8615272045135));
#12505=CARTESIAN_POINT('Ctrl Pts',(-0.0904301761473114,-47.5,-52.9593040906173));
#12506=CARTESIAN_POINT('Ctrl Pts',(-0.0904301761473114,-20.,-52.9593040906173));
#12507=CARTESIAN_POINT('Ctrl Pts',(0.282978977295576,-47.5,-53.1522360678555));
#12508=CARTESIAN_POINT('Ctrl Pts',(0.282978977295576,-20.,-53.1522360678555));
#12509=CARTESIAN_POINT('Ctrl Pts',(0.563994955082201,-47.5,-53.4646202252143));
#12510=CARTESIAN_POINT('Ctrl Pts',(0.563994955082201,-20.,-53.4646202252143));
#12511=CARTESIAN_POINT('Ctrl Pts',(0.702593550086021,-47.5,-53.6186897754669));
#12512=CARTESIAN_POINT('Ctrl Pts',(0.702593550086021,-20.,-53.6186897754669));
#12513=CARTESIAN_POINT('',(0.702593550086021,-30.,-53.6186897754669));
#12514=CARTESIAN_POINT('Ctrl Pts',(0.702593550086021,-47.5,-53.6186897754669));
#12515=CARTESIAN_POINT('Ctrl Pts',(0.702593550086021,-20.,-53.6186897754669));
#12516=CARTESIAN_POINT('Ctrl Pts',(0.825375808759508,-47.5,-53.7937678932273));
#12517=CARTESIAN_POINT('Ctrl Pts',(0.825375808759508,-20.,-53.7937678932273));
#12518=CARTESIAN_POINT('Ctrl Pts',(1.08078090161286,-47.5,-54.1579560373963));
#12519=CARTESIAN_POINT('Ctrl Pts',(1.08078090161286,-20.,-54.1579560373963));
#12520=CARTESIAN_POINT('Ctrl Pts',(1.22920667367677,-47.5,-54.5775044860947));
#12521=CARTESIAN_POINT('Ctrl Pts',(1.22920667367677,-20.,-54.5775044860947));
#12522=CARTESIAN_POINT('Ctrl Pts',(1.30627892911434,-47.5,-54.795361161232));
#12523=CARTESIAN_POINT('Ctrl Pts',(1.30627892911434,-20.,-54.795361161232));
#12524=CARTESIAN_POINT('',(1.30627892911434,-30.,-54.795361161232));
#12525=CARTESIAN_POINT('Ctrl Pts',(12.6603057235479,-47.5,-52.8376531600952));
#12526=CARTESIAN_POINT('Ctrl Pts',(12.6603057235479,-20.,-52.8376531600952));
#12527=CARTESIAN_POINT('Ctrl Pts',(12.782461253477,-47.5,-52.7660300423847));
#12528=CARTESIAN_POINT('Ctrl Pts',(12.782461253477,-20.,-52.7660300423847));
#12529=CARTESIAN_POINT('Ctrl Pts',(13.0260966395442,-47.5,-52.6231799729293));
#12530=CARTESIAN_POINT('Ctrl Pts',(13.0260966395442,-20.,-52.6231799729293));
#12531=CARTESIAN_POINT('Ctrl Pts',(13.3077325121424,-47.5,-52.6024324032636));
#12532=CARTESIAN_POINT('Ctrl Pts',(13.3077325121424,-20.,-52.6024324032636));
#12533=CARTESIAN_POINT('Ctrl Pts',(13.448159918189,-47.5,-52.5920873880386));
#12534=CARTESIAN_POINT('Ctrl Pts',(13.448159918189,-20.,-52.5920873880386));
#12535=CARTESIAN_POINT('',(13.448159918189,-30.,-52.5920873880386));
#12536=CARTESIAN_POINT('',(12.6603057235479,-30.,-52.8376531600952));
#12537=CARTESIAN_POINT('Ctrl Pts',(13.448159918189,-47.5,-52.5920873880386));
#12538=CARTESIAN_POINT('Ctrl Pts',(13.448159918189,-20.,-52.5920873880386));
#12539=CARTESIAN_POINT('Ctrl Pts',(13.660860892315,-47.5,-52.6116970202444));
#12540=CARTESIAN_POINT('Ctrl Pts',(13.660860892315,-20.,-52.6116970202444));
#12541=CARTESIAN_POINT('Ctrl Pts',(14.1091807488429,-47.5,-52.6530291652109));
#12542=CARTESIAN_POINT('Ctrl Pts',(14.1091807488429,-20.,-52.6530291652109));
#12543=CARTESIAN_POINT('Ctrl Pts',(14.5030815202807,-47.5,-52.8724190592782));
#12544=CARTESIAN_POINT('Ctrl Pts',(14.5030815202807,-20.,-52.8724190592782));
#12545=CARTESIAN_POINT('Ctrl Pts',(14.7100999206305,-47.5,-52.9877215623856));
#12546=CARTESIAN_POINT('Ctrl Pts',(14.7100999206305,-20.,-52.9877215623856));
#12547=CARTESIAN_POINT('',(14.7100999206305,-30.,-52.9877215623856));
#12548=CARTESIAN_POINT('Origin',(14.7100999206305,-30.,-52.9877215623856));
#12549=CARTESIAN_POINT('',(14.2871787399054,-30.,-54.1268759965897));
#12550=CARTESIAN_POINT('Ctrl Pts',(14.2871787399054,-47.5,-54.1268759965897));
#12551=CARTESIAN_POINT('Ctrl Pts',(14.2871787399054,-20.,-54.1268759965897));
#12552=CARTESIAN_POINT('Ctrl Pts',(14.1403101918722,-47.5,-54.0493198779746));
#12553=CARTESIAN_POINT('Ctrl Pts',(14.1403101918722,-20.,-54.0493198779746));
#12554=CARTESIAN_POINT('Ctrl Pts',(13.8577127042645,-47.5,-53.900090076477));
#12555=CARTESIAN_POINT('Ctrl Pts',(13.8577127042645,-20.,-53.900090076477));
#12556=CARTESIAN_POINT('Ctrl Pts',(13.5395719444195,-47.5,-53.8735787221847));
#12557=CARTESIAN_POINT('Ctrl Pts',(13.5395719444195,-20.,-53.8735787221847));
#12558=CARTESIAN_POINT('Ctrl Pts',(13.386771902442,-47.5,-53.8608455657959));
#12559=CARTESIAN_POINT('Ctrl Pts',(13.386771902442,-20.,-53.8608455657959));
#12560=CARTESIAN_POINT('',(13.386771902442,-30.,-53.8608455657959));
#12561=CARTESIAN_POINT('Ctrl Pts',(13.386771902442,-47.5,-53.8608455657959));
#12562=CARTESIAN_POINT('Ctrl Pts',(13.386771902442,-20.,-53.8608455657959));
#12563=CARTESIAN_POINT('Ctrl Pts',(13.2560542395334,-47.5,-53.8709168670754));
#12564=CARTESIAN_POINT('Ctrl Pts',(13.2560542395334,-20.,-53.8709168670754));
#12565=CARTESIAN_POINT('Ctrl Pts',(12.9947397279952,-47.5,-53.8910501613513));
#12566=CARTESIAN_POINT('Ctrl Pts',(12.9947397279952,-20.,-53.8910501613513));
#12567=CARTESIAN_POINT('Ctrl Pts',(12.7740226338979,-47.5,-54.0323727372227));
#12568=CARTESIAN_POINT('Ctrl Pts',(12.7740226338979,-20.,-54.0323727372227));
#12569=CARTESIAN_POINT('Ctrl Pts',(12.6637151092291,-47.5,-54.1030013561249));
#12570=CARTESIAN_POINT('Ctrl Pts',(12.6637151092291,-20.,-54.1030013561249));
#12571=CARTESIAN_POINT('',(12.6637151092291,-30.,-54.1030013561249));
#12572=CARTESIAN_POINT('Ctrl Pts',(12.6637151092291,-47.5,-54.1030013561249));
#12573=CARTESIAN_POINT('Ctrl Pts',(12.6637151092291,-20.,-54.1030013561249));
#12574=CARTESIAN_POINT('Ctrl Pts',(12.5638748611541,-47.5,-54.1936322367808));
#12575=CARTESIAN_POINT('Ctrl Pts',(12.5638748611541,-20.,-54.1936322367808));
#12576=CARTESIAN_POINT('Ctrl Pts',(12.3578234834635,-47.5,-54.3806772229517));
#12577=CARTESIAN_POINT('Ctrl Pts',(12.3578234834635,-20.,-54.3806772229517));
#12578=CARTESIAN_POINT('Ctrl Pts',(12.2580960056935,-47.5,-54.6408098658206));
#12579=CARTESIAN_POINT('Ctrl Pts',(12.2580960056935,-20.,-54.6408098658206));
#12580=CARTESIAN_POINT('Ctrl Pts',(12.2066905349493,-47.5,-54.7748976945877));
#12581=CARTESIAN_POINT('Ctrl Pts',(12.2066905349493,-20.,-54.7748976945877));
#12582=CARTESIAN_POINT('',(12.2066905349493,-30.,-54.7748976945877));
#12583=CARTESIAN_POINT('Origin',(32.2135093063116,-30.,-51.4120054244995));
#12584=CARTESIAN_POINT('',(30.9856774657965,-29.,-51.4120054244995));
#12585=CARTESIAN_POINT('',(32.2135093063116,-30.,-51.4120054244995));
#12586=CARTESIAN_POINT('Origin',(30.9856774657965,-30.,-51.4120054244995));
#12587=CARTESIAN_POINT('',(30.9856774657965,-29.,-50.));
#12588=CARTESIAN_POINT('Ctrl Pts',(39.5191027969122,-47.5,-53.4447473287582));
#12589=CARTESIAN_POINT('Ctrl Pts',(39.5191027969122,-20.,-53.4447473287582));
#12590=CARTESIAN_POINT('Ctrl Pts',(39.6038006579493,-47.5,-53.5808723573152));
#12591=CARTESIAN_POINT('Ctrl Pts',(39.6038006579493,-20.,-53.5808723573152));
#12592=CARTESIAN_POINT('Ctrl Pts',(39.7792331253618,-47.5,-53.8628245736274));
#12593=CARTESIAN_POINT('Ctrl Pts',(39.7792331253618,-20.,-53.8628245736274));
#12594=CARTESIAN_POINT('Ctrl Pts',(39.8595544351774,-47.5,-54.185229010403));
#12595=CARTESIAN_POINT('Ctrl Pts',(39.8595544351774,-20.,-54.185229010403));
#12596=CARTESIAN_POINT('Ctrl Pts',(39.9010970443487,-47.5,-54.351978302002));
#12597=CARTESIAN_POINT('Ctrl Pts',(39.9010970443487,-20.,-54.351978302002));
#12598=CARTESIAN_POINT('',(39.9010970443487,-30.,-54.351978302002));
#12599=CARTESIAN_POINT('',(39.5191027969122,-30.,-53.4447473287582));
#12600=CARTESIAN_POINT('Ctrl Pts',(39.9010970443487,-47.5,-54.351978302002));
#12601=CARTESIAN_POINT('Ctrl Pts',(39.9010970443487,-20.,-54.351978302002));
#12602=CARTESIAN_POINT('Ctrl Pts',(39.9207806512021,-47.5,-54.5081250418422));
#12603=CARTESIAN_POINT('Ctrl Pts',(39.9207806512021,-20.,-54.5081250418422));
#12604=CARTESIAN_POINT('Ctrl Pts',(39.9707133988505,-47.5,-54.9042331237939));
#12605=CARTESIAN_POINT('Ctrl Pts',(39.9707133988505,-20.,-54.9042331237939));
#12606=CARTESIAN_POINT('Ctrl Pts',(39.9698355999577,-47.5,-55.3037040384203));
#12607=CARTESIAN_POINT('Ctrl Pts',(39.9698355999577,-20.,-55.3037040384203));
#12608=CARTESIAN_POINT('Ctrl Pts',(39.9693038314581,-47.5,-55.5457025766373));
#12609=CARTESIAN_POINT('Ctrl Pts',(39.9693038314581,-20.,-55.5457025766373));
#12610=CARTESIAN_POINT('',(39.9693038314581,-30.,-55.5457025766373));
#12611=CARTESIAN_POINT('Origin',(39.9693038314581,-30.,-55.5457025766373));
#12612=CARTESIAN_POINT('',(39.9693038314581,-29.,-60.));
#12613=CARTESIAN_POINT('Origin',(39.9693038314581,-30.,-60.));
#12614=CARTESIAN_POINT('',(38.7414767593145,-29.,-60.));
#12615=CARTESIAN_POINT('Origin',(38.7414767593145,-30.,-60.));
#12616=CARTESIAN_POINT('',(38.7414767593145,-30.,-55.5934512615204));
#12617=CARTESIAN_POINT('Ctrl Pts',(38.7414767593145,-47.5,-55.5934512615204));
#12618=CARTESIAN_POINT('Ctrl Pts',(38.7414767593145,-20.,-55.5934512615204));
#12619=CARTESIAN_POINT('Ctrl Pts',(38.740298479447,-47.5,-55.373364558635));
#12620=CARTESIAN_POINT('Ctrl Pts',(38.740298479447,-20.,-55.373364558635));
#12621=CARTESIAN_POINT('Ctrl Pts',(38.7382614028548,-47.5,-54.9928662720253));
#12622=CARTESIAN_POINT('Ctrl Pts',(38.7382614028548,-20.,-54.9928662720253));
#12623=CARTESIAN_POINT('Ctrl Pts',(38.6397542673631,-47.5,-54.6260104610599));
#12624=CARTESIAN_POINT('Ctrl Pts',(38.6397542673631,-20.,-54.6260104610599));
#12625=CARTESIAN_POINT('Ctrl Pts',(38.5982253402472,-47.5,-54.471350312233));
#12626=CARTESIAN_POINT('Ctrl Pts',(38.5982253402472,-20.,-54.471350312233));
#12627=CARTESIAN_POINT('',(38.5982253402472,-30.,-54.471350312233));
#12628=CARTESIAN_POINT('Ctrl Pts',(38.5982253402472,-47.5,-54.471350312233));
#12629=CARTESIAN_POINT('Ctrl Pts',(38.5982253402472,-20.,-54.471350312233));
#12630=CARTESIAN_POINT('Ctrl Pts',(38.5401323582158,-47.5,-54.3530190549818));
#12631=CARTESIAN_POINT('Ctrl Pts',(38.5401323582158,-20.,-54.3530190549818));
#12632=CARTESIAN_POINT('Ctrl Pts',(38.4217217517435,-47.5,-54.1118251027044));
#12633=CARTESIAN_POINT('Ctrl Pts',(38.4217217517435,-20.,-54.1118251027044));
#12634=CARTESIAN_POINT('Ctrl Pts',(38.2019773400777,-47.5,-53.9568449658536));
#12635=CARTESIAN_POINT('Ctrl Pts',(38.2019773400777,-20.,-53.9568449658536));
#12636=CARTESIAN_POINT('Ctrl Pts',(38.0900409072638,-47.5,-53.8778990507126));
#12637=CARTESIAN_POINT('Ctrl Pts',(38.0900409072638,-20.,-53.8778990507126));
#12638=CARTESIAN_POINT('',(38.0900409072638,-30.,-53.8778990507126));
#12639=CARTESIAN_POINT('Ctrl Pts',(38.0900409072638,-47.5,-53.8778990507126));
#12640=CARTESIAN_POINT('Ctrl Pts',(38.0900409072638,-20.,-53.8778990507126));
#12641=CARTESIAN_POINT('Ctrl Pts',(37.9603172389891,-47.5,-53.8132632025716));
#12642=CARTESIAN_POINT('Ctrl Pts',(37.9603172389891,-20.,-53.8132632025716));
#12643=CARTESIAN_POINT('Ctrl Pts',(37.6909181952342,-47.5,-53.679032989126));
#12644=CARTESIAN_POINT('Ctrl Pts',(37.6909181952342,-20.,-53.679032989126));
#12645=CARTESIAN_POINT('Ctrl Pts',(37.3899949115374,-47.5,-53.6640009746117));
#12646=CARTESIAN_POINT('Ctrl Pts',(37.3899949115374,-20.,-53.6640009746117));
#12647=CARTESIAN_POINT('Ctrl Pts',(37.2339751571417,-47.5,-53.6562073230743));
#12648=CARTESIAN_POINT('Ctrl Pts',(37.2339751571417,-20.,-53.6562073230743));
#12649=CARTESIAN_POINT('',(37.2339751571417,-30.,-53.6562073230743));
#12650=CARTESIAN_POINT('Ctrl Pts',(37.2339751571417,-47.5,-53.6562073230743));
#12651=CARTESIAN_POINT('Ctrl Pts',(37.2339751571417,-20.,-53.6562073230743));
#12652=CARTESIAN_POINT('Ctrl Pts',(36.9824118633719,-47.5,-53.6761148000331));
#12653=CARTESIAN_POINT('Ctrl Pts',(36.9824118633719,-20.,-53.6761148000331));
#12654=CARTESIAN_POINT('Ctrl Pts',(36.4842557926069,-47.5,-53.7155364117952));
#12655=CARTESIAN_POINT('Ctrl Pts',(36.4842557926069,-20.,-53.7155364117952));
#12656=CARTESIAN_POINT('Ctrl Pts',(36.0800397730483,-47.5,-54.0089287534904));
#12657=CARTESIAN_POINT('Ctrl Pts',(36.0800397730483,-20.,-54.0089287534904));
#12658=CARTESIAN_POINT('Ctrl Pts',(35.8799483627081,-47.5,-54.1541612148285));
#12659=CARTESIAN_POINT('Ctrl Pts',(35.8799483627081,-20.,-54.1541612148285));
#12660=CARTESIAN_POINT('',(35.8799483627081,-30.,-54.1541612148285));
#12661=CARTESIAN_POINT('Origin',(43.086626753211,-30.,-51.4120054244995));
#12662=CARTESIAN_POINT('',(41.8587996810675,-29.,-51.4120054244995));
#12663=CARTESIAN_POINT('',(43.086626753211,-30.,-51.4120054244995));
#12664=CARTESIAN_POINT('Origin',(41.8587996810675,-30.,-51.4120054244995));
#12665=CARTESIAN_POINT('',(41.8587996810675,-29.,-50.));
#12666=CARTESIAN_POINT('Origin',(32.2135093063116,-30.,-60.));
#12667=CARTESIAN_POINT('',(30.9856774657965,-29.,-60.));
#12668=CARTESIAN_POINT('',(32.2135093063116,-30.,-60.));
#12669=CARTESIAN_POINT('Origin',(30.9856774657965,-30.,-60.));
#12670=CARTESIAN_POINT('',(30.9856774657965,-29.,-52.7557981014252));
#12671=CARTESIAN_POINT('Ctrl Pts',(28.8540246337652,-47.5,-53.785811662674));
#12672=CARTESIAN_POINT('Ctrl Pts',(28.8540246337652,-20.,-53.785811662674));
#12673=CARTESIAN_POINT('Ctrl Pts',(28.9282736478786,-47.5,-54.0125515913191));
#12674=CARTESIAN_POINT('Ctrl Pts',(28.9282736478786,-20.,-54.0125515913191));
#12675=CARTESIAN_POINT('Ctrl Pts',(29.1005757648283,-47.5,-54.5387238263193));
#12676=CARTESIAN_POINT('Ctrl Pts',(29.1005757648283,-20.,-54.5387238263193));
#12677=CARTESIAN_POINT('Ctrl Pts',(29.1064697807461,-47.5,-55.0935422840577));
#12678=CARTESIAN_POINT('Ctrl Pts',(29.1064697807461,-20.,-55.0935422840577));
#12679=CARTESIAN_POINT('Ctrl Pts',(29.1098239272833,-47.5,-55.4092764854431));
#12680=CARTESIAN_POINT('Ctrl Pts',(29.1098239272833,-20.,-55.4092764854431));
#12681=CARTESIAN_POINT('',(29.1098239272833,-30.,-55.4092764854431));
#12682=CARTESIAN_POINT('',(28.8540246337652,-30.,-53.785811662674));
#12683=CARTESIAN_POINT('Origin',(29.1098239272833,-30.,-55.4092764854431));
#12684=CARTESIAN_POINT('',(29.1098239272833,-29.,-60.));
#12685=CARTESIAN_POINT('Origin',(29.1098239272833,-30.,-60.));
#12686=CARTESIAN_POINT('',(27.8819920867682,-29.,-60.));
#12687=CARTESIAN_POINT('Origin',(27.8819920867682,-30.,-60.));
#12688=CARTESIAN_POINT('',(27.8819920867682,-30.,-55.4092764854431));
#12689=CARTESIAN_POINT('Ctrl Pts',(27.8819920867682,-47.5,-55.4092764854431));
#12690=CARTESIAN_POINT('Ctrl Pts',(27.8819920867682,-20.,-55.4092764854431));
#12691=CARTESIAN_POINT('Ctrl Pts',(27.87560929695,-47.5,-55.1353867846327));
#12692=CARTESIAN_POINT('Ctrl Pts',(27.87560929695,-20.,-55.1353867846327));
#12693=CARTESIAN_POINT('Ctrl Pts',(27.8642777004502,-47.5,-54.6491405406735));
#12694=CARTESIAN_POINT('Ctrl Pts',(27.8642777004502,-20.,-54.6491405406735));
#12695=CARTESIAN_POINT('Ctrl Pts',(27.5988607265249,-47.5,-54.2452740967925));
#12696=CARTESIAN_POINT('Ctrl Pts',(27.5988607265249,-20.,-54.2452740967925));
#12697=CARTESIAN_POINT('Ctrl Pts',(27.4829461425543,-47.5,-54.068894982338));
#12698=CARTESIAN_POINT('Ctrl Pts',(27.4829461425543,-20.,-54.068894982338));
#12699=CARTESIAN_POINT('',(27.4829461425543,-30.,-54.068894982338));
#12700=CARTESIAN_POINT('Ctrl Pts',(27.4829461425543,-47.5,-54.068894982338));
#12701=CARTESIAN_POINT('Ctrl Pts',(27.4829461425543,-20.,-54.068894982338));
#12702=CARTESIAN_POINT('Ctrl Pts',(27.329079400279,-47.5,-53.946677679242));
#12703=CARTESIAN_POINT('Ctrl Pts',(27.329079400279,-20.,-53.946677679242));
#12704=CARTESIAN_POINT('Ctrl Pts',(26.9998952411112,-47.5,-53.6852046698023));
#12705=CARTESIAN_POINT('Ctrl Pts',(26.9998952411112,-20.,-53.6852046698023));
#12706=CARTESIAN_POINT('Ctrl Pts',(26.5784686630801,-47.5,-53.6618333185243));
#12707=CARTESIAN_POINT('Ctrl Pts',(26.5784686630801,-20.,-53.6618333185243));
#12708=CARTESIAN_POINT('Ctrl Pts',(26.3540246337652,-47.5,-53.6493861675262));
#12709=CARTESIAN_POINT('Ctrl Pts',(26.3540246337652,-20.,-53.6493861675262));
#12710=CARTESIAN_POINT('',(26.3540246337652,-30.,-53.6493861675262));
#12711=CARTESIAN_POINT('Ctrl Pts',(26.3540246337652,-47.5,-53.6493861675262));
#12712=CARTESIAN_POINT('Ctrl Pts',(26.3540246337652,-20.,-53.6493861675262));
#12713=CARTESIAN_POINT('Ctrl Pts',(26.1743568112307,-47.5,-53.6614568843945));
#12714=CARTESIAN_POINT('Ctrl Pts',(26.1743568112307,-20.,-53.6614568843945));
#12715=CARTESIAN_POINT('Ctrl Pts',(25.812891733801,-47.5,-53.685741380894));
#12716=CARTESIAN_POINT('Ctrl Pts',(25.812891733801,-20.,-53.685741380894));
#12717=CARTESIAN_POINT('Ctrl Pts',(25.4898769330605,-47.5,-53.8499044173129));
#12718=CARTESIAN_POINT('Ctrl Pts',(25.4898769330605,-20.,-53.8499044173129));
#12719=CARTESIAN_POINT('Ctrl Pts',(25.3274180740118,-47.5,-53.9324694871902));
#12720=CARTESIAN_POINT('Ctrl Pts',(25.3274180740118,-20.,-53.9324694871902));
#12721=CARTESIAN_POINT('',(25.3274180740118,-30.,-53.9324694871902));
#12722=CARTESIAN_POINT('Ctrl Pts',(25.3274180740118,-47.5,-53.9324694871902));
#12723=CARTESIAN_POINT('Ctrl Pts',(25.3274180740118,-20.,-53.9324694871902));
#12724=CARTESIAN_POINT('Ctrl Pts',(25.1792029437205,-47.5,-54.033879832592));
#12725=CARTESIAN_POINT('Ctrl Pts',(25.1792029437205,-20.,-54.033879832592));
#12726=CARTESIAN_POINT('Ctrl Pts',(24.8874604045749,-47.5,-54.2334931352621));
#12727=CARTESIAN_POINT('Ctrl Pts',(24.8874604045749,-20.,-54.2334931352621));
#12728=CARTESIAN_POINT('Ctrl Pts',(24.7228609375288,-47.5,-54.5460811281826));
#12729=CARTESIAN_POINT('Ctrl Pts',(24.7228609375288,-20.,-54.5460811281826));
#12730=CARTESIAN_POINT('Ctrl Pts',(24.6418835967779,-47.5,-54.6998637914658));
#12731=CARTESIAN_POINT('Ctrl Pts',(24.6418835967779,-20.,-54.6998637914658));
#12732=CARTESIAN_POINT('',(24.6418835967779,-30.,-54.6998637914658));
#12733=CARTESIAN_POINT('Origin',(43.086626753211,-30.,-60.));
#12734=CARTESIAN_POINT('',(41.8587996810675,-29.,-60.));
#12735=CARTESIAN_POINT('',(43.086626753211,-30.,-60.));
#12736=CARTESIAN_POINT('Origin',(41.8587996810675,-30.,-60.));
#12737=CARTESIAN_POINT('',(41.8587996810675,-29.,-52.7557981014252));
#12738=CARTESIAN_POINT('Ctrl Pts',(8.40041421353817,-47.5,-53.5709410905838));
#12739=CARTESIAN_POINT('Ctrl Pts',(8.40041421353817,-20.,-53.5709410905838));
#12740=CARTESIAN_POINT('Ctrl Pts',(8.67664243991823,-47.5,-53.9451516987198));
#12741=CARTESIAN_POINT('Ctrl Pts',(8.67664243991823,-20.,-53.9451516987198));
#12742=CARTESIAN_POINT('Ctrl Pts',(9.26790321599666,-47.5,-54.7461417259982));
#12743=CARTESIAN_POINT('Ctrl Pts',(9.26790321599666,-20.,-54.7461417259982));
#12744=CARTESIAN_POINT('Ctrl Pts',(9.32053077602895,-47.5,-55.7439387894421));
#12745=CARTESIAN_POINT('Ctrl Pts',(9.32053077602895,-20.,-55.7439387894421));
#12746=CARTESIAN_POINT('Ctrl Pts',(9.34857152402401,-47.5,-56.2755799293518));
#12747=CARTESIAN_POINT('Ctrl Pts',(9.34857152402401,-20.,-56.2755799293518));
#12748=CARTESIAN_POINT('Ctrl Pts',(9.33363808208697,-35.,-56.0066560111256));
#12749=CARTESIAN_POINT('Ctrl Pts',(9.33363808208697,-35.6666666666667,-56.0066560111256));
#12750=CARTESIAN_POINT('Ctrl Pts',(9.33363808208697,-36.3333333333333,-56.0066560111256));
#12751=CARTESIAN_POINT('Ctrl Pts',(9.33363808208697,-37.,-56.0066560111256));
#12752=CARTESIAN_POINT('',(8.40041421353817,-30.,-53.5709410905838));
#12753=CARTESIAN_POINT('Origin',(2.58010678173464,-30.,-56.0066560111256));
#12754=CARTESIAN_POINT('Ctrl Pts',(8.07353373219554,-37.,-56.0066560111256));
#12755=CARTESIAN_POINT('Ctrl Pts',(8.07353373219554,-36.3333333333333,-56.0066560111256));
#12756=CARTESIAN_POINT('Ctrl Pts',(8.07353373219554,-35.6666666666667,-56.0066560111256));
#12757=CARTESIAN_POINT('Ctrl Pts',(8.07353373219554,-35.,-56.0066560111256));
#12758=CARTESIAN_POINT('Ctrl Pts',(8.08663628995419,-47.5,-56.3369715213776));
#12759=CARTESIAN_POINT('Ctrl Pts',(8.08663628995419,-20.,-56.3369715213776));
#12760=CARTESIAN_POINT('Ctrl Pts',(8.07336104676131,-47.5,-55.9312797691267));
#12761=CARTESIAN_POINT('Ctrl Pts',(8.07336104676131,-20.,-55.9312797691267));
#12762=CARTESIAN_POINT('Ctrl Pts',(8.04927082598399,-47.5,-55.1950820409747));
#12763=CARTESIAN_POINT('Ctrl Pts',(8.04927082598399,-20.,-55.1950820409747));
#12764=CARTESIAN_POINT('Ctrl Pts',(7.65370933339726,-47.5,-54.5778958190868));
#12765=CARTESIAN_POINT('Ctrl Pts',(7.65370933339726,-20.,-54.5778958190868));
#12766=CARTESIAN_POINT('Ctrl Pts',(7.47612737119198,-47.5,-54.3008184432983));
#12767=CARTESIAN_POINT('Ctrl Pts',(7.47612737119198,-20.,-54.3008184432983));
#12768=CARTESIAN_POINT('',(7.47612737119198,-30.,-54.3008184432983));
#12769=CARTESIAN_POINT('Ctrl Pts',(7.47612737119198,-47.5,-54.3008184432983));
#12770=CARTESIAN_POINT('Ctrl Pts',(7.47612737119198,-20.,-54.3008184432983));
#12771=CARTESIAN_POINT('Ctrl Pts',(7.26101920186133,-47.5,-54.0988814193348));
#12772=CARTESIAN_POINT('Ctrl Pts',(7.26101920186133,-20.,-54.0988814193348));
#12773=CARTESIAN_POINT('Ctrl Pts',(6.83292610572439,-47.5,-53.6970006070802));
#12774=CARTESIAN_POINT('Ctrl Pts',(6.83292610572439,-20.,-53.6970006070802));
#12775=CARTESIAN_POINT('Ctrl Pts',(6.24893844984281,-47.5,-53.637874479828));
#12776=CARTESIAN_POINT('Ctrl Pts',(6.24893844984281,-20.,-53.637874479828));
#12777=CARTESIAN_POINT('Ctrl Pts',(5.95839284360409,-47.5,-53.6084580421448));
#12778=CARTESIAN_POINT('Ctrl Pts',(5.95839284360409,-20.,-53.6084580421448));
#12779=CARTESIAN_POINT('',(5.95839284360409,-30.,-53.6084580421448));
#12780=CARTESIAN_POINT('Ctrl Pts',(5.95839284360409,-47.5,-53.6084580421448));
#12781=CARTESIAN_POINT('Ctrl Pts',(5.95839284360409,-20.,-53.6084580421448));
#12782=CARTESIAN_POINT('Ctrl Pts',(5.66459158135039,-47.5,-53.6370708868369));
#12783=CARTESIAN_POINT('Ctrl Pts',(5.66459158135039,-20.,-53.6370708868369));
#12784=CARTESIAN_POINT('Ctrl Pts',(5.07746527967251,-47.5,-53.6942501976257));
#12785=CARTESIAN_POINT('Ctrl Pts',(5.07746527967251,-20.,-53.6942501976257));
#12786=CARTESIAN_POINT('Ctrl Pts',(4.64598869559119,-47.5,-54.0964640558483));
#12787=CARTESIAN_POINT('Ctrl Pts',(4.64598869559119,-20.,-54.0964640558483));
#12788=CARTESIAN_POINT('Ctrl Pts',(4.43042539060116,-47.5,-54.2974078655243));
#12789=CARTESIAN_POINT('Ctrl Pts',(4.43042539060116,-20.,-54.2974078655243));
#12790=CARTESIAN_POINT('',(4.43042539060116,-30.,-54.2974078655243));
#12791=CARTESIAN_POINT('Origin',(-10.9038183838129,-30.,-56.9577080011368));
#12792=CARTESIAN_POINT('',(-8.50954748690128,-29.,-50.));
#12793=CARTESIAN_POINT('',(-10.9038183838129,-30.,-56.9577080011368));
#12794=CARTESIAN_POINT('Origin',(-8.50954748690128,-30.,-50.));
#12795=CARTESIAN_POINT('',(-6.72919489443302,-29.,-50.));
#12796=CARTESIAN_POINT('Origin',(-6.72919489443302,-30.,-50.));
#12797=CARTESIAN_POINT('',(-6.72919489443302,-29.,-60.));
#12798=CARTESIAN_POINT('Origin',(-6.72919489443302,-30.,-60.));
#12799=CARTESIAN_POINT('',(-8.00477243959904,-29.,-60.));
#12800=CARTESIAN_POINT('Origin',(-8.00477243959904,-30.,-60.));
#12801=CARTESIAN_POINT('',(-8.00477243959904,-29.,-51.6302865743637));
#12802=CARTESIAN_POINT('Origin',(-8.00477243959904,-30.,-51.6302865743637));
#12803=CARTESIAN_POINT('',(-10.910639539361,-29.,-60.));
#12804=CARTESIAN_POINT('Origin',(-10.910639539361,-30.,-60.));
#12805=CARTESIAN_POINT('',(-12.1043656021357,-29.,-60.));
#12806=CARTESIAN_POINT('Origin',(-33.3731231838465,-30.,-60.));
#12807=CARTESIAN_POINT('',(-33.3731231838465,-29.,-50.));
#12808=CARTESIAN_POINT('',(-33.3731231838465,-29.,-60.));
#12809=CARTESIAN_POINT('Origin',(-33.3731231838465,-30.,-50.));
#12810=CARTESIAN_POINT('',(-32.0497939735651,-29.,-50.));
#12811=CARTESIAN_POINT('Origin',(-32.0497939735651,-30.,-50.));
#12812=CARTESIAN_POINT('',(-32.0497939735651,-29.,-58.8199186325073));
#12813=CARTESIAN_POINT('Origin',(-17.28853918612,-30.,-60.));
#12814=CARTESIAN_POINT('',(-18.7960407882929,-29.,-60.));
#12815=CARTESIAN_POINT('',(-17.28853918612,-29.,-60.));
#12816=CARTESIAN_POINT('Origin',(-18.7960407882929,-30.,-60.));
#12817=CARTESIAN_POINT('',(-19.9624798446894,-29.,-56.9713509082794));
#12818=CARTESIAN_POINT('Origin',(-19.9624798446894,-30.,-56.9713509082794));
#12819=CARTESIAN_POINT('',(-24.1439268738031,-29.,-56.9713509082794));
#12820=CARTESIAN_POINT('Origin',(-24.1439268738031,-30.,-56.9713509082794));
#12821=CARTESIAN_POINT('',(-25.2421531826258,-30.,-60.));
#12822=CARTESIAN_POINT('Ctrl Pts',(7.47954152524471,-47.5,-58.4583902359009));
#12823=CARTESIAN_POINT('Ctrl Pts',(7.47954152524471,-20.,-58.4583902359009));
#12824=CARTESIAN_POINT('Ctrl Pts',(7.65598743279069,-47.5,-58.1732725323033));
#12825=CARTESIAN_POINT('Ctrl Pts',(7.65598743279069,-20.,-58.1732725323033));
#12826=CARTESIAN_POINT('Ctrl Pts',(8.05581625388571,-47.5,-57.5271919465407));
#12827=CARTESIAN_POINT('Ctrl Pts',(8.05581625388571,-20.,-57.5271919465407));
#12828=CARTESIAN_POINT('Ctrl Pts',(8.07558921065521,-47.5,-56.7635920285963));
#12829=CARTESIAN_POINT('Ctrl Pts',(8.07558921065521,-20.,-56.7635920285963));
#12830=CARTESIAN_POINT('Ctrl Pts',(8.08663628995419,-47.5,-56.3369715213776));
#12831=CARTESIAN_POINT('Ctrl Pts',(8.08663628995419,-20.,-56.3369715213776));
#12832=CARTESIAN_POINT('Ctrl Pts',(8.05244627079965,-35.,-57.0000008493662));
#12833=CARTESIAN_POINT('Ctrl Pts',(8.05244627079965,-35.6666666666667,-57.0000008493662));
#12834=CARTESIAN_POINT('Ctrl Pts',(8.05244627079965,-36.3333333333333,-57.0000008493662));
#12835=CARTESIAN_POINT('Ctrl Pts',(8.05244627079965,-37.,-57.0000008493662));
#12836=CARTESIAN_POINT('',(7.47954152524471,-30.,-58.4583902359009));
#12837=CARTESIAN_POINT('Origin',(9.31919531168819,-30.,-57.0000008493662));
#12838=CARTESIAN_POINT('Ctrl Pts',(9.31919531168819,-37.,-57.0000008493662));
#12839=CARTESIAN_POINT('Ctrl Pts',(9.31919531168819,-36.3333333333333,-57.0000008493662));
#12840=CARTESIAN_POINT('Ctrl Pts',(9.31919531168819,-35.6666666666667,-57.0000008493662));
#12841=CARTESIAN_POINT('Ctrl Pts',(9.31919531168819,-35.,-57.0000008493662));
#12842=CARTESIAN_POINT('Ctrl Pts',(9.34857152402401,-47.5,-56.2755799293518));
#12843=CARTESIAN_POINT('Ctrl Pts',(9.34857152402401,-20.,-56.2755799293518));
#12844=CARTESIAN_POINT('Ctrl Pts',(9.3403859114748,-47.5,-56.697436430536));
#12845=CARTESIAN_POINT('Ctrl Pts',(9.3403859114748,-20.,-56.697436430536));
#12846=CARTESIAN_POINT('Ctrl Pts',(9.3256610063643,-47.5,-57.4563041283215));
#12847=CARTESIAN_POINT('Ctrl Pts',(9.3256610063643,-20.,-57.4563041283215));
#12848=CARTESIAN_POINT('Ctrl Pts',(9.05102821501684,-47.5,-58.1620314380823));
#12849=CARTESIAN_POINT('Ctrl Pts',(9.05102821501684,-20.,-58.1620314380823));
#12850=CARTESIAN_POINT('Ctrl Pts',(8.92906449735165,-47.5,-58.4754431247711));
#12851=CARTESIAN_POINT('Ctrl Pts',(8.92906449735165,-20.,-58.4754431247711));
#12852=CARTESIAN_POINT('',(8.92906449735165,-30.,-58.4754431247711));
#12853=CARTESIAN_POINT('Ctrl Pts',(8.92906449735165,-47.5,-58.4754431247711));
#12854=CARTESIAN_POINT('Ctrl Pts',(8.92906449735165,-20.,-58.4754431247711));
#12855=CARTESIAN_POINT('Ctrl Pts',(8.77287150420485,-47.5,-58.7279314287475));
#12856=CARTESIAN_POINT('Ctrl Pts',(8.77287150420485,-20.,-58.7279314287475));
#12857=CARTESIAN_POINT('Ctrl Pts',(8.45944688867643,-47.5,-59.2345869963557));
#12858=CARTESIAN_POINT('Ctrl Pts',(8.45944688867643,-20.,-59.2345869963557));
#12859=CARTESIAN_POINT('Ctrl Pts',(7.95906930023573,-47.5,-59.558056929058));
#12860=CARTESIAN_POINT('Ctrl Pts',(7.95906930023573,-20.,-59.558056929058));
#12861=CARTESIAN_POINT('Ctrl Pts',(7.70805142819881,-47.5,-59.7203278541565));
#12862=CARTESIAN_POINT('Ctrl Pts',(7.70805142819881,-20.,-59.7203278541565));
#12863=CARTESIAN_POINT('',(7.70805142819881,-30.,-59.7203278541565));
#12864=CARTESIAN_POINT('Ctrl Pts',(7.70805142819881,-47.5,-59.7203278541565));
#12865=CARTESIAN_POINT('Ctrl Pts',(7.70805142819881,-20.,-59.7203278541565));
#12866=CARTESIAN_POINT('Ctrl Pts',(7.43336684002541,-47.5,-59.8496451718373));
#12867=CARTESIAN_POINT('Ctrl Pts',(7.43336684002541,-20.,-59.8496451718373));
#12868=CARTESIAN_POINT('Ctrl Pts',(6.87897550778825,-47.5,-60.11064416165));
#12869=CARTESIAN_POINT('Ctrl Pts',(6.87897550778825,-20.,-60.11064416165));
#12870=CARTESIAN_POINT('Ctrl Pts',(6.26710135997238,-47.5,-60.1459157533169));
#12871=CARTESIAN_POINT('Ctrl Pts',(6.26710135997238,-20.,-60.1459157533169));
#12872=CARTESIAN_POINT('Ctrl Pts',(5.95839284360409,-47.5,-60.163711309433));
#12873=CARTESIAN_POINT('Ctrl Pts',(5.95839284360409,-20.,-60.163711309433));
#12874=CARTESIAN_POINT('',(5.95839284360409,-30.,-60.163711309433));
#12875=CARTESIAN_POINT('Origin',(1.48105353310294,-30.,-57.0000008493662));
#12876=CARTESIAN_POINT('Ctrl Pts',(1.48105353310294,-37.,-57.0000008493662));
#12877=CARTESIAN_POINT('Ctrl Pts',(1.48105353310294,-36.3333333333333,-57.0000008493662));
#12878=CARTESIAN_POINT('Ctrl Pts',(1.48105353310294,-35.6666666666667,-57.0000008493662));
#12879=CARTESIAN_POINT('Ctrl Pts',(1.48105353310294,-35.,-57.0000008493662));
#12880=CARTESIAN_POINT('Ctrl Pts',(0.237377954031671,-37.,-57.0000008493662));
#12881=CARTESIAN_POINT('Ctrl Pts',(0.237377954031671,-36.3333333333333,
-57.0000008493662));
#12882=CARTESIAN_POINT('Ctrl Pts',(0.237377954031671,-35.6666666666667,
-57.0000008493662));
#12883=CARTESIAN_POINT('Ctrl Pts',(0.237377954031671,-35.,-57.0000008493662));
#12884=CARTESIAN_POINT('Ctrl Pts',(1.5245559066534,-47.5,-56.2687581777573));
#12885=CARTESIAN_POINT('Ctrl Pts',(1.5245559066534,-20.,-56.2687581777573));
#12886=CARTESIAN_POINT('Ctrl Pts',(1.50082790009026,-47.5,-56.8368986687568));
#12887=CARTESIAN_POINT('Ctrl Pts',(1.50082790009026,-20.,-56.8368986687568));
#12888=CARTESIAN_POINT('Ctrl Pts',(1.45704453168677,-47.5,-57.8852422940918));
#12889=CARTESIAN_POINT('Ctrl Pts',(1.45704453168677,-20.,-57.8852422940918));
#12890=CARTESIAN_POINT('Ctrl Pts',(0.871772352557278,-47.5,-58.7508436493099));
#12891=CARTESIAN_POINT('Ctrl Pts',(0.871772352557278,-20.,-58.7508436493099));
#12892=CARTESIAN_POINT('Ctrl Pts',(0.603683218359947,-47.5,-59.1473400592804));
#12893=CARTESIAN_POINT('Ctrl Pts',(0.603683218359947,-20.,-59.1473400592804));
#12894=CARTESIAN_POINT('',(0.603683218359947,-30.,-59.1473400592804));
#12895=CARTESIAN_POINT('Ctrl Pts',(0.603683218359947,-47.5,-59.1473400592804));
#12896=CARTESIAN_POINT('Ctrl Pts',(0.603683218359947,-20.,-59.1473400592804));
#12897=CARTESIAN_POINT('Ctrl Pts',(0.28529311778513,-47.5,-59.4437551662664));
#12898=CARTESIAN_POINT('Ctrl Pts',(0.28529311778513,-20.,-59.4437551662664));
#12899=CARTESIAN_POINT('Ctrl Pts',(-0.340452868905006,-47.5,-60.0263127371707));
#12900=CARTESIAN_POINT('Ctrl Pts',(-0.340452868905006,-20.,-60.0263127371707));
#12901=CARTESIAN_POINT('Ctrl Pts',(-1.18941394760524,-47.5,-60.1184533786974));
#12902=CARTESIAN_POINT('Ctrl Pts',(-1.18941394760524,-20.,-60.1184533786974));
#12903=CARTESIAN_POINT('Ctrl Pts',(-1.60640932619572,-47.5,-60.163711309433));
#12904=CARTESIAN_POINT('Ctrl Pts',(-1.60640932619572,-20.,-60.163711309433));
#12905=CARTESIAN_POINT('',(-1.60640932619572,-30.,-60.163711309433));
#12906=CARTESIAN_POINT('Ctrl Pts',(-1.60640932619572,-47.5,-60.163711309433));
#12907=CARTESIAN_POINT('Ctrl Pts',(-1.60640932619572,-20.,-60.163711309433));
#12908=CARTESIAN_POINT('Ctrl Pts',(-2.01123567916154,-47.5,-60.1185279652958));
#12909=CARTESIAN_POINT('Ctrl Pts',(-2.01123567916154,-20.,-60.1185279652958));
#12910=CARTESIAN_POINT('Ctrl Pts',(-2.82345159234017,-47.5,-60.0278751931875));
#12911=CARTESIAN_POINT('Ctrl Pts',(-2.82345159234017,-20.,-60.0278751931875));
#12912=CARTESIAN_POINT('Ctrl Pts',(-3.3530539169338,-47.5,-59.4051265737864));
#12913=CARTESIAN_POINT('Ctrl Pts',(-3.3530539169338,-20.,-59.4051265737864));
#12914=CARTESIAN_POINT('Ctrl Pts',(-3.6186907440424,-47.5,-59.0927696228027));
#12915=CARTESIAN_POINT('Ctrl Pts',(-3.6186907440424,-20.,-59.0927696228027));
#12916=CARTESIAN_POINT('',(-3.6186907440424,-30.,-59.0927696228027));
#12917=CARTESIAN_POINT('Origin',(-3.6186907440424,-30.,-59.0927696228027));
#12918=CARTESIAN_POINT('',(-3.6186907440424,-29.,-60.));
#12919=CARTESIAN_POINT('Origin',(-3.6186907440424,-30.,-60.));
#12920=CARTESIAN_POINT('',(-4.75784279406071,-29.,-60.));
#12921=CARTESIAN_POINT('Ctrl Pts',(18.1002786010504,-47.5,-60.));
#12922=CARTESIAN_POINT('Ctrl Pts',(18.1002786010504,-20.,-60.));
#12923=CARTESIAN_POINT('Ctrl Pts',(17.6346969060597,-47.5,-59.9605271737039));
#12924=CARTESIAN_POINT('Ctrl Pts',(17.6346969060597,-20.,-59.9605271737039));
#12925=CARTESIAN_POINT('Ctrl Pts',(16.7297369554259,-47.5,-59.8838030942982));
#12926=CARTESIAN_POINT('Ctrl Pts',(16.7297369554259,-20.,-59.8838030942982));
#12927=CARTESIAN_POINT('Ctrl Pts',(16.0957004475958,-47.5,-59.2365116178364));
#12928=CARTESIAN_POINT('Ctrl Pts',(16.0957004475958,-20.,-59.2365116178364));
#12929=CARTESIAN_POINT('Ctrl Pts',(15.7878615707159,-47.5,-58.9222371578217));
#12930=CARTESIAN_POINT('Ctrl Pts',(15.7878615707159,-20.,-58.9222371578217));
#12931=CARTESIAN_POINT('',(15.7878615707159,-30.,-58.9222371578217));
#12932=CARTESIAN_POINT('Ctrl Pts',(15.7878615707159,-47.5,-58.9222371578217));
#12933=CARTESIAN_POINT('Ctrl Pts',(15.7878615707159,-20.,-58.9222371578217));
#12934=CARTESIAN_POINT('Ctrl Pts',(15.5491739038052,-47.5,-58.5381363200621));
#12935=CARTESIAN_POINT('Ctrl Pts',(15.5491739038052,-20.,-58.5381363200621));
#12936=CARTESIAN_POINT('Ctrl Pts',(15.0574593295375,-47.5,-57.746859659817));
#12937=CARTESIAN_POINT('Ctrl Pts',(15.0574593295375,-20.,-57.746859659817));
#12938=CARTESIAN_POINT('Ctrl Pts',(14.9992579273072,-47.5,-56.8159832822038));
#12939=CARTESIAN_POINT('Ctrl Pts',(14.9992579273072,-20.,-56.8159832822038));
#12940=CARTESIAN_POINT('Ctrl Pts',(14.9693085998297,-47.5,-56.336972117424));
#12941=CARTESIAN_POINT('Ctrl Pts',(14.9693085998297,-20.,-56.336972117424));
#12942=CARTESIAN_POINT('Ctrl Pts',(15.0224582193805,-35.,-57.0000008493662));
#12943=CARTESIAN_POINT('Ctrl Pts',(15.0224582193805,-35.6666666666667,-57.0000008493662));
#12944=CARTESIAN_POINT('Ctrl Pts',(15.0224582193805,-36.3333333333333,-57.0000008493662));
#12945=CARTESIAN_POINT('Ctrl Pts',(15.0224582193805,-37.,-57.0000008493662));
#12946=CARTESIAN_POINT('Ctrl Pts',(16.8042352050543,-47.5,-54.2735344171524));
#12947=CARTESIAN_POINT('Ctrl Pts',(16.8042352050543,-20.,-54.2735344171524));
#12948=CARTESIAN_POINT('Ctrl Pts',(16.6376171252729,-47.5,-54.541666884222));
#12949=CARTESIAN_POINT('Ctrl Pts',(16.6376171252729,-20.,-54.541666884222));
#12950=CARTESIAN_POINT('Ctrl Pts',(16.2639252630147,-47.5,-55.143035721761));
#12951=CARTESIAN_POINT('Ctrl Pts',(16.2639252630147,-20.,-55.143035721761));
#12952=CARTESIAN_POINT('Ctrl Pts',(16.2428964982831,-47.5,-55.8542115919086));
#12953=CARTESIAN_POINT('Ctrl Pts',(16.2428964982831,-20.,-55.8542115919086));
#12954=CARTESIAN_POINT('Ctrl Pts',(16.2312438338995,-47.5,-56.2482953071594));
#12955=CARTESIAN_POINT('Ctrl Pts',(16.2312438338995,-20.,-56.2482953071594));
#12956=CARTESIAN_POINT('Ctrl Pts',(16.2396018550007,-35.,-56.000000834465));
#12957=CARTESIAN_POINT('Ctrl Pts',(16.2396018550007,-35.6666666666667,-56.000000834465));
#12958=CARTESIAN_POINT('Ctrl Pts',(16.2396018550007,-36.3333333333333,-56.000000834465));
#12959=CARTESIAN_POINT('Ctrl Pts',(16.2396018550007,-37.,-56.000000834465));
#12960=CARTESIAN_POINT('Origin',(14.5000002160668,-30.,-56.000000834465));
#12961=CARTESIAN_POINT('Ctrl Pts',(14.9855401480942,-37.,-56.000000834465));
#12962=CARTESIAN_POINT('Ctrl Pts',(14.9855401480942,-36.3333333333333,-56.000000834465));
#12963=CARTESIAN_POINT('Ctrl Pts',(14.9855401480942,-35.6666666666667,-56.000000834465));
#12964=CARTESIAN_POINT('Ctrl Pts',(14.9855401480942,-35.,-56.000000834465));
#12965=CARTESIAN_POINT('Ctrl Pts',(14.9693085998297,-47.5,-56.336972117424));
#12966=CARTESIAN_POINT('Ctrl Pts',(14.9693085998297,-20.,-56.336972117424));
#12967=CARTESIAN_POINT('Ctrl Pts',(14.9835459462778,-47.5,-56.001341142148));
#12968=CARTESIAN_POINT('Ctrl Pts',(14.9835459462778,-20.,-56.001341142148));
#12969=CARTESIAN_POINT('Ctrl Pts',(15.0114185775333,-47.5,-55.3442721829944));
#12970=CARTESIAN_POINT('Ctrl Pts',(15.0114185775333,-20.,-55.3442721829944));
#12971=CARTESIAN_POINT('Ctrl Pts',(15.2350693842588,-47.5,-54.7260408496498));
#12972=CARTESIAN_POINT('Ctrl Pts',(15.2350693842588,-20.,-54.7260408496498));
#12973=CARTESIAN_POINT('Ctrl Pts',(15.3444793075323,-47.5,-54.4236022233963));
#12974=CARTESIAN_POINT('Ctrl Pts',(15.3444793075323,-20.,-54.4236022233963));
#12975=CARTESIAN_POINT('',(15.3444793075323,-30.,-54.4236022233963));
#12976=CARTESIAN_POINT('Ctrl Pts',(-38.8233274966478,-47.5,-60.1705324649811));
#12977=CARTESIAN_POINT('Ctrl Pts',(-38.8233274966478,-20.,-60.1705324649811));
#12978=CARTESIAN_POINT('Ctrl Pts',(-39.2432048868931,-47.5,-60.1598759419372));
#12979=CARTESIAN_POINT('Ctrl Pts',(-39.2432048868931,-20.,-60.1598759419372));
#12980=CARTESIAN_POINT('Ctrl Pts',(-40.0219210581169,-47.5,-60.1401120608233));
#12981=CARTESIAN_POINT('Ctrl Pts',(-40.0219210581169,-20.,-60.1401120608233));
#12982=CARTESIAN_POINT('Ctrl Pts',(-40.758707619431,-47.5,-59.8901040341787));
#12983=CARTESIAN_POINT('Ctrl Pts',(-40.758707619431,-20.,-59.8901040341787));
#12984=CARTESIAN_POINT('Ctrl Pts',(-41.0982248932123,-47.5,-59.7748982906342));
#12985=CARTESIAN_POINT('Ctrl Pts',(-41.0982248932123,-20.,-59.7748982906342));
#12986=CARTESIAN_POINT('',(-41.0982248932123,-30.,-59.7748982906342));
#12987=CARTESIAN_POINT('Ctrl Pts',(-41.0982248932123,-47.5,-59.7748982906342));
#12988=CARTESIAN_POINT('Ctrl Pts',(-41.0982248932123,-20.,-59.7748982906342));
#12989=CARTESIAN_POINT('Ctrl Pts',(-41.3863728640249,-47.5,-59.6281880124177));
#12990=CARTESIAN_POINT('Ctrl Pts',(-41.3863728640249,-20.,-59.6281880124177));
#12991=CARTESIAN_POINT('Ctrl Pts',(-41.9551385552967,-47.5,-59.3386014761282));
#12992=CARTESIAN_POINT('Ctrl Pts',(-41.9551385552967,-20.,-59.3386014761282));
#12993=CARTESIAN_POINT('Ctrl Pts',(-42.3451109063077,-47.5,-58.8336948975311));
#12994=CARTESIAN_POINT('Ctrl Pts',(-42.3451109063077,-20.,-58.8336948975311));
#12995=CARTESIAN_POINT('Ctrl Pts',(-42.5375155359507,-47.5,-58.5845839977264));
#12996=CARTESIAN_POINT('Ctrl Pts',(-42.5375155359507,-20.,-58.5845839977264));
#12997=CARTESIAN_POINT('',(-42.5375155359507,-30.,-58.5845839977264));
#12998=CARTESIAN_POINT('Origin',(-22.8069565445185,-30.,-50.));
#12999=CARTESIAN_POINT('',(-21.3813088089228,-29.,-50.));
#13000=CARTESIAN_POINT('',(-22.8069565445185,-29.,-50.));
#13001=CARTESIAN_POINT('Origin',(-21.3813088089228,-30.,-50.));
#13002=CARTESIAN_POINT('Ctrl Pts',(1.30627892911434,-47.5,-54.795361161232));
#13003=CARTESIAN_POINT('Ctrl Pts',(1.30627892911434,-20.,-54.795361161232));
#13004=CARTESIAN_POINT('Ctrl Pts',(1.3699353019251,-47.5,-55.0316079472657));
#13005=CARTESIAN_POINT('Ctrl Pts',(1.3699353019251,-20.,-55.0316079472657));
#13006=CARTESIAN_POINT('Ctrl Pts',(1.49995897919982,-47.5,-55.51416255269));
#13007=CARTESIAN_POINT('Ctrl Pts',(1.49995897919982,-20.,-55.51416255269));
#13008=CARTESIAN_POINT('Ctrl Pts',(1.51624375423817,-47.5,-56.0137542200773));
#13009=CARTESIAN_POINT('Ctrl Pts',(1.51624375423817,-20.,-56.0137542200773));
#13010=CARTESIAN_POINT('Ctrl Pts',(1.5245559066534,-47.5,-56.2687581777573));
#13011=CARTESIAN_POINT('Ctrl Pts',(1.5245559066534,-20.,-56.2687581777573));
#13012=CARTESIAN_POINT('Ctrl Pts',(1.51481237215857,-35.,-56.0066560111256));
#13013=CARTESIAN_POINT('Ctrl Pts',(1.51481237215857,-35.6666666666667,-56.0066560111256));
#13014=CARTESIAN_POINT('Ctrl Pts',(1.51481237215857,-36.3333333333333,-56.0066560111256));
#13015=CARTESIAN_POINT('Ctrl Pts',(1.51481237215857,-37.,-56.0066560111256));
#13016=CARTESIAN_POINT('Origin',(-4.75784279406071,-30.,-56.0066560111256));
#13017=CARTESIAN_POINT('Ctrl Pts',(0.259103879865692,-35.,-56.0066560111256));
#13018=CARTESIAN_POINT('Ctrl Pts',(0.259103879865692,-35.6666666666667,
-56.0066560111256));
#13019=CARTESIAN_POINT('Ctrl Pts',(0.259103879865692,-36.3333333333333,
-56.0066560111256));
#13020=CARTESIAN_POINT('Ctrl Pts',(0.259103879865692,-37.,-56.0066560111256));
#13021=CARTESIAN_POINT('Ctrl Pts',(0.269444212317467,-47.5,-56.371077299118));
#13022=CARTESIAN_POINT('Ctrl Pts',(0.269444212317467,-20.,-56.371077299118));
#13023=CARTESIAN_POINT('Ctrl Pts',(0.260662694327158,-47.5,-55.9489422334752));
#13024=CARTESIAN_POINT('Ctrl Pts',(0.260662694327158,-20.,-55.9489422334752));
#13025=CARTESIAN_POINT('Ctrl Pts',(0.245094472664622,-47.5,-55.2005645292207));
#13026=CARTESIAN_POINT('Ctrl Pts',(0.245094472664622,-20.,-55.2005645292207));
#13027=CARTESIAN_POINT('Ctrl Pts',(-0.129859411362259,-47.5,-54.557344242659));
#13028=CARTESIAN_POINT('Ctrl Pts',(-0.129859411362259,-20.,-54.557344242659));
#13029=CARTESIAN_POINT('Ctrl Pts',(-0.293314233422279,-47.5,-54.2769432067871));
#13030=CARTESIAN_POINT('Ctrl Pts',(-0.293314233422279,-20.,-54.2769432067871));
#13031=CARTESIAN_POINT('',(-0.293314233422279,-30.,-54.2769432067871));
#13032=CARTESIAN_POINT('Ctrl Pts',(12.2066905349493,-47.5,-54.7748976945877));
#13033=CARTESIAN_POINT('Ctrl Pts',(12.2066905349493,-20.,-54.7748976945877));
#13034=CARTESIAN_POINT('Ctrl Pts',(12.1470207627217,-47.5,-55.0021740434468));
#13035=CARTESIAN_POINT('Ctrl Pts',(12.1470207627217,-20.,-55.0021740434468));
#13036=CARTESIAN_POINT('Ctrl Pts',(12.0237595941016,-47.5,-55.4716638255303));
#13037=CARTESIAN_POINT('Ctrl Pts',(12.0237595941016,-20.,-55.4716638255303));
#13038=CARTESIAN_POINT('Ctrl Pts',(12.0094391359632,-47.5,-55.9569857981919));
#13039=CARTESIAN_POINT('Ctrl Pts',(12.0094391359632,-20.,-55.9569857981919));
#13040=CARTESIAN_POINT('Ctrl Pts',(12.0020511001348,-47.5,-56.207367181778));
#13041=CARTESIAN_POINT('Ctrl Pts',(12.0020511001348,-20.,-56.207367181778));
#13042=CARTESIAN_POINT('',(12.0020511001348,-30.,-56.207367181778));
#13043=CARTESIAN_POINT('Origin',(12.0020511001348,-30.,-56.207367181778));
#13044=CARTESIAN_POINT('',(12.0020511001348,-30.,-60.));
#13045=CARTESIAN_POINT('Origin',(12.0020511001348,-30.,-60.));
#13046=CARTESIAN_POINT('',(10.7742192596197,-29.,-60.));
#13047=CARTESIAN_POINT('Origin',(10.7742192596197,-30.,-60.));
#13048=CARTESIAN_POINT('',(10.7742192596197,-29.,-52.7557981014252));
#13049=CARTESIAN_POINT('Origin',(10.7742192596197,-30.,-52.7557981014252));
#13050=CARTESIAN_POINT('',(11.8792655318975,-29.,-52.7557981014252));
#13051=CARTESIAN_POINT('Origin',(11.8792655318975,-30.,-52.7557981014252));
#13052=CARTESIAN_POINT('',(11.8792655318975,-30.,-53.8540244102478));
#13053=CARTESIAN_POINT('Ctrl Pts',(35.8799483627081,-47.5,-54.1541612148285));
#13054=CARTESIAN_POINT('Ctrl Pts',(35.8799483627081,-20.,-54.1541612148285));
#13055=CARTESIAN_POINT('Ctrl Pts',(35.7149674317695,-47.5,-54.3869260757368));
#13056=CARTESIAN_POINT('Ctrl Pts',(35.7149674317695,-20.,-54.3869260757368));
#13057=CARTESIAN_POINT('Ctrl Pts',(35.3184035045008,-47.5,-54.9464219329051));
#13058=CARTESIAN_POINT('Ctrl Pts',(35.3184035045008,-20.,-54.9464219329051));
#13059=CARTESIAN_POINT('Ctrl Pts',(35.3133324874045,-47.5,-55.6391315264885));
#13060=CARTESIAN_POINT('Ctrl Pts',(35.3133324874045,-20.,-55.6391315264885));
#13061=CARTESIAN_POINT('Ctrl Pts',(35.310371145606,-47.5,-56.043655872345));
#13062=CARTESIAN_POINT('Ctrl Pts',(35.310371145606,-20.,-56.043655872345));
#13063=CARTESIAN_POINT('',(35.310371145606,-30.,-56.043655872345));
#13064=CARTESIAN_POINT('Origin',(35.310371145606,-30.,-56.043655872345));
#13065=CARTESIAN_POINT('',(35.310371145606,-30.,-60.));
#13066=CARTESIAN_POINT('Origin',(35.310371145606,-30.,-60.));
#13067=CARTESIAN_POINT('',(34.0825393050909,-29.,-60.));
#13068=CARTESIAN_POINT('Origin',(34.0825393050909,-30.,-60.));
#13069=CARTESIAN_POINT('',(34.0825393050909,-29.,-52.7557981014252));
#13070=CARTESIAN_POINT('Origin',(34.0825393050909,-30.,-52.7557981014252));
#13071=CARTESIAN_POINT('',(35.1875855773687,-29.,-52.7557981014252));
#13072=CARTESIAN_POINT('Origin',(35.1875855773687,-30.,-52.7557981014252));
#13073=CARTESIAN_POINT('',(35.1875855773687,-30.,-53.785811662674));
#13074=CARTESIAN_POINT('Ctrl Pts',(24.6418835967779,-47.5,-54.6998637914658));
#13075=CARTESIAN_POINT('Ctrl Pts',(24.6418835967779,-20.,-54.6998637914658));
#13076=CARTESIAN_POINT('Ctrl Pts',(24.5824256353249,-47.5,-54.8906254659889));
#13077=CARTESIAN_POINT('Ctrl Pts',(24.5824256353249,-20.,-54.8906254659889));
#13078=CARTESIAN_POINT('Ctrl Pts',(24.4469813802697,-47.5,-55.3251774127336));
#13079=CARTESIAN_POINT('Ctrl Pts',(24.4469813802697,-20.,-55.3251774127336));
#13080=CARTESIAN_POINT('Ctrl Pts',(24.4407436332262,-47.5,-55.7810712938001));
#13081=CARTESIAN_POINT('Ctrl Pts',(24.4407436332262,-20.,-55.7810712938001));
#13082=CARTESIAN_POINT('Ctrl Pts',(24.4372441619635,-47.5,-56.0368347167969));
#13083=CARTESIAN_POINT('Ctrl Pts',(24.4372441619635,-20.,-56.0368347167969));
#13084=CARTESIAN_POINT('',(24.4372441619635,-30.,-56.0368347167969));
#13085=CARTESIAN_POINT('Origin',(24.4372441619635,-30.,-56.0368347167969));
#13086=CARTESIAN_POINT('',(24.4372441619635,-30.,-60.));
#13087=CARTESIAN_POINT('Origin',(24.4372441619635,-30.,-60.));
#13088=CARTESIAN_POINT('',(23.2094123214483,-29.,-60.));
#13089=CARTESIAN_POINT('Origin',(23.2094123214483,-30.,-60.));
#13090=CARTESIAN_POINT('',(23.2094123214483,-29.,-50.));
#13091=CARTESIAN_POINT('Origin',(23.2094123214483,-30.,-50.));
#13092=CARTESIAN_POINT('',(24.4372441619635,-29.,-50.));
#13093=CARTESIAN_POINT('Origin',(24.4372441619635,-30.,-50.));
#13094=CARTESIAN_POINT('',(24.4372441619635,-30.,-53.5879945755005));
#13095=CARTESIAN_POINT('Ctrl Pts',(4.43042539060116,-47.5,-54.2974078655243));
#13096=CARTESIAN_POINT('Ctrl Pts',(4.43042539060116,-20.,-54.2974078655243));
#13097=CARTESIAN_POINT('Ctrl Pts',(4.25393278398572,-47.5,-54.5778397613446));
#13098=CARTESIAN_POINT('Ctrl Pts',(4.25393278398572,-20.,-54.5778397613446));
#13099=CARTESIAN_POINT('Ctrl Pts',(3.85612415251369,-47.5,-55.2099241916032));
#13100=CARTESIAN_POINT('Ctrl Pts',(3.85612415251369,-20.,-55.2099241916032));
#13101=CARTESIAN_POINT('Ctrl Pts',(3.83505319723306,-47.5,-55.9603877299983));
#13102=CARTESIAN_POINT('Ctrl Pts',(3.83505319723306,-20.,-55.9603877299983));
#13103=CARTESIAN_POINT('Ctrl Pts',(3.82333062589169,-47.5,-56.3778990507126));
#13104=CARTESIAN_POINT('Ctrl Pts',(3.82333062589169,-20.,-56.3778990507126));
#13105=CARTESIAN_POINT('Ctrl Pts',(3.83684090340977,-35.,-56.0066560111256));
#13106=CARTESIAN_POINT('Ctrl Pts',(3.83684090340977,-35.6666666666667,-56.0066560111256));
#13107=CARTESIAN_POINT('Ctrl Pts',(3.83684090340977,-36.3333333333333,-56.0066560111256));
#13108=CARTESIAN_POINT('Ctrl Pts',(3.83684090340977,-37.,-56.0066560111256));
#13109=CARTESIAN_POINT('Origin',(2.58010678173464,-30.,-56.0066560111256));
#13110=CARTESIAN_POINT('Ctrl Pts',(2.58010678173464,-37.,-56.0066560111256));
#13111=CARTESIAN_POINT('Ctrl Pts',(2.58010678173464,-36.3333333333333,-56.0066560111256));
#13112=CARTESIAN_POINT('Ctrl Pts',(2.58010678173464,-35.6666666666667,-56.0066560111256));
#13113=CARTESIAN_POINT('Ctrl Pts',(2.58010678173464,-35.,-56.0066560111256));
#13114=CARTESIAN_POINT('Ctrl Pts',(2.56139539182186,-47.5,-56.3778990507126));
#13115=CARTESIAN_POINT('Ctrl Pts',(2.56139539182186,-20.,-56.3778990507126));
#13116=CARTESIAN_POINT('Ctrl Pts',(2.58937661918341,-47.5,-55.7681595711557));
#13117=CARTESIAN_POINT('Ctrl Pts',(2.58937661918341,-20.,-55.7681595711557));
#13118=CARTESIAN_POINT('Ctrl Pts',(2.6408421948883,-47.5,-54.6466721917808));
#13119=CARTESIAN_POINT('Ctrl Pts',(2.6408421948883,-20.,-54.6466721917808));
#13120=CARTESIAN_POINT('Ctrl Pts',(3.35445434592511,-47.5,-53.7885636692858));
#13121=CARTESIAN_POINT('Ctrl Pts',(3.35445434592511,-20.,-53.7885636692858));
#13122=CARTESIAN_POINT('Ctrl Pts',(3.68008397519588,-47.5,-53.3969986438751));
#13123=CARTESIAN_POINT('Ctrl Pts',(3.68008397519588,-20.,-53.3969986438751));
#13124=CARTESIAN_POINT('',(3.68008397519588,-30.,-53.3969986438751));
#13125=CARTESIAN_POINT('Origin',(-12.1043656021357,-30.,-60.));
#13126=CARTESIAN_POINT('',(-14.9965880066156,-29.,-51.4870393276215));
#13127=CARTESIAN_POINT('Origin',(-14.9965880066156,-30.,-51.4870393276215));
#13128=CARTESIAN_POINT('',(-14.9965880066156,-30.,-60.));
#13129=CARTESIAN_POINT('Origin',(-14.9965880066156,-30.,-60.));
#13130=CARTESIAN_POINT('',(-16.2721679359674,-29.,-60.));
#13131=CARTESIAN_POINT('Origin',(-16.2721679359674,-30.,-60.));
#13132=CARTESIAN_POINT('',(-16.2721679359674,-29.,-50.));
#13133=CARTESIAN_POINT('Origin',(-16.2721679359674,-30.,-50.));
#13134=CARTESIAN_POINT('',(-14.2803523689508,-29.,-50.));
#13135=CARTESIAN_POINT('Origin',(-14.2803523689508,-30.,-50.));
#13136=CARTESIAN_POINT('',(-11.9133684784174,-30.,-57.0804911851883));
#13137=CARTESIAN_POINT('Ctrl Pts',(-11.9133684784174,-47.5,-57.0804911851883));
#13138=CARTESIAN_POINT('Ctrl Pts',(-11.9133684784174,-20.,-57.0804911851883));
#13139=CARTESIAN_POINT('Ctrl Pts',(-11.8181174593291,-47.5,-57.3684040466531));
#13140=CARTESIAN_POINT('Ctrl Pts',(-11.8181174593291,-20.,-57.3684040466531));
#13141=CARTESIAN_POINT('Ctrl Pts',(-11.6552741292016,-47.5,-57.860626487906));
#13142=CARTESIAN_POINT('Ctrl Pts',(-11.6552741292016,-20.,-57.860626487906));
#13143=CARTESIAN_POINT('Ctrl Pts',(-11.5002321945659,-47.5,-58.3553578071225));
#13144=CARTESIAN_POINT('Ctrl Pts',(-11.5002321945659,-20.,-58.3553578071225));
#13145=CARTESIAN_POINT('Ctrl Pts',(-11.4358780533075,-47.5,-58.5607087612152));
#13146=CARTESIAN_POINT('Ctrl Pts',(-11.4358780533075,-20.,-58.5607087612152));
#13147=CARTESIAN_POINT('',(-11.4358780533075,-30.,-58.5607087612152));
#13148=CARTESIAN_POINT('Ctrl Pts',(5.95839284360409,-47.5,-60.163711309433));
#13149=CARTESIAN_POINT('Ctrl Pts',(5.95839284360409,-20.,-60.163711309433));
#13150=CARTESIAN_POINT('Ctrl Pts',(5.48121031772031,-47.5,-60.1287070718828));
#13151=CARTESIAN_POINT('Ctrl Pts',(5.48121031772031,-20.,-60.1287070718828));
#13152=CARTESIAN_POINT('Ctrl Pts',(4.55733325679374,-47.5,-60.0609350761502));
#13153=CARTESIAN_POINT('Ctrl Pts',(4.55733325679374,-20.,-60.0609350761502));
#13154=CARTESIAN_POINT('Ctrl Pts',(3.84414586322284,-47.5,-59.4726855993666));
#13155=CARTESIAN_POINT('Ctrl Pts',(3.84414586322284,-20.,-59.4726855993666));
#13156=CARTESIAN_POINT('Ctrl Pts',(3.49931977689266,-47.5,-59.188266992569));
#13157=CARTESIAN_POINT('Ctrl Pts',(3.49931977689266,-20.,-59.188266992569));
#13158=CARTESIAN_POINT('',(3.49931977689266,-30.,-59.188266992569));
#13159=CARTESIAN_POINT('Ctrl Pts',(3.49931977689266,-47.5,-59.188266992569));
#13160=CARTESIAN_POINT('Ctrl Pts',(3.49931977689266,-20.,-59.188266992569));
#13161=CARTESIAN_POINT('Ctrl Pts',(3.22626923187404,-47.5,-58.8050849084936));
#13162=CARTESIAN_POINT('Ctrl Pts',(3.22626923187404,-20.,-58.8050849084936));
#13163=CARTESIAN_POINT('Ctrl Pts',(2.62994739526294,-47.5,-57.9682440806655));
#13164=CARTESIAN_POINT('Ctrl Pts',(2.62994739526294,-20.,-57.9682440806655));
#13165=CARTESIAN_POINT('Ctrl Pts',(2.58549397848371,-47.5,-56.936964659342));
#13166=CARTESIAN_POINT('Ctrl Pts',(2.58549397848371,-20.,-56.936964659342));
#13167=CARTESIAN_POINT('Ctrl Pts',(2.56139539182186,-47.5,-56.3778990507126));
#13168=CARTESIAN_POINT('Ctrl Pts',(2.56139539182186,-20.,-56.3778990507126));
#13169=CARTESIAN_POINT('Ctrl Pts',(2.59673365394071,-35.,-57.0000008493662));
#13170=CARTESIAN_POINT('Ctrl Pts',(2.59673365394071,-35.6666666666667,-57.0000008493662));
#13171=CARTESIAN_POINT('Ctrl Pts',(2.59673365394071,-36.3333333333333,-57.0000008493662));
#13172=CARTESIAN_POINT('Ctrl Pts',(2.59673365394071,-37.,-57.0000008493662));
#13173=CARTESIAN_POINT('Origin',(-4.75784279406071,-30.,-60.));
#13174=CARTESIAN_POINT('',(-4.75784279406071,-30.,-57.0000008493662));
#13175=CARTESIAN_POINT('Origin',(1.48105353310294,-30.,-57.0000008493662));
#13176=CARTESIAN_POINT('Ctrl Pts',(-3.61106462337454,-35.,-57.0000008493662));
#13177=CARTESIAN_POINT('Ctrl Pts',(-3.61106462337454,-35.6666666666667,
-57.0000008493662));
#13178=CARTESIAN_POINT('Ctrl Pts',(-3.61106462337454,-36.3333333333333,
-57.0000008493662));
#13179=CARTESIAN_POINT('Ctrl Pts',(-3.61106462337454,-37.,-57.0000008493662));
#13180=CARTESIAN_POINT('Ctrl Pts',(-3.63233305513859,-47.5,-56.3233280181885));
#13181=CARTESIAN_POINT('Ctrl Pts',(-3.63233305513859,-20.,-56.3233280181885));
#13182=CARTESIAN_POINT('Ctrl Pts',(-3.63025845443441,-47.5,-56.7031530959391));
#13183=CARTESIAN_POINT('Ctrl Pts',(-3.63025845443441,-20.,-56.7031530959391));
#13184=CARTESIAN_POINT('Ctrl Pts',(-3.62669875750568,-47.5,-57.354874730854));
#13185=CARTESIAN_POINT('Ctrl Pts',(-3.62669875750568,-20.,-57.354874730854));
#13186=CARTESIAN_POINT('Ctrl Pts',(-3.38038491790154,-47.5,-57.9554459672308));
#13187=CARTESIAN_POINT('Ctrl Pts',(-3.38038491790154,-20.,-57.9554459672308));
#13188=CARTESIAN_POINT('Ctrl Pts',(-3.27762342989445,-47.5,-58.2060027122498));
#13189=CARTESIAN_POINT('Ctrl Pts',(-3.27762342989445,-20.,-58.2060027122498));
#13190=CARTESIAN_POINT('',(-3.27762342989445,-30.,-58.2060027122498));
#13191=CARTESIAN_POINT('Origin',(36.5,-30.,45.));
#13192=CARTESIAN_POINT('',(-36.5,-17.,45.));
#13193=CARTESIAN_POINT('',(-36.5,-30.,45.));
#13194=CARTESIAN_POINT('',(-57.5,-17.,45.));
#13195=CARTESIAN_POINT('',(-57.5,-17.,45.));
#13196=CARTESIAN_POINT('',(-57.5,-36.,45.));
#13197=CARTESIAN_POINT('',(-57.5,-30.,45.));
#13198=CARTESIAN_POINT('',(-0.12500000000001,-36.,45.));
#13199=CARTESIAN_POINT('Origin',(63.1783450773675,-36.,-28.7622697825683));
#13200=CARTESIAN_POINT('',(37.1035267094446,-36.,-112.));
#13201=CARTESIAN_POINT('',(72.9094106303678,-36.,-2.12989043442773));
#13202=CARTESIAN_POINT('',(64.1291292965648,-36.,-29.0721235682889));
#13203=CARTESIAN_POINT('Origin',(71.9586264111705,-36.,-1.82003664870718));
#13204=CARTESIAN_POINT('Origin',(36.3776562118652,-36.,-111.));
#13205=CARTESIAN_POINT('Origin',(-58.5,-36.,9.5));
#13206=CARTESIAN_POINT('',(-57.5,-36.,47.));
#13207=CARTESIAN_POINT('',(-57.5,-36.,9.5));
#13208=CARTESIAN_POINT('Origin',(-58.5,-36.,45.9999999999999));
#13209=CARTESIAN_POINT('Origin',(-58.5,-36.,44.));
#13210=CARTESIAN_POINT('Origin',(-36.9267633547223,-36.,-111.));
#13211=CARTESIAN_POINT('',(-37.1035267094446,-36.,-112.));
#13212=CARTESIAN_POINT('Origin',(-36.3776562118652,-36.,-111.));
#13213=CARTESIAN_POINT('',(-36.9267633547223,-36.,-112.));
#13214=CARTESIAN_POINT('Origin',(-66.7066893706744,-36.,-17.9355694852978));
#13215=CARTESIAN_POINT('',(-72.9094106303678,-36.,-2.12989043442773));
#13216=CARTESIAN_POINT('Origin',(-71.9586264111704,-36.,-1.82003664870717));
#13217=CARTESIAN_POINT('',(-67.6574735898717,-36.,-18.2454232710184));
#13218=CARTESIAN_POINT('Origin',(-61.5000000000004,-36.,1.58835499421879));
#13219=CARTESIAN_POINT('',(-73.5,-36.,1.58835499421879));
#13220=CARTESIAN_POINT('Origin',(-72.5,-36.,1.58835499421879));
#13221=CARTESIAN_POINT('Origin',(-61.5000000000004,-36.,1.58835499421879));
#13222=CARTESIAN_POINT('Origin',(-72.5,-36.,9.));
#13223=CARTESIAN_POINT('',(-73.5,-36.,44.));
#13224=CARTESIAN_POINT('Origin',(-72.5,-36.,44.));
#13225=CARTESIAN_POINT('',(-73.5,-36.,9.));
#13226=CARTESIAN_POINT('Origin',(-70.5,-36.,44.));
#13227=CARTESIAN_POINT('',(-70.5,-36.,47.));
#13228=CARTESIAN_POINT('Origin',(-70.5,-36.,46.));
#13229=CARTESIAN_POINT('Origin',(-70.5,-36.,44.));
#13230=CARTESIAN_POINT('Origin',(10.375,-36.,46.));
#13231=CARTESIAN_POINT('',(10.375,-36.,47.));
#13232=CARTESIAN_POINT('Origin',(61.5000000000004,-36.,1.58835499421879));
#13233=CARTESIAN_POINT('',(73.5,-36.,1.58835499421879));
#13234=CARTESIAN_POINT('Origin',(72.5,-36.,1.58835499421879));
#13235=CARTESIAN_POINT('Origin',(61.5000000000004,-36.,1.58835499421879));
#13236=CARTESIAN_POINT('Origin',(72.5,-36.,9.));
#13237=CARTESIAN_POINT('',(73.5,-36.,44.));
#13238=CARTESIAN_POINT('Origin',(72.5,-36.,44.));
#13239=CARTESIAN_POINT('',(73.5,-36.,9.));
#13240=CARTESIAN_POINT('Origin',(70.5,-36.,44.));
#13241=CARTESIAN_POINT('',(70.5,-36.,47.));
#13242=CARTESIAN_POINT('Origin',(70.5,-36.,46.));
#13243=CARTESIAN_POINT('Origin',(70.5,-36.,44.));
#13244=CARTESIAN_POINT('Origin',(10.375,-36.,46.));
#13245=CARTESIAN_POINT('',(57.5,-36.,47.));
#13246=CARTESIAN_POINT('',(10.375,-36.,47.));
#13247=CARTESIAN_POINT('Origin',(58.5,-36.,46.));
#13248=CARTESIAN_POINT('Origin',(-0.12500000000001,-36.,44.));
#13249=CARTESIAN_POINT('Origin',(58.5,-36.,9.5));
#13250=CARTESIAN_POINT('',(57.5,-36.,9.5));
#13251=CARTESIAN_POINT('Origin',(-37.1035267094446,-30.,-112.));
#13252=CARTESIAN_POINT('',(-37.1035267094446,-17.,-112.));
#13253=CARTESIAN_POINT('',(-37.1035267094446,-30.,-112.));
#13254=CARTESIAN_POINT('',(37.1035267094446,-17.,-112.));
#13255=CARTESIAN_POINT('',(-36.,-17.,-112.));
#13256=CARTESIAN_POINT('',(37.1035267094446,-30.,-112.));
#13257=CARTESIAN_POINT('Origin',(-72.9094106303678,-30.,-2.12989043442771));
#13258=CARTESIAN_POINT('',(-72.9094106303678,-17.,-2.12989043442772));
#13259=CARTESIAN_POINT('',(-72.9094106303678,-30.,-2.12989043442773));
#13260=CARTESIAN_POINT('',(-37.1035267094446,-17.,-112.));
#13261=CARTESIAN_POINT('Origin',(-61.5000000000004,-30.,1.58835499421879));
#13262=CARTESIAN_POINT('',(-73.5,-17.,1.58835499421879));
#13263=CARTESIAN_POINT('',(-73.5,-30.,1.58835499421879));
#13264=CARTESIAN_POINT('Origin',(-61.5000000000004,-17.,1.58835499421879));
#13265=CARTESIAN_POINT('Origin',(-73.5,-30.,44.));
#13266=CARTESIAN_POINT('',(-73.5,-17.,44.));
#13267=CARTESIAN_POINT('',(-73.5,-30.,44.));
#13268=CARTESIAN_POINT('',(-73.5,-17.,44.));
#13269=CARTESIAN_POINT('Origin',(-70.5,-30.,44.));
#13270=CARTESIAN_POINT('',(-70.5,-17.,47.));
#13271=CARTESIAN_POINT('',(-70.5,-30.,47.));
#13272=CARTESIAN_POINT('Origin',(-70.5,-17.,44.));
#13273=CARTESIAN_POINT('Origin',(57.5,-30.,47.));
#13274=CARTESIAN_POINT('',(-57.5,-17.,47.));
#13275=CARTESIAN_POINT('',(-57.5,-30.,47.));
#13276=CARTESIAN_POINT('',(-70.5,-17.,47.));
#13277=CARTESIAN_POINT('Origin',(-57.5,-30.,45.));
#13278=CARTESIAN_POINT('',(-57.5,-17.,45.));
#13279=CARTESIAN_POINT('Origin',(57.5,-30.,45.));
#13280=CARTESIAN_POINT('',(57.5,-17.,47.));
#13281=CARTESIAN_POINT('',(57.5,-30.,47.));
#13282=CARTESIAN_POINT('',(57.5,-17.,45.));
#13283=CARTESIAN_POINT('Origin',(72.9094106303678,-30.,-2.12989043442771));
#13284=CARTESIAN_POINT('',(72.9094106303678,-17.,-2.12989043442772));
#13285=CARTESIAN_POINT('',(37.1035267094446,-17.,-112.));
#13286=CARTESIAN_POINT('',(72.9094106303678,-30.,-2.12989043442773));
#13287=CARTESIAN_POINT('Origin',(61.5000000000004,-30.,1.58835499421879));
#13288=CARTESIAN_POINT('',(73.5,-17.,1.58835499421879));
#13289=CARTESIAN_POINT('Origin',(61.5000000000004,-17.,1.58835499421879));
#13290=CARTESIAN_POINT('',(73.5,-30.,1.58835499421879));
#13291=CARTESIAN_POINT('Origin',(73.5,-30.,44.));
#13292=CARTESIAN_POINT('',(73.5,-17.,44.));
#13293=CARTESIAN_POINT('',(73.5,-17.,44.));
#13294=CARTESIAN_POINT('',(73.5,-30.,44.));
#13295=CARTESIAN_POINT('',(73.5,-23.1180080771446,14.1278988867998));
#13296=CARTESIAN_POINT('',(73.5,-22.5006821751595,14.1278988867998));
#13297=CARTESIAN_POINT('',(73.5,-26.5590040385723,14.1278988867998));
#13298=CARTESIAN_POINT('',(73.5,-22.5006821751595,12.2418142110109));
#13299=CARTESIAN_POINT('',(73.5,-22.5006821751595,29.0639494433999));
#13300=CARTESIAN_POINT('',(73.5,-23.1180080771446,12.2418142110109));
#13301=CARTESIAN_POINT('',(73.5,-26.2503410875797,12.2418142110109));
#13302=CARTESIAN_POINT('',(73.5,-23.1180080771446,28.1209071055055));
#13303=CARTESIAN_POINT('',(73.5,-23.1180080771446,21.4982939511538));
#13304=CARTESIAN_POINT('',(73.5,-22.5006821751595,21.4982939511538));
#13305=CARTESIAN_POINT('',(73.5,-26.5590040385723,21.4982939511538));
#13306=CARTESIAN_POINT('',(73.5,-22.5006821751595,19.6122098714113));
#13307=CARTESIAN_POINT('',(73.5,-22.5006821751595,32.7491469755769));
#13308=CARTESIAN_POINT('',(73.5,-23.1180080771446,19.6122098714113));
#13309=CARTESIAN_POINT('',(73.5,-26.2503410875797,19.6122098714113));
#13310=CARTESIAN_POINT('',(73.5,-23.1180080771446,31.8061049357057));
#13311=CARTESIAN_POINT('',(73.5,-21.1125507950783,23.0245567113161));
#13312=CARTESIAN_POINT('',(73.5,-21.7077079415321,22.3049116879702));
#13313=CARTESIAN_POINT('Ctrl Pts',(73.5,-21.1125507950783,23.0245567113161));
#13314=CARTESIAN_POINT('Ctrl Pts',(73.5,-21.1859058529079,22.8804824536204));
#13315=CARTESIAN_POINT('Ctrl Pts',(73.5,-21.3306987931443,22.5960993994543));
#13316=CARTESIAN_POINT('Ctrl Pts',(73.5,-21.583152455503,22.4011136689691));
#13317=CARTESIAN_POINT('Ctrl Pts',(73.5,-21.7077079415321,22.3049116879702));
#13318=CARTESIAN_POINT('',(73.5,-22.6064118742943,22.0303548127413));
#13319=CARTESIAN_POINT('Ctrl Pts',(73.5,-21.7077079415321,22.3049116879702));
#13320=CARTESIAN_POINT('Ctrl Pts',(73.5,-21.8456443399557,22.2282154374706));
#13321=CARTESIAN_POINT('Ctrl Pts',(73.5,-22.1254929303104,22.0726122911432));
#13322=CARTESIAN_POINT('Ctrl Pts',(73.5,-22.4445944072646,22.0445734211026));
#13323=CARTESIAN_POINT('Ctrl Pts',(73.5,-22.6064118742943,22.0303548127413));
#13324=CARTESIAN_POINT('',(73.5,-22.6609820127487,22.654502466321));
#13325=CARTESIAN_POINT('',(73.5,-23.5875897883931,33.2526076816856));
#13326=CARTESIAN_POINT('',(73.5,-22.0453611016273,22.8608454018831));
#13327=CARTESIAN_POINT('Ctrl Pts',(73.5,-22.6609820127487,22.654502466321));
#13328=CARTESIAN_POINT('Ctrl Pts',(73.5,-22.5447490096865,22.6721091642643));
#13329=CARTESIAN_POINT('Ctrl Pts',(73.5,-22.3272057763756,22.7050620941346));
#13330=CARTESIAN_POINT('Ctrl Pts',(73.5,-22.1349124227086,22.8113479223804));
#13331=CARTESIAN_POINT('Ctrl Pts',(73.5,-22.0453611016273,22.8608454018831));
#13332=CARTESIAN_POINT('',(73.5,-21.6565480828285,23.3639157563448));
#13333=CARTESIAN_POINT('Ctrl Pts',(73.5,-22.0453611016273,22.8608454018831));
#13334=CARTESIAN_POINT('Ctrl Pts',(73.5,-21.9676536537545,22.9256460577631));
#13335=CARTESIAN_POINT('Ctrl Pts',(73.5,-21.8012976004395,23.0643712592657));
#13336=CARTESIAN_POINT('Ctrl Pts',(73.5,-21.7068681159494,23.2597835335715));
#13337=CARTESIAN_POINT('Ctrl Pts',(73.5,-21.6565480828285,23.3639157563448));
#13338=CARTESIAN_POINT('',(73.5,-21.5081855654716,24.1313100606203));
#13339=CARTESIAN_POINT('Ctrl Pts',(73.5,-21.6565480828285,23.3639157563448));
#13340=CARTESIAN_POINT('Ctrl Pts',(73.5,-21.6132905204481,23.4834937218341));
#13341=CARTESIAN_POINT('Ctrl Pts',(73.5,-21.5236225948217,23.7313650193836));
#13342=CARTESIAN_POINT('Ctrl Pts',(73.5,-21.5134504622124,23.9949062683912));
#13343=CARTESIAN_POINT('Ctrl Pts',(73.5,-21.5081855654716,24.1313100606203));
#13344=CARTESIAN_POINT('',(73.5,-21.6207364201546,24.7997952252626));
#13345=CARTESIAN_POINT('Ctrl Pts',(73.5,-21.5081855654716,24.1313100606203));
#13346=CARTESIAN_POINT('Ctrl Pts',(73.5,-21.5118569814456,24.2511024965413));
#13347=CARTESIAN_POINT('Ctrl Pts',(73.5,-21.5188482753265,24.4792172430499));
#13348=CARTESIAN_POINT('Ctrl Pts',(73.5,-21.587931593705,24.6965790455215));
#13349=CARTESIAN_POINT('Ctrl Pts',(73.5,-21.6207364201546,24.7997952252626));
#13350=CARTESIAN_POINT('',(73.5,-21.9293996691704,25.2312422543764));
#13351=CARTESIAN_POINT('Ctrl Pts',(73.5,-21.6207364201546,24.7997952252626));
#13352=CARTESIAN_POINT('Ctrl Pts',(73.5,-21.6592854143935,24.8883978914831));
#13353=CARTESIAN_POINT('Ctrl Pts',(73.5,-21.7315766461366,25.0545551675225));
#13354=CARTESIAN_POINT('Ctrl Pts',(73.5,-21.8664479287964,25.1750164448196));
#13355=CARTESIAN_POINT('Ctrl Pts',(73.5,-21.9293996691704,25.2312422543764));
#13356=CARTESIAN_POINT('',(73.5,-22.3574349284172,25.3727830201387));
#13357=CARTESIAN_POINT('Ctrl Pts',(73.5,-21.9293996691704,25.2312422543764));
#13358=CARTESIAN_POINT('Ctrl Pts',(73.5,-21.9958167654173,25.2725230098864));
#13359=CARTESIAN_POINT('Ctrl Pts',(73.5,-22.1271695431695,25.3541637652092));
#13360=CARTESIAN_POINT('Ctrl Pts',(73.5,-22.2812590810204,25.3666234424817));
#13361=CARTESIAN_POINT('Ctrl Pts',(73.5,-22.3574349284172,25.3727830201387));
#13362=CARTESIAN_POINT('',(73.5,-22.7684172987938,25.236357524991));
#13363=CARTESIAN_POINT('Ctrl Pts',(73.5,-22.3574349284172,25.3727830201387));
#13364=CARTESIAN_POINT('Ctrl Pts',(73.5,-22.4329287369694,25.3674550489924));
#13365=CARTESIAN_POINT('Ctrl Pts',(73.5,-22.5816365485654,25.3569600038407));
#13366=CARTESIAN_POINT('Ctrl Pts',(73.5,-22.706796649026,25.2761453676956));
#13367=CARTESIAN_POINT('Ctrl Pts',(73.5,-22.7684172987938,25.236357524991));
#13368=CARTESIAN_POINT('',(73.5,-23.063437640667,24.7861529141665));
#13369=CARTESIAN_POINT('Ctrl Pts',(73.5,-22.7684172987938,25.236357524991));
#13370=CARTESIAN_POINT('Ctrl Pts',(73.5,-22.826292683011,25.1788186257738));
#13371=CARTESIAN_POINT('Ctrl Pts',(73.5,-22.9559412964307,25.0499237838283));
#13372=CARTESIAN_POINT('Ctrl Pts',(73.5,-23.0251331566405,24.8801431529545));
#13373=CARTESIAN_POINT('Ctrl Pts',(73.5,-23.063437640667,24.7861529141665));
#13374=CARTESIAN_POINT('',(73.5,-23.3072984218597,23.8959754258394));
#13375=CARTESIAN_POINT('Ctrl Pts',(73.5,-23.063437640667,24.7861529141665));
#13376=CARTESIAN_POINT('Ctrl Pts',(73.5,-23.0978770561381,24.6787271621628));
#13377=CARTESIAN_POINT('Ctrl Pts',(73.5,-23.1918582377138,24.3855747097523));
#13378=CARTESIAN_POINT('Ctrl Pts',(73.5,-23.2625265323973,24.0858597818147));
#13379=CARTESIAN_POINT('Ctrl Pts',(73.5,-23.3072984218597,23.8959754258394));
#13380=CARTESIAN_POINT('',(73.5,-23.6193722486496,22.9307640343904));
#13381=CARTESIAN_POINT('Ctrl Pts',(73.5,-23.3072984218597,23.8959754258394));
#13382=CARTESIAN_POINT('Ctrl Pts',(73.5,-23.3544644520888,23.6985660325264));
#13383=CARTESIAN_POINT('Ctrl Pts',(73.5,-23.4333503499779,23.3683958408094));
#13384=CARTESIAN_POINT('Ctrl Pts',(73.5,-23.5660243062666,23.0562694537013));
#13385=CARTESIAN_POINT('Ctrl Pts',(73.5,-23.6193722486496,22.9307640343904));
#13386=CARTESIAN_POINT('',(73.5,-24.0849247574806,22.3969984799623));
#13387=CARTESIAN_POINT('Ctrl Pts',(73.5,-23.6193722486496,22.9307640343904));
#13388=CARTESIAN_POINT('Ctrl Pts',(73.5,-23.6828924563947,22.8208094795207));
#13389=CARTESIAN_POINT('Ctrl Pts',(73.5,-23.8034036718354,22.6122025255923));
#13390=CARTESIAN_POINT('Ctrl Pts',(73.5,-23.9945361974108,22.4660944901639));
#13391=CARTESIAN_POINT('Ctrl Pts',(73.5,-24.0849247574806,22.3969984799623));
#13392=CARTESIAN_POINT('',(73.5,-24.7073668241501,22.2213507443666));
#13393=CARTESIAN_POINT('Ctrl Pts',(73.5,-24.0849247574806,22.3969984799623));
#13394=CARTESIAN_POINT('Ctrl Pts',(73.5,-24.1810440580034,22.3457700944614));
#13395=CARTESIAN_POINT('Ctrl Pts',(73.5,-24.3756858066609,22.2420325258299));
#13396=CARTESIAN_POINT('Ctrl Pts',(73.5,-24.5959001914561,22.2283011829394));
#13397=CARTESIAN_POINT('Ctrl Pts',(73.5,-24.7073668241501,22.2213507443666));
#13398=CARTESIAN_POINT('',(73.5,-25.4150748252869,22.4362207204103));
#13399=CARTESIAN_POINT('Ctrl Pts',(73.5,-24.7073668241501,22.2213507443666));
#13400=CARTESIAN_POINT('Ctrl Pts',(73.5,-24.8320365803348,22.2306563586355));
#13401=CARTESIAN_POINT('Ctrl Pts',(73.5,-25.0838917784095,22.2494553632748));
#13402=CARTESIAN_POINT('Ctrl Pts',(73.5,-25.3039477910789,22.3735524152934));
#13403=CARTESIAN_POINT('Ctrl Pts',(73.5,-25.4150748252869,22.4362207204103));
#13404=CARTESIAN_POINT('',(73.5,-25.9147337079048,23.0637789517641));
#13405=CARTESIAN_POINT('Ctrl Pts',(73.5,-25.4150748252869,22.4362207204103));
#13406=CARTESIAN_POINT('Ctrl Pts',(73.5,-25.5190654224051,22.5182945921437));
#13407=CARTESIAN_POINT('Ctrl Pts',(73.5,-25.7343837764712,22.6882331391198));
#13408=CARTESIAN_POINT('Ctrl Pts',(73.5,-25.8532667176202,22.9357851641661));
#13409=CARTESIAN_POINT('Ctrl Pts',(73.5,-25.9147337079048,23.0637789517641));
#13410=CARTESIAN_POINT('',(73.5,-26.0852655768394,23.9812422543764));
#13411=CARTESIAN_POINT('Ctrl Pts',(73.5,-25.9147337079048,23.0637789517641));
#13412=CARTESIAN_POINT('Ctrl Pts',(73.5,-25.9644584960984,23.2076745390069));
#13413=CARTESIAN_POINT('Ctrl Pts',(73.5,-26.0671430364776,23.504827182093));
#13414=CARTESIAN_POINT('Ctrl Pts',(73.5,-26.0790991750349,23.8191365725692));
#13415=CARTESIAN_POINT('Ctrl Pts',(73.5,-26.0852655768394,23.9812422543764));
#13416=CARTESIAN_POINT('',(73.5,-25.9062069654465,24.9618006497622));
#13417=CARTESIAN_POINT('Ctrl Pts',(73.5,-26.0852655768394,23.9812422543764));
#13418=CARTESIAN_POINT('Ctrl Pts',(73.5,-26.079351670599,24.1573008167557));
#13419=CARTESIAN_POINT('Ctrl Pts',(73.5,-26.0680674711041,24.4932344382753));
#13420=CARTESIAN_POINT('Ctrl Pts',(73.5,-25.9583993915251,24.8107100099757));
#13421=CARTESIAN_POINT('Ctrl Pts',(73.5,-25.9062069654465,24.9618006497622));
#13422=CARTESIAN_POINT('',(73.5,-25.3792628645897,25.6149388104677));
#13423=CARTESIAN_POINT('Ctrl Pts',(73.5,-25.9062069654465,24.9618006497622));
#13424=CARTESIAN_POINT('Ctrl Pts',(73.5,-25.8411378298728,25.0940664193577));
#13425=CARTESIAN_POINT('Ctrl Pts',(73.5,-25.7144396102536,25.3516053796737));
#13426=CARTESIAN_POINT('Ctrl Pts',(73.5,-25.4889476284378,25.5287643799811));
#13427=CARTESIAN_POINT('Ctrl Pts',(73.5,-25.3792628645897,25.6149388104677));
#13428=CARTESIAN_POINT('',(73.5,-24.5914047956467,25.8605051785707));
#13429=CARTESIAN_POINT('Ctrl Pts',(73.5,-25.3792628645897,25.6149388104677));
#13430=CARTESIAN_POINT('Ctrl Pts',(73.5,-25.2584049807352,25.6823359711816));
#13431=CARTESIAN_POINT('Ctrl Pts',(73.5,-25.0130441987739,25.8191629577821));
#13432=CARTESIAN_POINT('Ctrl Pts',(73.5,-24.7333363517154,25.8465886288262));
#13433=CARTESIAN_POINT('Ctrl Pts',(73.5,-24.5914047956467,25.8605051785707));
#13434=CARTESIAN_POINT('',(73.5,-24.5436558127403,25.2261257916689));
#13435=CARTESIAN_POINT('',(73.5,-25.285462709811,35.0815609427445));
#13436=CARTESIAN_POINT('',(73.5,-25.2598905563354,24.8799455910921));
#13437=CARTESIAN_POINT('Ctrl Pts',(73.5,-24.5436558127403,25.2261257916689));
#13438=CARTESIAN_POINT('Ctrl Pts',(73.5,-24.6891054726536,25.2022811404239));
#13439=CARTESIAN_POINT('Ctrl Pts',(73.5,-24.9630173843638,25.1573767108745));
#13440=CARTESIAN_POINT('Ctrl Pts',(73.5,-25.1651106235556,24.968518440937));
#13441=CARTESIAN_POINT('Ctrl Pts',(73.5,-25.2598905563354,24.8799455910921));
#13442=CARTESIAN_POINT('',(73.5,-25.5020460486412,24.0085268765688));
#13443=CARTESIAN_POINT('Ctrl Pts',(73.5,-25.2598905563354,24.8799455910921));
#13444=CARTESIAN_POINT('Ctrl Pts',(73.5,-25.3302963779465,24.7611038381367));
#13445=CARTESIAN_POINT('Ctrl Pts',(73.5,-25.4886480813309,24.4938135262978));
#13446=CARTESIAN_POINT('Ctrl Pts',(73.5,-25.4972620145293,24.1818089747101));
#13447=CARTESIAN_POINT('Ctrl Pts',(73.5,-25.5020460486412,24.0085268765688));
#13448=CARTESIAN_POINT('',(73.5,-25.28205960989,23.1336975842714));
#13449=CARTESIAN_POINT('Ctrl Pts',(73.5,-25.5020460486412,24.0085268765688));
#13450=CARTESIAN_POINT('Ctrl Pts',(73.5,-25.4993532627493,23.8312538135854));
#13451=CARTESIAN_POINT('Ctrl Pts',(73.5,-25.4946354794934,23.5206699343562));
#13452=CARTESIAN_POINT('Ctrl Pts',(73.5,-25.3459005680719,23.2499134354186));
#13453=CARTESIAN_POINT('Ctrl Pts',(73.5,-25.28205960989,23.1336975842714));
#13454=CARTESIAN_POINT('',(73.5,-24.7517049312592,22.8591407090425));
#13455=CARTESIAN_POINT('Ctrl Pts',(73.5,-25.28205960989,23.1336975842714));
#13456=CARTESIAN_POINT('Ctrl Pts',(73.5,-25.2069796920226,23.0536494940131));
#13457=CARTESIAN_POINT('Ctrl Pts',(73.5,-25.0620934492057,22.8991758694854));
#13458=CARTESIAN_POINT('Ctrl Pts',(73.5,-24.8526263649622,22.8721579617978));
#13459=CARTESIAN_POINT('Ctrl Pts',(73.5,-24.7517049312592,22.8591407090425));
#13460=CARTESIAN_POINT('',(73.5,-24.3083217740059,23.053547218442));
#13461=CARTESIAN_POINT('Ctrl Pts',(73.5,-24.7517049312592,22.8591407090425));
#13462=CARTESIAN_POINT('Ctrl Pts',(73.5,-24.6661440806598,22.8669373683783));
#13463=CARTESIAN_POINT('Ctrl Pts',(73.5,-24.4965892577902,22.8823879066021));
#13464=CARTESIAN_POINT('Ctrl Pts',(73.5,-24.3706897840911,22.9968466907011));
#13465=CARTESIAN_POINT('Ctrl Pts',(73.5,-24.3083217740059,23.053547218442));
#13466=CARTESIAN_POINT('',(73.5,-23.951909840107,24.0511596947908));
#13467=CARTESIAN_POINT('Ctrl Pts',(73.5,-24.3083217740059,23.053547218442));
#13468=CARTESIAN_POINT('Ctrl Pts',(73.5,-24.245207145323,23.1667946502267));
#13469=CARTESIAN_POINT('Ctrl Pts',(73.5,-24.0717256017349,23.4780749299873));
#13470=CARTESIAN_POINT('Ctrl Pts',(73.5,-23.9984970086196,23.8283309438218));
#13471=CARTESIAN_POINT('Ctrl Pts',(73.5,-23.951909840107,24.0511596947908));
#13472=CARTESIAN_POINT('',(73.5,-23.633014857769,25.157913044095));
#13473=CARTESIAN_POINT('Ctrl Pts',(73.5,-23.951909840107,24.0511596947908));
#13474=CARTESIAN_POINT('Ctrl Pts',(73.5,-23.9008731042399,24.2796004185573));
#13475=CARTESIAN_POINT('Ctrl Pts',(73.5,-23.816959533149,24.6551980461906));
#13476=CARTESIAN_POINT('Ctrl Pts',(73.5,-23.6847958128457,25.0163973265617));
#13477=CARTESIAN_POINT('Ctrl Pts',(73.5,-23.633014857769,25.157913044095));
#13478=CARTESIAN_POINT('',(73.5,-23.1231239438057,25.802524164319));
#13479=CARTESIAN_POINT('Ctrl Pts',(73.5,-23.633014857769,25.157913044095));
#13480=CARTESIAN_POINT('Ctrl Pts',(73.5,-23.5653745935931,25.291154406552));
#13481=CARTESIAN_POINT('Ctrl Pts',(73.5,-23.4386134930932,25.5408551128241));
#13482=CARTESIAN_POINT('Ctrl Pts',(73.5,-23.2234672387168,25.7192987932645));
#13483=CARTESIAN_POINT('Ctrl Pts',(73.5,-23.1231239438057,25.802524164319));
#13484=CARTESIAN_POINT('',(73.5,-22.4120053648949,26.0105729848146));
#13485=CARTESIAN_POINT('Ctrl Pts',(73.5,-23.1231239438057,25.802524164319));
#13486=CARTESIAN_POINT('Ctrl Pts',(73.5,-23.0149841702761,25.8631976945008));
#13487=CARTESIAN_POINT('Ctrl Pts',(73.5,-22.7941014971485,25.9871274115438));
#13488=CARTESIAN_POINT('Ctrl Pts',(73.5,-22.5411280383264,26.00264996533));
#13489=CARTESIAN_POINT('Ctrl Pts',(73.5,-22.4120053648949,26.0105729848146));
#13490=CARTESIAN_POINT('',(73.5,-21.6599586606026,25.7820606976748));
#13491=CARTESIAN_POINT('Ctrl Pts',(73.5,-22.4120053648949,26.0105729848146));
#13492=CARTESIAN_POINT('Ctrl Pts',(73.5,-22.280112248617,26.0005316638147));
#13493=CARTESIAN_POINT('Ctrl Pts',(73.5,-22.0125989392719,25.9801652710362));
#13494=CARTESIAN_POINT('Ctrl Pts',(73.5,-21.7785921713137,25.8487060653408));
#13495=CARTESIAN_POINT('Ctrl Pts',(73.5,-21.6599586606026,25.7820606976748));
#13496=CARTESIAN_POINT('',(73.5,-21.1108455061913,25.1255119591951));
#13497=CARTESIAN_POINT('Ctrl Pts',(73.5,-21.6599586606026,25.7820606976748));
#13498=CARTESIAN_POINT('Ctrl Pts',(73.5,-21.5479174710885,25.6955474517585));
#13499=CARTESIAN_POINT('Ctrl Pts',(73.5,-21.3169102874712,25.5171739324181));
#13500=CARTESIAN_POINT('Ctrl Pts',(73.5,-21.1808928787193,25.2586491793112));
#13501=CARTESIAN_POINT('Ctrl Pts',(73.5,-21.1108455061913,25.1255119591951));
#13502=CARTESIAN_POINT('',(73.5,-20.9147337079048,24.1620052605867));
#13503=CARTESIAN_POINT('Ctrl Pts',(73.5,-21.1108455061913,25.1255119591951));
#13504=CARTESIAN_POINT('Ctrl Pts',(73.5,-21.0536639389854,24.9755708653928));
#13505=CARTESIAN_POINT('Ctrl Pts',(73.5,-20.9353671890976,24.6653739796096));
#13506=CARTESIAN_POINT('Ctrl Pts',(73.5,-20.9217623316669,24.3334736282636));
#13507=CARTESIAN_POINT('Ctrl Pts',(73.5,-20.9147337079048,24.1620052605867));
#13508=CARTESIAN_POINT('Ctrl Pts',(73.5,-20.9147337079048,24.1620052605867));
#13509=CARTESIAN_POINT('Ctrl Pts',(73.5,-20.9200619743511,23.9520666159229));
#13510=CARTESIAN_POINT('Ctrl Pts',(73.5,-20.929943925122,23.5627085812965));
#13511=CARTESIAN_POINT('Ctrl Pts',(73.5,-21.0549479230335,23.1943153480779));
#13512=CARTESIAN_POINT('Ctrl Pts',(73.5,-21.1125507950783,23.0245567113161));
#13513=CARTESIAN_POINT('',(73.5,-23.3567529916763,29.9225796014071));
#13514=CARTESIAN_POINT('',(73.5,-20.9999999403954,29.9225796014071));
#13515=CARTESIAN_POINT('',(73.5,-26.6783764958382,29.9225796014071));
#13516=CARTESIAN_POINT('',(73.5,-20.9999999403954,29.2609155923128));
#13517=CARTESIAN_POINT('',(73.5,-20.9999999403954,36.9612898007035));
#13518=CARTESIAN_POINT('',(73.5,-25.9999999403954,29.2609155923128));
#13519=CARTESIAN_POINT('',(73.5,-25.4999999701977,29.2609155923128));
#13520=CARTESIAN_POINT('',(73.5,-25.9999999403954,29.9225796014071));
#13521=CARTESIAN_POINT('',(73.5,-25.9999999403954,36.6304577961564));
#13522=CARTESIAN_POINT('',(73.5,-23.9467939734459,29.9225796014071));
#13523=CARTESIAN_POINT('',(73.5,-27.9999999701977,29.9225796014071));
#13524=CARTESIAN_POINT('',(73.5,-23.9467939734459,32.5214851647615));
#13525=CARTESIAN_POINT('',(73.5,-23.9467939734459,36.9612898007035));
#13526=CARTESIAN_POINT('',(73.5,-25.9999999403954,32.5214851647615));
#13527=CARTESIAN_POINT('',(73.5,-26.9733969867229,32.5214851647615));
#13528=CARTESIAN_POINT('',(73.5,-25.9999999403954,33.1831539422274));
#13529=CARTESIAN_POINT('',(73.5,-25.9999999403954,38.2607425823808));
#13530=CARTESIAN_POINT('',(73.5,-20.9999999403954,33.1831539422274));
#13531=CARTESIAN_POINT('',(73.5,-27.9999999701977,33.1831539422274));
#13532=CARTESIAN_POINT('',(73.5,-20.9999999403954,32.5214851647615));
#13533=CARTESIAN_POINT('',(73.5,-20.9999999403954,38.5915769711137));
#13534=CARTESIAN_POINT('',(73.5,-23.3567529916763,32.5214851647615));
#13535=CARTESIAN_POINT('',(73.5,-25.4999999701977,32.5214851647615));
#13536=CARTESIAN_POINT('',(73.5,-23.3567529916763,38.2607425823808));
#13537=CARTESIAN_POINT('',(73.5,-23.1180080771446,35.853680446744));
#13538=CARTESIAN_POINT('',(73.5,-22.5006821751595,35.853680446744));
#13539=CARTESIAN_POINT('',(73.5,-26.5590040385723,35.853680446744));
#13540=CARTESIAN_POINT('',(73.5,-22.5006821751595,33.9675987511873));
#13541=CARTESIAN_POINT('',(73.5,-22.5006821751595,39.926840223372));
#13542=CARTESIAN_POINT('',(73.5,-23.1180080771446,33.9675987511873));
#13543=CARTESIAN_POINT('',(73.5,-26.2503410875797,33.9675987511873));
#13544=CARTESIAN_POINT('',(73.5,-23.1180080771446,38.9837993755937));
#13545=CARTESIAN_POINT('',(73.5,-23.1180080771446,28.4832895547152));
#13546=CARTESIAN_POINT('',(73.5,-22.5006821751595,28.4832895547152));
#13547=CARTESIAN_POINT('',(73.5,-26.5590040385723,28.4832895547152));
#13548=CARTESIAN_POINT('',(73.5,-22.5006821751595,26.5972030907869));
#13549=CARTESIAN_POINT('',(73.5,-22.5006821751595,36.2416447773576));
#13550=CARTESIAN_POINT('',(73.5,-23.1180080771446,26.5972030907869));
#13551=CARTESIAN_POINT('',(73.5,-26.2503410875797,26.5972030907869));
#13552=CARTESIAN_POINT('',(73.5,-23.1180080771446,35.2986015453935));
#13553=CARTESIAN_POINT('',(73.5,-23.1180080771446,38.6811054497957));
#13554=CARTESIAN_POINT('',(73.5,-20.9999999403954,38.6811054497957));
#13555=CARTESIAN_POINT('',(73.5,-26.5590040385723,38.6811054497957));
#13556=CARTESIAN_POINT('',(73.5,-20.9999999403954,38.0194414407015));
#13557=CARTESIAN_POINT('',(73.5,-20.9999999403954,41.3405527248979));
#13558=CARTESIAN_POINT('',(73.5,-23.1180080771446,38.0194414407015));
#13559=CARTESIAN_POINT('',(73.5,-25.4999999701977,38.0194414407015));
#13560=CARTESIAN_POINT('',(73.5,-25.9999999403954,36.0924280434847));
#13561=CARTESIAN_POINT('',(73.5,-24.1142063766436,37.3533439773819));
#13562=CARTESIAN_POINT('',(73.5,-25.9999999403954,36.8973387032747));
#13563=CARTESIAN_POINT('',(73.5,-25.9999999403954,40.0462140217423));
#13564=CARTESIAN_POINT('',(73.5,-24.4924965500832,37.883013561368));
#13565=CARTESIAN_POINT('',(73.5,-25.7744170487901,37.0448351441452));
#13566=CARTESIAN_POINT('',(73.5,-23.6466574668884,38.391202762723));
#13567=CARTESIAN_POINT('Ctrl Pts',(73.5,-24.4924965500832,37.883013561368));
#13568=CARTESIAN_POINT('Ctrl Pts',(73.5,-24.3522269801875,37.9720096664295));
#13569=CARTESIAN_POINT('Ctrl Pts',(73.5,-24.0744070413639,38.1482766392456));
#13570=CARTESIAN_POINT('Ctrl Pts',(73.5,-23.7883072446406,38.3107574894741));
#13571=CARTESIAN_POINT('Ctrl Pts',(73.5,-23.6466574668884,38.391202762723));
#13572=CARTESIAN_POINT('',(73.5,-24.5300135016441,38.9369047433138));
#13573=CARTESIAN_POINT('Ctrl Pts',(73.5,-23.6466574668884,38.391202762723));
#13574=CARTESIAN_POINT('Ctrl Pts',(73.5,-23.7862032611255,38.4732828060786));
#13575=CARTESIAN_POINT('Ctrl Pts',(73.5,-24.0845940135435,38.6487945513753));
#13576=CARTESIAN_POINT('Ctrl Pts',(73.5,-24.3752735320394,38.8368144609297));
#13577=CARTESIAN_POINT('Ctrl Pts',(73.5,-24.5300135016441,38.9369047433138));
#13578=CARTESIAN_POINT('',(73.5,-25.9999999403954,39.9055279046297));
#13579=CARTESIAN_POINT('',(73.5,-27.6001120471027,40.9598952146951));
#13580=CARTESIAN_POINT('',(73.5,-25.9999999403954,40.6763304024935));
#13581=CARTESIAN_POINT('',(73.5,-25.9999999403954,41.9527639523149));
#13582=CARTESIAN_POINT('',(73.5,-28.1297387017239,42.1507647940387));
#13583=CARTESIAN_POINT('',(73.5,-23.4999999031425,15.5467260628939));
#13584=CARTESIAN_POINT('',(73.5,-23.4999999031425,14.8850614577532));
#13585=CARTESIAN_POINT('',(73.5,-23.4999999031425,19.5000002905726));
#13586=CARTESIAN_POINT('',(73.5,-21.5900406241417,15.5467260628939));
#13587=CARTESIAN_POINT('',(73.5,-27.7049794793129,15.5467260628939));
#13588=CARTESIAN_POINT('',(73.5,-21.5900406241417,16.6142565757036));
#13589=CARTESIAN_POINT('',(73.5,-21.5900406241417,29.7733630314469));
#13590=CARTESIAN_POINT('',(73.5,-21.6821280121803,17.3901773244143));
#13591=CARTESIAN_POINT('Ctrl Pts',(73.5,-21.5900406241417,16.6142565757036));
#13592=CARTESIAN_POINT('Ctrl Pts',(73.5,-21.5914852557897,16.7621409623205));
#13593=CARTESIAN_POINT('Ctrl Pts',(73.5,-21.5940471446253,17.0243969910795));
#13594=CARTESIAN_POINT('Ctrl Pts',(73.5,-21.6553802338255,17.2790997254511));
#13595=CARTESIAN_POINT('Ctrl Pts',(73.5,-21.6821280121803,17.3901773244143));
#13596=CARTESIAN_POINT('',(73.5,-21.9413366913795,17.8386760503054));
#13597=CARTESIAN_POINT('Ctrl Pts',(73.5,-21.6821280121803,17.3901773244143));
#13598=CARTESIAN_POINT('Ctrl Pts',(73.5,-21.7141432649615,17.4773455988347));
#13599=CARTESIAN_POINT('Ctrl Pts',(73.5,-21.7746390040919,17.6420580009462));
#13600=CARTESIAN_POINT('Ctrl Pts',(73.5,-21.8879782669054,17.7757403881034));
#13601=CARTESIAN_POINT('Ctrl Pts',(73.5,-21.9413366913795,17.8386760503054));
#13602=CARTESIAN_POINT('',(73.5,-22.5740107893944,18.2053209096193));
#13603=CARTESIAN_POINT('Ctrl Pts',(73.5,-21.9413366913795,17.8386760503054));
#13604=CARTESIAN_POINT('Ctrl Pts',(73.5,-22.0300672902896,17.9139115621187));
#13605=CARTESIAN_POINT('Ctrl Pts',(73.5,-22.2187276153342,18.0738784313607));
#13606=CARTESIAN_POINT('Ctrl Pts',(73.5,-22.4509873166898,18.1598064824894));
#13607=CARTESIAN_POINT('Ctrl Pts',(73.5,-22.5740107893944,18.2053209096193));
#13608=CARTESIAN_POINT('',(73.5,-23.4999999031425,18.3358550826217));
#13609=CARTESIAN_POINT('Ctrl Pts',(73.5,-22.5740107893944,18.2053209096193));
#13610=CARTESIAN_POINT('Ctrl Pts',(73.5,-22.7197553885016,18.2435597250574));
#13611=CARTESIAN_POINT('Ctrl Pts',(73.5,-23.0232730618931,18.3231932508699));
#13612=CARTESIAN_POINT('Ctrl Pts',(73.5,-23.3368203726455,18.3324154557472));
#13613=CARTESIAN_POINT('Ctrl Pts',(73.5,-23.4999999031425,18.3358550826217));
#13614=CARTESIAN_POINT('',(73.5,-23.4999999031425,19.0181138856728));
#13615=CARTESIAN_POINT('',(73.5,-23.4999999031425,19.5000002905726));
#13616=CARTESIAN_POINT('',(73.5,-22.5177350640297,18.8857436925173));
#13617=CARTESIAN_POINT('Ctrl Pts',(73.5,-23.4999999031425,19.0181138856728));
#13618=CARTESIAN_POINT('Ctrl Pts',(73.5,-23.3291130258314,19.0140426768674));
#13619=CARTESIAN_POINT('Ctrl Pts',(73.5,-22.9970216975722,19.0043047071274));
#13620=CARTESIAN_POINT('Ctrl Pts',(73.5,-22.6744445802084,18.9245088863218));
#13621=CARTESIAN_POINT('Ctrl Pts',(73.5,-22.5177350640297,18.8857436925173));
#13622=CARTESIAN_POINT('',(73.5,-21.7895635962486,18.5446787625551));
#13623=CARTESIAN_POINT('Ctrl Pts',(73.5,-22.5177350640297,18.8857436925173));
#13624=CARTESIAN_POINT('Ctrl Pts',(73.5,-22.3810295835358,18.8408280446046));
#13625=CARTESIAN_POINT('Ctrl Pts',(73.5,-22.124361437388,18.7564977306983));
#13626=CARTESIAN_POINT('Ctrl Pts',(73.5,-21.8962018218524,18.6121463389145));
#13627=CARTESIAN_POINT('Ctrl Pts',(73.5,-21.7895635962486,18.5446787625551));
#13628=CARTESIAN_POINT('',(73.5,-21.3359478116035,18.0893588811159));
#13629=CARTESIAN_POINT('Ctrl Pts',(73.5,-21.7895635962486,18.5446787625551));
#13630=CARTESIAN_POINT('Ctrl Pts',(73.5,-21.700007201751,18.4757388370056));
#13631=CARTESIAN_POINT('Ctrl Pts',(73.5,-21.5286786987775,18.3438512782693));
#13632=CARTESIAN_POINT('Ctrl Pts',(73.5,-21.3982155829945,18.1715806497128));
#13633=CARTESIAN_POINT('Ctrl Pts',(73.5,-21.3359478116035,18.0893588811159));
#13634=CARTESIAN_POINT('',(73.5,-21.0852661728859,17.4924970418215));
#13635=CARTESIAN_POINT('Ctrl Pts',(73.5,-21.3359478116035,18.0893588811159));
#13636=CARTESIAN_POINT('Ctrl Pts',(73.5,-21.2835382170396,18.0000874927827));
#13637=CARTESIAN_POINT('Ctrl Pts',(73.5,-21.173374208879,17.8124406690538));
#13638=CARTESIAN_POINT('Ctrl Pts',(73.5,-21.1155703402231,17.602539503997));
#13639=CARTESIAN_POINT('Ctrl Pts',(73.5,-21.0852661728859,17.4924970418215));
#13640=CARTESIAN_POINT('',(73.5,-20.9999999403954,16.6892904788256));
#13641=CARTESIAN_POINT('Ctrl Pts',(73.5,-21.0852661728859,17.4924970418215));
#13642=CARTESIAN_POINT('Ctrl Pts',(73.5,-21.0604195702346,17.3676849931861));
#13643=CARTESIAN_POINT('Ctrl Pts',(73.5,-21.007652360528,17.1026192360408));
#13644=CARTESIAN_POINT('Ctrl Pts',(73.5,-21.0026479264745,16.8323156625273));
#13645=CARTESIAN_POINT('Ctrl Pts',(73.5,-20.9999999403954,16.6892904788256));
#13646=CARTESIAN_POINT('',(73.5,-20.9999999403954,14.8850614577532));
#13647=CARTESIAN_POINT('',(73.5,-20.9999999403954,30.3446452394128));
#13648=CARTESIAN_POINT('',(73.5,-25.4999999701977,14.8850614577532));
#13649=CARTESIAN_POINT('',(73.5,-21.4809003472328,9.61903132498264));
#13650=CARTESIAN_POINT('',(73.5,-21.8015006184578,10.5603683739901));
#13651=CARTESIAN_POINT('Ctrl Pts',(73.5,-21.4809003472328,9.61903132498264));
#13652=CARTESIAN_POINT('Ctrl Pts',(73.5,-21.4926819742098,9.79530359723769));
#13653=CARTESIAN_POINT('Ctrl Pts',(73.5,-21.5155972597652,10.1381534822435));
#13654=CARTESIAN_POINT('Ctrl Pts',(73.5,-21.7080131267575,10.4223083967711));
#13655=CARTESIAN_POINT('Ctrl Pts',(73.5,-21.8015006184578,10.5603683739901));
#13656=CARTESIAN_POINT('',(73.5,-22.7530691027641,11.0821966081858));
#13657=CARTESIAN_POINT('Ctrl Pts',(73.5,-21.8015006184578,10.5603683739901));
#13658=CARTESIAN_POINT('Ctrl Pts',(73.5,-21.9276728218244,10.6797249484382));
#13659=CARTESIAN_POINT('Ctrl Pts',(73.5,-22.1985028202168,10.9359251256834));
#13660=CARTESIAN_POINT('Ctrl Pts',(73.5,-22.5599892171459,11.0312701779292));
#13661=CARTESIAN_POINT('Ctrl Pts',(73.5,-22.7530691027641,11.0821966081858));
#13662=CARTESIAN_POINT('',(73.5,-22.5859478116035,11.7438609153032));
#13663=CARTESIAN_POINT('',(73.5,-19.0625253052609,25.6937466249653));
#13664=CARTESIAN_POINT('',(73.5,-21.3427695631981,10.9952250868082));
#13665=CARTESIAN_POINT('Ctrl Pts',(73.5,-22.5859478116035,11.7438609153032));
#13666=CARTESIAN_POINT('Ctrl Pts',(73.5,-22.3347226415081,11.6659531673819));
#13667=CARTESIAN_POINT('Ctrl Pts',(73.5,-21.8578570403261,11.5180717865668));
#13668=CARTESIAN_POINT('Ctrl Pts',(73.5,-21.5082123566373,11.1631600927821));
#13669=CARTESIAN_POINT('Ctrl Pts',(73.5,-21.3427695631981,10.9952250868082));
#13670=CARTESIAN_POINT('',(73.5,-20.9147337079048,9.67360146343708));
#13671=CARTESIAN_POINT('Ctrl Pts',(73.5,-21.3427695631981,10.9952250868082));
#13672=CARTESIAN_POINT('Ctrl Pts',(73.5,-21.2179655186519,10.8008710275802));
#13673=CARTESIAN_POINT('Ctrl Pts',(73.5,-20.9596127461801,10.3985450434723));
#13674=CARTESIAN_POINT('Ctrl Pts',(73.5,-20.9300271897264,9.92064132634485));
#13675=CARTESIAN_POINT('Ctrl Pts',(73.5,-20.9147337079048,9.67360146343708));
#13676=CARTESIAN_POINT('',(73.5,-21.2438610196114,8.35879929363728));
#13677=CARTESIAN_POINT('Ctrl Pts',(73.5,-20.9147337079048,9.67360146343708));
#13678=CARTESIAN_POINT('Ctrl Pts',(73.5,-20.9237011709345,9.42447292409413));
#13679=CARTESIAN_POINT('Ctrl Pts',(73.5,-20.94035522177,8.96180033263123));
#13680=CARTESIAN_POINT('Ctrl Pts',(73.5,-21.1480162063729,8.54922241693849));
#13681=CARTESIAN_POINT('Ctrl Pts',(73.5,-21.2438610196114,8.35879929363728));
#13682=CARTESIAN_POINT('',(73.5,-22.1971347928047,7.58799448609352));
#13683=CARTESIAN_POINT('Ctrl Pts',(73.5,-21.2438610196114,8.35879929363728));
#13684=CARTESIAN_POINT('Ctrl Pts',(73.5,-21.3688931152093,8.1988070412503));
#13685=CARTESIAN_POINT('Ctrl Pts',(73.5,-21.6268909553074,7.86867056428524));
#13686=CARTESIAN_POINT('Ctrl Pts',(73.5,-22.0031962793819,7.68345172346895));
#13687=CARTESIAN_POINT('Ctrl Pts',(73.5,-22.1971347928047,7.58799448609352));
#13688=CARTESIAN_POINT('',(73.5,-23.5375168919563,7.32366979122162));
#13689=CARTESIAN_POINT('Ctrl Pts',(73.5,-22.1971347928047,7.58799448609352));
#13690=CARTESIAN_POINT('Ctrl Pts',(73.5,-22.4106703108327,7.51090416467382));
#13691=CARTESIAN_POINT('Ctrl Pts',(73.5,-22.8438944752451,7.35450212725278));
#13692=CARTESIAN_POINT('Ctrl Pts',(73.5,-23.30413049287,7.33404409243848));
#13693=CARTESIAN_POINT('Ctrl Pts',(73.5,-23.5375168919563,7.32366979122162));
#13694=CARTESIAN_POINT('',(73.5,-24.9000680446625,7.62210093438625));
#13695=CARTESIAN_POINT('Ctrl Pts',(73.5,-23.5375168919563,7.32366979122162));
#13696=CARTESIAN_POINT('Ctrl Pts',(73.5,-23.7845873147216,7.33363319498044));
#13697=CARTESIAN_POINT('Ctrl Pts',(73.5,-24.2568568502569,7.35267801634298));
#13698=CARTESIAN_POINT('Ctrl Pts',(73.5,-24.6923876124942,7.53510949433991));
#13699=CARTESIAN_POINT('Ctrl Pts',(73.5,-24.9000680446625,7.62210093438625));
#13700=CARTESIAN_POINT('',(73.5,-25.7834240794182,8.47135059535503));
#13701=CARTESIAN_POINT('Ctrl Pts',(73.5,-24.9000680446625,7.62210093438625));
#13702=CARTESIAN_POINT('Ctrl Pts',(73.5,-25.0817035201441,7.73109853213404));
#13703=CARTESIAN_POINT('Ctrl Pts',(73.5,-25.4411492739526,7.94679826580044));
#13704=CARTESIAN_POINT('Ctrl Pts',(73.5,-25.6701447958293,8.29774473495291));
#13705=CARTESIAN_POINT('Ctrl Pts',(73.5,-25.7834240794182,8.47135059535503));
#13706=CARTESIAN_POINT('',(73.5,-26.0852655768394,9.68383349478245));
#13707=CARTESIAN_POINT('Ctrl Pts',(73.5,-25.7834240794182,8.47135059535503));
#13708=CARTESIAN_POINT('Ctrl Pts',(73.5,-25.8714565653458,8.66104084696452));
#13709=CARTESIAN_POINT('Ctrl Pts',(73.5,-26.04995645339,9.04566804814578));
#13710=CARTESIAN_POINT('Ctrl Pts',(73.5,-26.0733893198137,9.46918594398445));
#13711=CARTESIAN_POINT('Ctrl Pts',(73.5,-26.0852655768394,9.68383349478245));
#13712=CARTESIAN_POINT('',(73.5,-25.7032740116119,10.9457708150148));
#13713=CARTESIAN_POINT('Ctrl Pts',(73.5,-26.0852655768394,9.68383349478245));
#13714=CARTESIAN_POINT('Ctrl Pts',(73.5,-26.0723076424173,9.91991358122706));
#13715=CARTESIAN_POINT('Ctrl Pts',(73.5,-26.0474721373008,10.372390650782));
#13716=CARTESIAN_POINT('Ctrl Pts',(73.5,-25.8146304556159,10.7602684215211));
#13717=CARTESIAN_POINT('Ctrl Pts',(73.5,-25.7032740116119,10.9457708150148));
#13718=CARTESIAN_POINT('',(73.5,-24.6289220452309,11.6585949808359));
#13719=CARTESIAN_POINT('Ctrl Pts',(73.5,-25.7032740116119,10.9457708150148));
#13720=CARTESIAN_POINT('Ctrl Pts',(73.5,-25.5594363708429,11.104375024404));
#13721=CARTESIAN_POINT('Ctrl Pts',(73.5,-25.2619947575854,11.4323523998526));
#13722=CARTESIAN_POINT('Ctrl Pts',(73.5,-24.8445155164116,11.5815478701151));
#13723=CARTESIAN_POINT('Ctrl Pts',(73.5,-24.6289220452309,11.6585949808359));
#13724=CARTESIAN_POINT('',(73.5,-24.4754430651665,11.0071624070406));
#13725=CARTESIAN_POINT('',(73.5,-28.3796490356594,27.5783367979455));
#13726=CARTESIAN_POINT('',(73.5,-25.2701225876808,10.5023873597383));
#13727=CARTESIAN_POINT('Ctrl Pts',(73.5,-24.4754430651665,11.0071624070406));
#13728=CARTESIAN_POINT('Ctrl Pts',(73.5,-24.640523448783,10.948192476064));
#13729=CARTESIAN_POINT('Ctrl Pts',(73.5,-24.9444649386974,10.8396186510673));
#13730=CARTESIAN_POINT('Ctrl Pts',(73.5,-25.1679976638457,10.6081417310829));
#13731=CARTESIAN_POINT('Ctrl Pts',(73.5,-25.2701225876808,10.5023873597383));
#13732=CARTESIAN_POINT('',(73.5,-25.5190992355347,9.67019088566303));
#13733=CARTESIAN_POINT('Ctrl Pts',(73.5,-25.2701225876808,10.5023873597383));
#13734=CARTESIAN_POINT('Ctrl Pts',(73.5,-25.342688308665,10.3810834107608));
#13735=CARTESIAN_POINT('Ctrl Pts',(73.5,-25.4957078240531,10.1252894734105));
#13736=CARTESIAN_POINT('Ctrl Pts',(73.5,-25.5110386661624,9.82701569893514));
#13737=CARTESIAN_POINT('Ctrl Pts',(73.5,-25.5190992355347,9.67019088566303));
#13738=CARTESIAN_POINT('',(73.5,-25.242837369442,8.70668478310108));
#13739=CARTESIAN_POINT('Ctrl Pts',(73.5,-25.5190992355347,9.67019088566303));
#13740=CARTESIAN_POINT('Ctrl Pts',(73.5,-25.5101520069755,9.48967182831205));
#13741=CARTESIAN_POINT('Ctrl Pts',(73.5,-25.4931337821853,9.1463125549214));
#13742=CARTESIAN_POINT('Ctrl Pts',(73.5,-25.3233556686029,8.84810942464077));
#13743=CARTESIAN_POINT('Ctrl Pts',(73.5,-25.242837369442,8.70668478310108));
#13744=CARTESIAN_POINT('',(73.5,-24.5010229945183,8.16268749535084));
#13745=CARTESIAN_POINT('Ctrl Pts',(73.5,-25.242837369442,8.70668478310108));
#13746=CARTESIAN_POINT('Ctrl Pts',(73.5,-25.1421953090299,8.58701815304867));
#13747=CARTESIAN_POINT('Ctrl Pts',(73.5,-24.9391362802491,8.345574470592));
#13748=CARTESIAN_POINT('Ctrl Pts',(73.5,-24.6479092800049,8.22400402998239));
#13749=CARTESIAN_POINT('Ctrl Pts',(73.5,-24.5010229945183,8.16268749535084));
#13750=CARTESIAN_POINT('',(73.5,-23.5409274697304,8.0057980120182));
#13751=CARTESIAN_POINT('Ctrl Pts',(73.5,-24.5010229945183,8.16268749535084));
#13752=CARTESIAN_POINT('Ctrl Pts',(73.5,-24.3444920954962,8.11692810927056));
#13753=CARTESIAN_POINT('Ctrl Pts',(73.5,-24.0309004866926,8.02525445513312));
#13754=CARTESIAN_POINT('Ctrl Pts',(73.5,-23.7044356620393,8.0122907937273));
#13755=CARTESIAN_POINT('Ctrl Pts',(73.5,-23.5409274697304,8.0057980120182));
#13756=CARTESIAN_POINT('',(73.5,-22.4273529648781,8.19167800247669));
#13757=CARTESIAN_POINT('Ctrl Pts',(73.5,-23.5409274697304,8.0057980120182));
#13758=CARTESIAN_POINT('Ctrl Pts',(73.5,-23.3401660626044,8.01162722718041));
#13759=CARTESIAN_POINT('Ctrl Pts',(73.5,-22.9601963476231,8.02265985170451));
#13760=CARTESIAN_POINT('Ctrl Pts',(73.5,-22.5981214090477,8.13751017834964));
#13761=CARTESIAN_POINT('Ctrl Pts',(73.5,-22.4273529648781,8.19167800247669));
#13762=CARTESIAN_POINT('',(73.5,-21.7162343859673,8.76978166401386));
#13763=CARTESIAN_POINT('Ctrl Pts',(73.5,-22.4273529648781,8.19167800247669));
#13764=CARTESIAN_POINT('Ctrl Pts',(73.5,-22.2800411257378,8.26017560940292));
#13765=CARTESIAN_POINT('Ctrl Pts',(73.5,-21.993974023289,8.39319215479676));
#13766=CARTESIAN_POINT('Ctrl Pts',(73.5,-21.8069495639195,8.64678019158085));
#13767=CARTESIAN_POINT('Ctrl Pts',(73.5,-21.7162343859673,8.76978166401386));
#13768=CARTESIAN_POINT('Ctrl Pts',(73.5,-21.7162343859673,8.76978166401386));
#13769=CARTESIAN_POINT('Ctrl Pts',(73.5,-21.6475952177705,8.9032061510841));
#13770=CARTESIAN_POINT('Ctrl Pts',(73.5,-21.5103470986813,9.16999638721166));
#13771=CARTESIAN_POINT('Ctrl Pts',(73.5,-21.4907144902411,9.4693749833411));
#13772=CARTESIAN_POINT('Ctrl Pts',(73.5,-21.4809003472328,9.61903132498264));
#13773=CARTESIAN_POINT('',(73.5,-23.999999910593,14.8850614577532));
#13774=CARTESIAN_POINT('',(73.5,-25.9999999403954,14.8850614577532));
#13775=CARTESIAN_POINT('',(73.5,-25.4999999701977,14.8850614577532));
#13776=CARTESIAN_POINT('',(73.5,-25.9999999403954,16.6074354201555));
#13777=CARTESIAN_POINT('',(73.5,-25.9999999403954,29.4425307288766));
#13778=CARTESIAN_POINT('',(73.5,-25.9283766150475,17.4976123124361));
#13779=CARTESIAN_POINT('Ctrl Pts',(73.5,-25.9999999403954,16.6074354201555));
#13780=CARTESIAN_POINT('Ctrl Pts',(73.5,-25.9992902813759,16.7792858966991));
#13781=CARTESIAN_POINT('Ctrl Pts',(73.5,-25.9980566663048,17.0780171634244));
#13782=CARTESIAN_POINT('Ctrl Pts',(73.5,-25.9491491937843,17.3725252450022));
#13783=CARTESIAN_POINT('Ctrl Pts',(73.5,-25.9283766150475,17.4976123124361));
#13784=CARTESIAN_POINT('',(73.5,-25.5702590942383,18.2309008389711));
#13785=CARTESIAN_POINT('Ctrl Pts',(73.5,-25.9283766150475,17.4976123124361));
#13786=CARTESIAN_POINT('Ctrl Pts',(73.5,-25.8899011855704,17.6342089931802));
#13787=CARTESIAN_POINT('Ctrl Pts',(73.5,-25.8148993756058,17.9004827795991));
#13788=CARTESIAN_POINT('Ctrl Pts',(73.5,-25.6503807564259,18.1226862637356));
#13789=CARTESIAN_POINT('Ctrl Pts',(73.5,-25.5702590942383,18.2309008389711));
#13790=CARTESIAN_POINT('',(73.5,-24.7158935666084,18.8226462155581));
#13791=CARTESIAN_POINT('Ctrl Pts',(73.5,-25.5702590942383,18.2309008389711));
#13792=CARTESIAN_POINT('Ctrl Pts',(73.5,-25.4495453165368,18.3550439841082));
#13793=CARTESIAN_POINT('Ctrl Pts',(73.5,-25.2035551791512,18.6080224751238));
#13794=CARTESIAN_POINT('Ctrl Pts',(73.5,-24.8804451005044,18.7502257814074));
#13795=CARTESIAN_POINT('Ctrl Pts',(73.5,-24.7158935666084,18.8226462155581));
#13796=CARTESIAN_POINT('',(73.5,-23.999999910593,18.9919309617455));
#13797=CARTESIAN_POINT('Ctrl Pts',(73.5,-24.7158935666084,18.8226462155581));
#13798=CARTESIAN_POINT('Ctrl Pts',(73.5,-24.531533932996,18.8798108658839));
#13799=CARTESIAN_POINT('Ctrl Pts',(73.5,-24.2957293088738,18.9529271366155));
#13800=CARTESIAN_POINT('Ctrl Pts',(73.5,-24.0531607631815,18.9861096743679));
#13801=CARTESIAN_POINT('Ctrl Pts',(73.5,-23.999999910593,18.9919309617455));
#13802=CARTESIAN_POINT('',(73.5,-23.999999910593,18.3130349424679));
#13803=CARTESIAN_POINT('',(73.5,-23.999999910593,14.5000002160668));
#13804=CARTESIAN_POINT('',(73.5,-24.7431787848473,18.0791271477938));
#13805=CARTESIAN_POINT('Ctrl Pts',(73.5,-23.999999910593,18.3130349424679));
#13806=CARTESIAN_POINT('Ctrl Pts',(73.5,-24.078097040788,18.3039739053568));
#13807=CARTESIAN_POINT('Ctrl Pts',(73.5,-24.3339218923575,18.2611280152267));
#13808=CARTESIAN_POINT('Ctrl Pts',(73.5,-24.5749147558932,18.1539559406361));
#13809=CARTESIAN_POINT('Ctrl Pts',(73.5,-24.7431787848473,18.0791271477938));
#13810=CARTESIAN_POINT('',(73.5,-25.307639837265,17.4532748013735));
#13811=CARTESIAN_POINT('Ctrl Pts',(73.5,-24.7431787848473,18.0791271477938));
#13812=CARTESIAN_POINT('Ctrl Pts',(73.5,-24.8702992198792,17.9927880438015));
#13813=CARTESIAN_POINT('Ctrl Pts',(73.5,-25.1101612816537,17.8298757984953));
#13814=CARTESIAN_POINT('Ctrl Pts',(73.5,-25.2444979747961,17.573689335966));
#13815=CARTESIAN_POINT('Ctrl Pts',(73.5,-25.307639837265,17.4532748013735));
#13816=CARTESIAN_POINT('',(73.5,-25.4099589586258,16.5972030907869));
#13817=CARTESIAN_POINT('Ctrl Pts',(73.5,-25.307639837265,17.4532748013735));
#13818=CARTESIAN_POINT('Ctrl Pts',(73.5,-25.3372527522991,17.3381402567283));
#13819=CARTESIAN_POINT('Ctrl Pts',(73.5,-25.4093315998579,17.0578988389998));
#13820=CARTESIAN_POINT('Ctrl Pts',(73.5,-25.4097263738228,16.7679998267339));
#13821=CARTESIAN_POINT('Ctrl Pts',(73.5,-25.4099589586258,16.5972030907869));
#13822=CARTESIAN_POINT('',(73.5,-25.4099589586258,15.5467260628939));
#13823=CARTESIAN_POINT('',(73.5,-25.4099589586258,30.2986015453935));
#13824=CARTESIAN_POINT('',(73.5,-23.999999910593,15.5467260628939));
#13825=CARTESIAN_POINT('',(73.5,-27.7049794793129,15.5467260628939));
#13826=CARTESIAN_POINT('',(73.5,-23.999999910593,14.5000002160668));
#13827=CARTESIAN_POINT('Origin',(61.5000000000004,-30.,1.58835499421879));
#13828=CARTESIAN_POINT('',(70.4999999850988,-15.,1.58835499421879));
#13829=CARTESIAN_POINT('',(70.4999999850988,-30.,1.58835499421879));
#13830=CARTESIAN_POINT('',(70.057057958608,-15.,-1.20032907264889));
#13831=CARTESIAN_POINT('Origin',(61.5000000000004,-15.,1.58835499421879));
#13832=CARTESIAN_POINT('',(70.057057958608,-30.,-1.20032907264889));
#13833=CARTESIAN_POINT('Origin',(70.4999999850988,-30.,1.58835499421879));
#13834=CARTESIAN_POINT('',(70.5,-15.,44.));
#13835=CARTESIAN_POINT('',(70.5,-30.,44.));
#13836=CARTESIAN_POINT('',(70.5,-15.,44.));
#13837=CARTESIAN_POINT('',(70.4999999895046,-22.5006821751595,14.1278988867998));
#13838=CARTESIAN_POINT('',(70.4999999895046,-23.1180080771446,14.1278988867998));
#13839=CARTESIAN_POINT('',(70.4999999895046,-26.5590040385723,14.1278988867998));
#13840=CARTESIAN_POINT('',(70.4999999888419,-23.1180080771446,12.2418142110109));
#13841=CARTESIAN_POINT('',(70.4999999869704,-23.1180080771446,6.91508460314188));
#13842=CARTESIAN_POINT('',(70.4999999888419,-22.5006821751595,12.2418142110109));
#13843=CARTESIAN_POINT('',(70.4999999888419,-26.2503410875797,12.2418142110109));
#13844=CARTESIAN_POINT('',(70.4999999873017,-22.5006821751595,7.85812694103632));
#13845=CARTESIAN_POINT('',(70.4999999920941,-22.5006821751595,21.4982939511538));
#13846=CARTESIAN_POINT('',(70.4999999920941,-23.1180080771446,21.4982939511538));
#13847=CARTESIAN_POINT('',(70.4999999920941,-26.5590040385723,21.4982939511538));
#13848=CARTESIAN_POINT('',(70.4999999914315,-23.1180080771446,19.6122098714113));
#13849=CARTESIAN_POINT('',(70.4999999882651,-23.1180080771446,10.6002824333421));
#13850=CARTESIAN_POINT('',(70.4999999914315,-22.5006821751595,19.6122098714113));
#13851=CARTESIAN_POINT('',(70.4999999914315,-26.2503410875797,19.6122098714113));
#13852=CARTESIAN_POINT('',(70.4999999885965,-22.5006821751595,11.5433244732133));
#13853=CARTESIAN_POINT('',(70.4999999923775,-21.7077079415321,22.3049116879702));
#13854=CARTESIAN_POINT('',(70.4999999926304,-21.1125507950783,23.0245567113161));
#13855=CARTESIAN_POINT('Ctrl Pts',(70.4999999923775,-21.7077079415321,22.3049116879702));
#13856=CARTESIAN_POINT('Ctrl Pts',(70.4999999923775,-21.583152455503,22.4011136689691));
#13857=CARTESIAN_POINT('Ctrl Pts',(70.4999999923775,-21.4585969694738,22.497315649968));
#13858=CARTESIAN_POINT('Ctrl Pts',(70.4999999923775,-21.3602486252785,22.6152790337801));
#13859=CARTESIAN_POINT('Ctrl Pts',(70.4999999923775,-21.2592609107375,22.7364081959248));
#13860=CARTESIAN_POINT('Ctrl Pts',(70.4999999923775,-21.1859058529079,22.8804824536204));
#13861=CARTESIAN_POINT('Ctrl Pts',(70.4999999923775,-21.1125507950783,23.0245567113161));
#13862=CARTESIAN_POINT('',(70.49999999303,-20.9147337079048,24.1620052605867));
#13863=CARTESIAN_POINT('Ctrl Pts',(70.4999999926304,-21.1125507950783,23.0245567113161));
#13864=CARTESIAN_POINT('Ctrl Pts',(70.4999999926304,-21.0549479230335,23.1943153480779));
#13865=CARTESIAN_POINT('Ctrl Pts',(70.4999999926304,-20.9973450509888,23.3640739848397));
#13866=CARTESIAN_POINT('Ctrl Pts',(70.4999999926304,-20.964187681675,23.5382843762636));
#13867=CARTESIAN_POINT('Ctrl Pts',(70.4999999926304,-20.9253902407974,23.7421279712591));
#13868=CARTESIAN_POINT('Ctrl Pts',(70.4999999926304,-20.9200619743511,23.9520666159229));
#13869=CARTESIAN_POINT('Ctrl Pts',(70.4999999926304,-20.9147337079048,24.1620052605867));
#13870=CARTESIAN_POINT('',(70.4999999933685,-21.1108455061913,25.1255119591951));
#13871=CARTESIAN_POINT('Ctrl Pts',(70.49999999303,-20.9147337079048,24.1620052605867));
#13872=CARTESIAN_POINT('Ctrl Pts',(70.49999999303,-20.9217623316669,24.3334736282636));
#13873=CARTESIAN_POINT('Ctrl Pts',(70.49999999303,-20.928790955429,24.5049419959405));
#13874=CARTESIAN_POINT('Ctrl Pts',(70.49999999303,-20.9637621045113,24.6706176549196));
#13875=CARTESIAN_POINT('Ctrl Pts',(70.49999999303,-20.9964823717796,24.8256297715906));
#13876=CARTESIAN_POINT('Ctrl Pts',(70.49999999303,-21.0536639389854,24.9755708653928));
#13877=CARTESIAN_POINT('Ctrl Pts',(70.49999999303,-21.1108455061913,25.1255119591951));
#13878=CARTESIAN_POINT('',(70.4999999935992,-21.6599586606026,25.7820606976748));
#13879=CARTESIAN_POINT('Ctrl Pts',(70.4999999933685,-21.1108455061913,25.1255119591951));
#13880=CARTESIAN_POINT('Ctrl Pts',(70.4999999933685,-21.1808928787193,25.2586491793112));
#13881=CARTESIAN_POINT('Ctrl Pts',(70.4999999933685,-21.2509402512474,25.3917863994272));
#13882=CARTESIAN_POINT('Ctrl Pts',(70.4999999933685,-21.3461801409721,25.5036664754152));
#13883=CARTESIAN_POINT('Ctrl Pts',(70.4999999933685,-21.4358762815743,25.6090342058422));
#13884=CARTESIAN_POINT('Ctrl Pts',(70.4999999933685,-21.5479174710885,25.6955474517585));
#13885=CARTESIAN_POINT('Ctrl Pts',(70.4999999933685,-21.6599586606026,25.7820606976748));
#13886=CARTESIAN_POINT('',(70.4999999936795,-22.4120053648949,26.0105729848146));
#13887=CARTESIAN_POINT('Ctrl Pts',(70.4999999935992,-21.6599586606026,25.7820606976748));
#13888=CARTESIAN_POINT('Ctrl Pts',(70.4999999935992,-21.7785921713137,25.8487060653408));
#13889=CARTESIAN_POINT('Ctrl Pts',(70.4999999935992,-21.8972256820248,25.9153514330069));
#13890=CARTESIAN_POINT('Ctrl Pts',(70.4999999935992,-22.0244708657265,25.9534443169832));
#13891=CARTESIAN_POINT('Ctrl Pts',(70.4999999935992,-22.1482191323392,25.9904903428147));
#13892=CARTESIAN_POINT('Ctrl Pts',(70.4999999935992,-22.280112248617,26.0005316638147));
#13893=CARTESIAN_POINT('Ctrl Pts',(70.4999999935992,-22.4120053648949,26.0105729848146));
#13894=CARTESIAN_POINT('',(70.4999999936064,-23.1231239438057,25.802524164319));
#13895=CARTESIAN_POINT('Ctrl Pts',(70.4999999936795,-22.4120053648949,26.0105729848146));
#13896=CARTESIAN_POINT('Ctrl Pts',(70.4999999936795,-22.5411280383264,26.00264996533));
#13897=CARTESIAN_POINT('Ctrl Pts',(70.4999999936795,-22.6702507117579,25.9947269458453));
#13898=CARTESIAN_POINT('Ctrl Pts',(70.4999999936795,-22.7910128235817,25.9585607796907));
#13899=CARTESIAN_POINT('Ctrl Pts',(70.4999999936795,-22.9068443967465,25.9238712246825));
#13900=CARTESIAN_POINT('Ctrl Pts',(70.4999999936795,-23.0149841702761,25.8631976945008));
#13901=CARTESIAN_POINT('Ctrl Pts',(70.4999999936795,-23.1231239438057,25.802524164319));
#13902=CARTESIAN_POINT('',(70.4999999933799,-23.633014857769,25.157913044095));
#13903=CARTESIAN_POINT('Ctrl Pts',(70.4999999936064,-23.1231239438057,25.802524164319));
#13904=CARTESIAN_POINT('Ctrl Pts',(70.4999999936064,-23.2234672387168,25.7192987932645));
#13905=CARTESIAN_POINT('Ctrl Pts',(70.4999999936064,-23.3238105336279,25.63607342221));
#13906=CARTESIAN_POINT('Ctrl Pts',(70.4999999936064,-23.4049278497696,25.5373478680849));
#13907=CARTESIAN_POINT('Ctrl Pts',(70.4999999936064,-23.4977343294172,25.4243957690089));
#13908=CARTESIAN_POINT('Ctrl Pts',(70.4999999936064,-23.5653745935931,25.291154406552));
#13909=CARTESIAN_POINT('Ctrl Pts',(70.4999999936064,-23.633014857769,25.157913044095));
#13910=CARTESIAN_POINT('',(70.4999999929911,-23.951909840107,24.0511596947908));
#13911=CARTESIAN_POINT('Ctrl Pts',(70.4999999933799,-23.633014857769,25.157913044095));
#13912=CARTESIAN_POINT('Ctrl Pts',(70.4999999933799,-23.6847958128457,25.0163973265617));
#13913=CARTESIAN_POINT('Ctrl Pts',(70.4999999933799,-23.7365767679223,24.8748816090283));
#13914=CARTESIAN_POINT('Ctrl Pts',(70.4999999933799,-23.7809512019157,24.7311557084322));
#13915=CARTESIAN_POINT('Ctrl Pts',(70.4999999933799,-23.8498363683728,24.5080411423237));
#13916=CARTESIAN_POINT('Ctrl Pts',(70.4999999933799,-23.9008731042399,24.2796004185573));
#13917=CARTESIAN_POINT('Ctrl Pts',(70.4999999933799,-23.951909840107,24.0511596947908));
#13918=CARTESIAN_POINT('',(70.4999999926406,-24.3083217740059,23.053547218442));
#13919=CARTESIAN_POINT('Ctrl Pts',(70.4999999929911,-23.951909840107,24.0511596947908));
#13920=CARTESIAN_POINT('Ctrl Pts',(70.4999999929911,-23.9984970086196,23.8283309438218));
#13921=CARTESIAN_POINT('Ctrl Pts',(70.4999999929911,-24.0450841771323,23.6055021928528));
#13922=CARTESIAN_POINT('Ctrl Pts',(70.4999999929911,-24.1322472691536,23.3984483033419));
#13923=CARTESIAN_POINT('Ctrl Pts',(70.4999999929911,-24.1820925166401,23.2800420820114));
#13924=CARTESIAN_POINT('Ctrl Pts',(70.4999999929911,-24.245207145323,23.1667946502267));
#13925=CARTESIAN_POINT('Ctrl Pts',(70.4999999929911,-24.3083217740059,23.053547218442));
#13926=CARTESIAN_POINT('',(70.4999999925723,-24.7517049312592,22.8591407090425));
#13927=CARTESIAN_POINT('Ctrl Pts',(70.4999999926406,-24.3083217740059,23.053547218442));
#13928=CARTESIAN_POINT('Ctrl Pts',(70.4999999926406,-24.3706897840911,22.9968466907011));
#13929=CARTESIAN_POINT('Ctrl Pts',(70.4999999926406,-24.4330577941763,22.9401461629603));
#13930=CARTESIAN_POINT('Ctrl Pts',(70.4999999926406,-24.5061388611794,22.9077423363924));
#13931=CARTESIAN_POINT('Ctrl Pts',(70.4999999926406,-24.5805832300605,22.874734027714));
#13932=CARTESIAN_POINT('Ctrl Pts',(70.4999999926406,-24.6661440806598,22.8669373683783));
#13933=CARTESIAN_POINT('Ctrl Pts',(70.4999999926406,-24.7517049312592,22.8591407090425));
#13934=CARTESIAN_POINT('',(70.4999999926687,-25.28205960989,23.1336975842714));
#13935=CARTESIAN_POINT('Ctrl Pts',(70.4999999925723,-24.7517049312592,22.8591407090425));
#13936=CARTESIAN_POINT('Ctrl Pts',(70.4999999925723,-24.8526263649622,22.8721579617978));
#13937=CARTESIAN_POINT('Ctrl Pts',(70.4999999925722,-24.9535477986653,22.885175214553));
#13938=CARTESIAN_POINT('Ctrl Pts',(70.4999999925722,-25.0394779443741,22.9277790337801));
#13939=CARTESIAN_POINT('Ctrl Pts',(70.4999999925723,-25.1318997741553,22.9736014037547));
#13940=CARTESIAN_POINT('Ctrl Pts',(70.4999999925723,-25.2069796920226,23.0536494940131));
#13941=CARTESIAN_POINT('Ctrl Pts',(70.4999999925723,-25.28205960989,23.1336975842714));
#13942=CARTESIAN_POINT('',(70.4999999929761,-25.5020460486412,24.0085268765688));
#13943=CARTESIAN_POINT('Ctrl Pts',(70.4999999926687,-25.28205960989,23.1336975842714));
#13944=CARTESIAN_POINT('Ctrl Pts',(70.4999999926687,-25.3459005680719,23.2499134354186));
#13945=CARTESIAN_POINT('Ctrl Pts',(70.4999999926687,-25.4097415262538,23.3661292865659));
#13946=CARTESIAN_POINT('Ctrl Pts',(70.4999999926687,-25.4470494389534,23.4896827489138));
#13947=CARTESIAN_POINT('Ctrl Pts',(70.4999999926687,-25.4966604768573,23.653980750602));
#13948=CARTESIAN_POINT('Ctrl Pts',(70.4999999926687,-25.4993532627493,23.8312538135854));
#13949=CARTESIAN_POINT('Ctrl Pts',(70.4999999926687,-25.5020460486412,24.0085268765688));
#13950=CARTESIAN_POINT('',(70.4999999932822,-25.2598905563354,24.8799455910921));
#13951=CARTESIAN_POINT('Ctrl Pts',(70.4999999929761,-25.5020460486412,24.0085268765688));
#13952=CARTESIAN_POINT('Ctrl Pts',(70.4999999929761,-25.4972620145293,24.1818089747101));
#13953=CARTESIAN_POINT('Ctrl Pts',(70.4999999929761,-25.4924779804174,24.3550910728514));
#13954=CARTESIAN_POINT('Ctrl Pts',(70.4999999929761,-25.4415072500706,24.5145810395479));
#13955=CARTESIAN_POINT('Ctrl Pts',(70.4999999929761,-25.4007021995575,24.6422620851813));
#13956=CARTESIAN_POINT('Ctrl Pts',(70.4999999929761,-25.3302963779465,24.7611038381367));
#13957=CARTESIAN_POINT('Ctrl Pts',(70.4999999929761,-25.2598905563354,24.8799455910921));
#13958=CARTESIAN_POINT('',(70.4999999934039,-24.5436558127403,25.2261257916689));
#13959=CARTESIAN_POINT('Ctrl Pts',(70.4999999932822,-25.2598905563354,24.8799455910921));
#13960=CARTESIAN_POINT('Ctrl Pts',(70.4999999932822,-25.1651106235556,24.968518440937));
#13961=CARTESIAN_POINT('Ctrl Pts',(70.4999999932823,-25.0703306907757,25.0570912907819));
#13962=CARTESIAN_POINT('Ctrl Pts',(70.4999999932823,-24.959754049778,25.1140011101961));
#13963=CARTESIAN_POINT('Ctrl Pts',(70.4999999932822,-24.8345551325669,25.178436489179));
#13964=CARTESIAN_POINT('Ctrl Pts',(70.4999999932822,-24.6891054726536,25.2022811404239));
#13965=CARTESIAN_POINT('Ctrl Pts',(70.4999999932822,-24.5436558127403,25.2261257916689));
#13966=CARTESIAN_POINT('',(70.4999999936268,-24.5914047956467,25.8605051785707));
#13967=CARTESIAN_POINT('',(70.4999999894579,-23.6983174427392,13.9952009793474));
#13968=CARTESIAN_POINT('',(70.4999999935405,-25.3792628645897,25.6149388104677));
#13969=CARTESIAN_POINT('Ctrl Pts',(70.4999999936268,-24.5914047956467,25.8605051785707));
#13970=CARTESIAN_POINT('Ctrl Pts',(70.4999999936268,-24.7333363517154,25.8465886288262));
#13971=CARTESIAN_POINT('Ctrl Pts',(70.4999999936268,-24.8752679077842,25.8326720790817));
#13972=CARTESIAN_POINT('Ctrl Pts',(70.4999999936268,-25.0083556771278,25.7905865460634));
#13973=CARTESIAN_POINT('Ctrl Pts',(70.4999999936268,-25.1375470968808,25.7497331318954));
#13974=CARTESIAN_POINT('Ctrl Pts',(70.4999999936268,-25.2584049807352,25.6823359711816));
#13975=CARTESIAN_POINT('Ctrl Pts',(70.4999999936268,-25.3792628645897,25.6149388104677));
#13976=CARTESIAN_POINT('',(70.499999993311,-25.9062069654465,24.9618006497622));
#13977=CARTESIAN_POINT('Ctrl Pts',(70.4999999935405,-25.3792628645897,25.6149388104677));
#13978=CARTESIAN_POINT('Ctrl Pts',(70.4999999935405,-25.4889476284378,25.5287643799811));
#13979=CARTESIAN_POINT('Ctrl Pts',(70.4999999935405,-25.5986323922859,25.4425899494944));
#13980=CARTESIAN_POINT('Ctrl Pts',(70.4999999935405,-25.6849417090416,25.3373969346285));
#13981=CARTESIAN_POINT('Ctrl Pts',(70.4999999935405,-25.7760686942991,25.2263321889532));
#13982=CARTESIAN_POINT('Ctrl Pts',(70.4999999935405,-25.8411378298728,25.0940664193577));
#13983=CARTESIAN_POINT('Ctrl Pts',(70.4999999935405,-25.9062069654465,24.9618006497622));
#13984=CARTESIAN_POINT('',(70.4999999929665,-26.0852655768394,23.9812422543764));
#13985=CARTESIAN_POINT('Ctrl Pts',(70.499999993311,-25.9062069654465,24.9618006497622));
#13986=CARTESIAN_POINT('Ctrl Pts',(70.499999993311,-25.9583993915251,24.8107100099757));
#13987=CARTESIAN_POINT('Ctrl Pts',(70.499999993311,-26.0105918176038,24.6596193701892));
#13988=CARTESIAN_POINT('Ctrl Pts',(70.499999993311,-26.040500998497,24.5043481141329));
#13989=CARTESIAN_POINT('Ctrl Pts',(70.499999993311,-26.0734377643586,24.333359379135));
#13990=CARTESIAN_POINT('Ctrl Pts',(70.499999993311,-26.079351670599,24.1573008167557));
#13991=CARTESIAN_POINT('Ctrl Pts',(70.499999993311,-26.0852655768394,23.9812422543764));
#13992=CARTESIAN_POINT('',(70.4999999926441,-25.9147337079048,23.0637789517641));
#13993=CARTESIAN_POINT('Ctrl Pts',(70.4999999929665,-26.0852655768394,23.9812422543764));
#13994=CARTESIAN_POINT('Ctrl Pts',(70.4999999929665,-26.0790991750349,23.8191365725692));
#13995=CARTESIAN_POINT('Ctrl Pts',(70.4999999929665,-26.0729327732304,23.6570308907621));
#13996=CARTESIAN_POINT('Ctrl Pts',(70.4999999929665,-26.0426326096058,23.4994889050722));
#13997=CARTESIAN_POINT('Ctrl Pts',(70.4999999929665,-26.014183284292,23.3515701262498));
#13998=CARTESIAN_POINT('Ctrl Pts',(70.4999999929665,-25.9644584960984,23.2076745390069));
#13999=CARTESIAN_POINT('Ctrl Pts',(70.4999999929665,-25.9147337079048,23.0637789517641));
#14000=CARTESIAN_POINT('',(70.4999999924237,-25.4150748252869,22.4362207204103));
#14001=CARTESIAN_POINT('Ctrl Pts',(70.4999999926441,-25.9147337079048,23.0637789517641));
#14002=CARTESIAN_POINT('Ctrl Pts',(70.4999999926441,-25.8532667176202,22.9357851641661));
#14003=CARTESIAN_POINT('Ctrl Pts',(70.4999999926441,-25.7917997273356,22.807791376568));
#14004=CARTESIAN_POINT('Ctrl Pts',(70.4999999926441,-25.7045528292656,22.7005458623171));
#14005=CARTESIAN_POINT('Ctrl Pts',(70.4999999926441,-25.6230560195233,22.600368463877));
#14006=CARTESIAN_POINT('Ctrl Pts',(70.4999999926441,-25.5190654224051,22.5182945921437));
#14007=CARTESIAN_POINT('Ctrl Pts',(70.4999999926441,-25.4150748252869,22.4362207204103));
#14008=CARTESIAN_POINT('',(70.4999999923482,-24.7073668241501,22.2213507443666));
#14009=CARTESIAN_POINT('Ctrl Pts',(70.4999999924237,-25.4150748252869,22.4362207204103));
#14010=CARTESIAN_POINT('Ctrl Pts',(70.4999999924237,-25.3039477910789,22.3735524152934));
#14011=CARTESIAN_POINT('Ctrl Pts',(70.4999999924237,-25.1928207568709,22.3108841101765));
#14012=CARTESIAN_POINT('Ctrl Pts',(70.4999999924237,-25.073584318161,22.275068834424));
#14013=CARTESIAN_POINT('Ctrl Pts',(70.4999999924237,-24.9567063365195,22.2399619729044));
#14014=CARTESIAN_POINT('Ctrl Pts',(70.4999999924237,-24.8320365803348,22.2306563586355));
#14015=CARTESIAN_POINT('Ctrl Pts',(70.4999999924237,-24.7073668241501,22.2213507443666));
#14016=CARTESIAN_POINT('',(70.4999999924099,-24.0849247574806,22.3969984799623));
#14017=CARTESIAN_POINT('Ctrl Pts',(70.4999999923482,-24.7073668241501,22.2213507443666));
#14018=CARTESIAN_POINT('Ctrl Pts',(70.4999999923482,-24.5959001914561,22.2283011829394));
#14019=CARTESIAN_POINT('Ctrl Pts',(70.4999999923482,-24.4844335587622,22.2352516215122));
#14020=CARTESIAN_POINT('Ctrl Pts',(70.4999999923482,-24.3795189261436,22.2652626782656));
#14021=CARTESIAN_POINT('Ctrl Pts',(70.4999999923482,-24.2771633585262,22.2945417089605));
#14022=CARTESIAN_POINT('Ctrl Pts',(70.4999999923482,-24.1810440580034,22.3457700944614));
#14023=CARTESIAN_POINT('Ctrl Pts',(70.4999999923482,-24.0849247574806,22.3969984799623));
#14024=CARTESIAN_POINT('',(70.4999999925974,-23.6193722486496,22.9307640343904));
#14025=CARTESIAN_POINT('Ctrl Pts',(70.4999999924099,-24.0849247574806,22.3969984799623));
#14026=CARTESIAN_POINT('Ctrl Pts',(70.4999999924099,-23.9945361974108,22.4660944901639));
#14027=CARTESIAN_POINT('Ctrl Pts',(70.4999999924099,-23.9041476373409,22.5351905003655));
#14028=CARTESIAN_POINT('Ctrl Pts',(70.4999999924099,-23.8295531272888,22.6182640343904));
#14029=CARTESIAN_POINT('Ctrl Pts',(70.4999999924099,-23.7464126641397,22.7108549246509));
#14030=CARTESIAN_POINT('Ctrl Pts',(70.4999999924099,-23.6828924563947,22.8208094795207));
#14031=CARTESIAN_POINT('Ctrl Pts',(70.4999999924099,-23.6193722486496,22.9307640343904));
#14032=CARTESIAN_POINT('',(70.4999999929365,-23.3072984218597,23.8959754258394));
#14033=CARTESIAN_POINT('Ctrl Pts',(70.4999999925974,-23.6193722486496,22.9307640343904));
#14034=CARTESIAN_POINT('Ctrl Pts',(70.4999999925974,-23.5660243062666,23.0562694537013));
#14035=CARTESIAN_POINT('Ctrl Pts',(70.4999999925974,-23.5126763638836,23.1817748730122));
#14036=CARTESIAN_POINT('Ctrl Pts',(70.4999999925974,-23.4680250287056,23.3101976662874));
#14037=CARTESIAN_POINT('Ctrl Pts',(70.4999999925974,-23.4016304823178,23.5011566392133));
#14038=CARTESIAN_POINT('Ctrl Pts',(70.4999999925974,-23.3544644520888,23.6985660325264));
#14039=CARTESIAN_POINT('Ctrl Pts',(70.4999999925974,-23.3072984218597,23.8959754258394));
#14040=CARTESIAN_POINT('',(70.4999999932493,-23.063437640667,24.7861529141665));
#14041=CARTESIAN_POINT('Ctrl Pts',(70.4999999929365,-23.3072984218597,23.8959754258394));
#14042=CARTESIAN_POINT('Ctrl Pts',(70.4999999929365,-23.2625265323973,24.0858597818147));
#14043=CARTESIAN_POINT('Ctrl Pts',(70.4999999929365,-23.2177546429349,24.2757441377899));
#14044=CARTESIAN_POINT('Ctrl Pts',(70.4999999929365,-23.1636252999306,24.4629944115877));
#14045=CARTESIAN_POINT('Ctrl Pts',(70.4999999929365,-23.1323164716093,24.5713014101591));
#14046=CARTESIAN_POINT('Ctrl Pts',(70.4999999929365,-23.0978770561381,24.6787271621628));
#14047=CARTESIAN_POINT('Ctrl Pts',(70.4999999929365,-23.063437640667,24.7861529141665));
#14048=CARTESIAN_POINT('',(70.4999999934075,-22.7684172987938,25.236357524991));
#14049=CARTESIAN_POINT('Ctrl Pts',(70.4999999932493,-23.063437640667,24.7861529141665));
#14050=CARTESIAN_POINT('Ctrl Pts',(70.4999999932493,-23.0251331566405,24.8801431529545));
#14051=CARTESIAN_POINT('Ctrl Pts',(70.4999999932493,-22.9868286726141,24.9741333917425));
#14052=CARTESIAN_POINT('Ctrl Pts',(70.4999999932493,-22.9299959540367,25.0555933266878));
#14053=CARTESIAN_POINT('Ctrl Pts',(70.4999999932493,-22.8841680672282,25.1212797265566));
#14054=CARTESIAN_POINT('Ctrl Pts',(70.4999999932493,-22.826292683011,25.1788186257738));
#14055=CARTESIAN_POINT('Ctrl Pts',(70.4999999932493,-22.7684172987938,25.236357524991));
#14056=CARTESIAN_POINT('',(70.4999999934554,-22.3574349284172,25.3727830201387));
#14057=CARTESIAN_POINT('Ctrl Pts',(70.4999999934075,-22.7684172987938,25.236357524991));
#14058=CARTESIAN_POINT('Ctrl Pts',(70.4999999934075,-22.706796649026,25.2761453676956));
#14059=CARTESIAN_POINT('Ctrl Pts',(70.4999999934075,-22.6451759992583,25.3159332104001));
#14060=CARTESIAN_POINT('Ctrl Pts',(70.4999999934075,-22.5778475403786,25.3386760503054));
#14061=CARTESIAN_POINT('Ctrl Pts',(70.4999999934075,-22.5084225455216,25.362127077846));
#14062=CARTESIAN_POINT('Ctrl Pts',(70.4999999934075,-22.4329287369694,25.3674550489924));
#14063=CARTESIAN_POINT('Ctrl Pts',(70.4999999934075,-22.3574349284172,25.3727830201387));
#14064=CARTESIAN_POINT('',(70.4999999934057,-21.9293996691704,25.2312422543764));
#14065=CARTESIAN_POINT('Ctrl Pts',(70.4999999934554,-22.3574349284172,25.3727830201387));
#14066=CARTESIAN_POINT('Ctrl Pts',(70.4999999934554,-22.2812590810204,25.3666234424817));
#14067=CARTESIAN_POINT('Ctrl Pts',(70.4999999934554,-22.2050832336237,25.3604638648247));
#14068=CARTESIAN_POINT('Ctrl Pts',(70.4999999934554,-22.1344640851021,25.3373969346285));
#14069=CARTESIAN_POINT('Ctrl Pts',(70.4999999934554,-22.0622338616641,25.3138037653963));
#14070=CARTESIAN_POINT('Ctrl Pts',(70.4999999934554,-21.9958167654173,25.2725230098864));
#14071=CARTESIAN_POINT('Ctrl Pts',(70.4999999934554,-21.9293996691704,25.2312422543764));
#14072=CARTESIAN_POINT('',(70.4999999932541,-21.6207364201546,24.7997952252626));
#14073=CARTESIAN_POINT('Ctrl Pts',(70.4999999934057,-21.9293996691704,25.2312422543764));
#14074=CARTESIAN_POINT('Ctrl Pts',(70.4999999934057,-21.8664479287964,25.1750164448196));
#14075=CARTESIAN_POINT('Ctrl Pts',(70.4999999934057,-21.8034961884225,25.1187906352627));
#14076=CARTESIAN_POINT('Ctrl Pts',(70.4999999934057,-21.7541781067848,25.0526095181704));
#14077=CARTESIAN_POINT('Ctrl Pts',(70.4999999934057,-21.6978344086324,24.9770005577035));
#14078=CARTESIAN_POINT('Ctrl Pts',(70.4999999934057,-21.6592854143935,24.8883978914831));
#14079=CARTESIAN_POINT('Ctrl Pts',(70.4999999934057,-21.6207364201546,24.7997952252626));
#14080=CARTESIAN_POINT('',(70.4999999930192,-21.5081855654716,24.1313100606203));
#14081=CARTESIAN_POINT('Ctrl Pts',(70.4999999932541,-21.6207364201546,24.7997952252626));
#14082=CARTESIAN_POINT('Ctrl Pts',(70.4999999932541,-21.587931593705,24.6965790455215));
#14083=CARTESIAN_POINT('Ctrl Pts',(70.4999999932541,-21.5551267672553,24.5933628657804));
#14084=CARTESIAN_POINT('Ctrl Pts',(70.4999999932541,-21.5363231301308,24.4877219945192));
#14085=CARTESIAN_POINT('Ctrl Pts',(70.4999999932541,-21.5155283974196,24.3708949324622));
#14086=CARTESIAN_POINT('Ctrl Pts',(70.4999999932541,-21.5118569814456,24.2511024965413));
#14087=CARTESIAN_POINT('Ctrl Pts',(70.4999999932541,-21.5081855654716,24.1313100606203));
#14088=CARTESIAN_POINT('',(70.4999999927496,-21.6565480828285,23.3639157563448));
#14089=CARTESIAN_POINT('Ctrl Pts',(70.4999999930192,-21.5081855654716,24.1313100606203));
#14090=CARTESIAN_POINT('Ctrl Pts',(70.4999999930192,-21.5134504622124,23.9949062683912));
#14091=CARTESIAN_POINT('Ctrl Pts',(70.4999999930192,-21.5187153589532,23.8585024761621));
#14092=CARTESIAN_POINT('Ctrl Pts',(70.4999999930192,-21.5452763438225,23.7262964993715));
#14093=CARTESIAN_POINT('Ctrl Pts',(70.4999999930192,-21.5700329580678,23.6030716873234));
#14094=CARTESIAN_POINT('Ctrl Pts',(70.4999999930192,-21.6132905204481,23.4834937218341));
#14095=CARTESIAN_POINT('Ctrl Pts',(70.4999999930192,-21.6565480828285,23.3639157563448));
#14096=CARTESIAN_POINT('',(70.4999999925728,-22.0453611016273,22.8608454018831));
#14097=CARTESIAN_POINT('Ctrl Pts',(70.4999999927496,-21.6565480828285,23.3639157563448));
#14098=CARTESIAN_POINT('Ctrl Pts',(70.4999999927496,-21.7068681159494,23.2597835335715));
#14099=CARTESIAN_POINT('Ctrl Pts',(70.4999999927496,-21.7571881490702,23.1556513107982));
#14100=CARTESIAN_POINT('Ctrl Pts',(70.4999999927496,-21.8279328942299,23.0676162987947));
#14101=CARTESIAN_POINT('Ctrl Pts',(70.4999999927496,-21.8899462058816,22.9904467136431));
#14102=CARTESIAN_POINT('Ctrl Pts',(70.4999999927496,-21.9676536537545,22.9256460577631));
#14103=CARTESIAN_POINT('Ctrl Pts',(70.4999999927496,-22.0453611016273,22.8608454018831));
#14104=CARTESIAN_POINT('',(70.4999999925003,-22.6609820127487,22.654502466321));
#14105=CARTESIAN_POINT('Ctrl Pts',(70.4999999925728,-22.0453611016273,22.8608454018831));
#14106=CARTESIAN_POINT('Ctrl Pts',(70.4999999925728,-22.1349124227086,22.8113479223804));
#14107=CARTESIAN_POINT('Ctrl Pts',(70.4999999925728,-22.2244637437899,22.7618504428777));
#14108=CARTESIAN_POINT('Ctrl Pts',(70.4999999925728,-22.3194912075996,22.7282572537661));
#14109=CARTESIAN_POINT('Ctrl Pts',(70.4999999925728,-22.4285160066242,22.6897158622076));
#14110=CARTESIAN_POINT('Ctrl Pts',(70.4999999925728,-22.5447490096865,22.6721091642643));
#14111=CARTESIAN_POINT('Ctrl Pts',(70.4999999925728,-22.6609820127487,22.654502466321));
#14112=CARTESIAN_POINT('',(70.4999999922811,-22.6064118742943,22.0303548127413));
#14113=CARTESIAN_POINT('',(70.4999999888299,-21.7475992053489,12.207658236035));
#14114=CARTESIAN_POINT('Ctrl Pts',(70.4999999922811,-22.6064118742943,22.0303548127413));
#14115=CARTESIAN_POINT('Ctrl Pts',(70.4999999922811,-22.4445944072646,22.0445734211026));
#14116=CARTESIAN_POINT('Ctrl Pts',(70.4999999922811,-22.282776940235,22.058792029464));
#14117=CARTESIAN_POINT('Ctrl Pts',(70.4999999922811,-22.131053507328,22.1058142930269));
#14118=CARTESIAN_POINT('Ctrl Pts',(70.4999999922811,-21.9835807383793,22.1515191869711));
#14119=CARTESIAN_POINT('Ctrl Pts',(70.4999999922811,-21.8456443399557,22.2282154374706));
#14120=CARTESIAN_POINT('Ctrl Pts',(70.4999999922811,-21.7077079415321,22.3049116879702));
#14121=CARTESIAN_POINT('',(70.499999995054,-20.9999999403954,29.9225796014071));
#14122=CARTESIAN_POINT('',(70.499999995054,-23.3567529916763,29.9225796014071));
#14123=CARTESIAN_POINT('',(70.499999995054,-26.6783764958382,29.9225796014071));
#14124=CARTESIAN_POINT('',(70.4999999959671,-23.3567529916763,32.5214851647615));
#14125=CARTESIAN_POINT('',(70.499999990533,-23.3567529916763,17.0549200800172));
#14126=CARTESIAN_POINT('',(70.4999999959671,-20.9999999403954,32.5214851647615));
#14127=CARTESIAN_POINT('',(70.4999999959671,-25.4999999701977,32.5214851647615));
#14128=CARTESIAN_POINT('',(70.4999999961995,-20.9999999403954,33.1831539422274));
#14129=CARTESIAN_POINT('',(70.4999999906492,-20.9999999403954,17.3857544687501));
#14130=CARTESIAN_POINT('',(70.4999999961995,-25.9999999403954,33.1831539422274));
#14131=CARTESIAN_POINT('',(70.4999999961995,-27.9999999701977,33.1831539422274));
#14132=CARTESIAN_POINT('',(70.4999999959671,-25.9999999403954,32.5214851647615));
#14133=CARTESIAN_POINT('',(70.499999990533,-25.9999999403954,17.0549200800172));
#14134=CARTESIAN_POINT('',(70.4999999959671,-23.9467939734459,32.5214851647615));
#14135=CARTESIAN_POINT('',(70.4999999959671,-26.9733969867229,32.5214851647615));
#14136=CARTESIAN_POINT('',(70.499999995054,-23.9467939734459,29.9225796014071));
#14137=CARTESIAN_POINT('',(70.4999999900764,-23.9467939734459,15.7554672983399));
#14138=CARTESIAN_POINT('',(70.499999995054,-25.9999999403954,29.9225796014071));
#14139=CARTESIAN_POINT('',(70.499999995054,-27.9999999701977,29.9225796014071));
#14140=CARTESIAN_POINT('',(70.4999999948215,-25.9999999403954,29.2609155923128));
#14141=CARTESIAN_POINT('',(70.4999999899602,-25.9999999403954,15.4246352937928));
#14142=CARTESIAN_POINT('',(70.4999999948215,-20.9999999403954,29.2609155923128));
#14143=CARTESIAN_POINT('',(70.4999999948215,-25.4999999701977,29.2609155923128));
#14144=CARTESIAN_POINT('',(70.4999999900764,-20.9999999403954,15.7554672983399));
#14145=CARTESIAN_POINT('',(70.4999999971378,-22.5006821751595,35.853680446744));
#14146=CARTESIAN_POINT('',(70.4999999971378,-23.1180080771446,35.853680446744));
#14147=CARTESIAN_POINT('',(70.4999999971378,-26.5590040385723,35.853680446744));
#14148=CARTESIAN_POINT('',(70.4999999964752,-23.1180080771446,33.9675987511873));
#14149=CARTESIAN_POINT('',(70.499999990787,-23.1180080771446,17.7779768732301));
#14150=CARTESIAN_POINT('',(70.4999999964752,-22.5006821751595,33.9675987511873));
#14151=CARTESIAN_POINT('',(70.4999999964752,-26.2503410875797,33.9675987511873));
#14152=CARTESIAN_POINT('',(70.4999999911183,-22.5006821751595,18.7210177210084));
#14153=CARTESIAN_POINT('',(70.4999999945483,-22.5006821751595,28.4832895547152));
#14154=CARTESIAN_POINT('',(70.4999999945483,-23.1180080771446,28.4832895547152));
#14155=CARTESIAN_POINT('',(70.4999999945483,-26.5590040385723,28.4832895547152));
#14156=CARTESIAN_POINT('',(70.4999999938856,-23.1180080771446,26.5972030907869));
#14157=CARTESIAN_POINT('',(70.4999999894922,-23.1180080771446,14.0927790430299));
#14158=CARTESIAN_POINT('',(70.4999999938856,-22.5006821751595,26.5972030907869));
#14159=CARTESIAN_POINT('',(70.4999999938856,-26.2503410875797,26.5972030907869));
#14160=CARTESIAN_POINT('',(70.4999999898236,-22.5006821751595,15.035822274994));
#14161=CARTESIAN_POINT('',(70.4999999981312,-20.9999999403954,38.6811054497957));
#14162=CARTESIAN_POINT('',(70.4999999981312,-23.1180080771446,38.6811054497957));
#14163=CARTESIAN_POINT('',(70.4999999981312,-26.5590040385723,38.6811054497957));
#14164=CARTESIAN_POINT('',(70.4999999988323,-25.9999999403954,40.6763304024935));
#14165=CARTESIAN_POINT('',(70.4999999969363,-18.2054140917239,35.2800791571231));
#14166=CARTESIAN_POINT('',(70.4999999985614,-25.9999999403954,39.9055279046297));
#14167=CARTESIAN_POINT('',(70.4999999918301,-25.9999999403954,20.7469414499513));
#14168=CARTESIAN_POINT('',(70.4999999982211,-24.5300135016441,38.9369047433138));
#14169=CARTESIAN_POINT('',(70.4999999966763,-17.8571956343128,34.5399621817003));
#14170=CARTESIAN_POINT('',(70.4999999980294,-23.6466574668884,38.391202762723));
#14171=CARTESIAN_POINT('Ctrl Pts',(70.4999999982211,-24.5300135016441,38.9369047433138));
#14172=CARTESIAN_POINT('Ctrl Pts',(70.4999999982211,-24.3752735320394,38.8368144609297));
#14173=CARTESIAN_POINT('Ctrl Pts',(70.4999999982211,-24.2205335624346,38.7367241785455));
#14174=CARTESIAN_POINT('Ctrl Pts',(70.4999999982211,-24.0636083483696,38.6401785165071));
#14175=CARTESIAN_POINT('Ctrl Pts',(70.4999999982211,-23.9257490553627,38.5553628494341));
#14176=CARTESIAN_POINT('Ctrl Pts',(70.4999999982211,-23.7862032611255,38.4732828060786));
#14177=CARTESIAN_POINT('Ctrl Pts',(70.4999999982211,-23.6466574668884,38.391202762723));
#14178=CARTESIAN_POINT('',(70.4999999978508,-24.4924965500832,37.883013561368));
#14179=CARTESIAN_POINT('Ctrl Pts',(70.4999999980294,-23.6466574668884,38.391202762723));
#14180=CARTESIAN_POINT('Ctrl Pts',(70.4999999980294,-23.7883072446406,38.3107574894741));
#14181=CARTESIAN_POINT('Ctrl Pts',(70.4999999980294,-23.9299570223928,38.2303122162252));
#14182=CARTESIAN_POINT('Ctrl Pts',(70.4999999980294,-24.0695771574974,38.1464875489473));
#14183=CARTESIAN_POINT('Ctrl Pts',(70.4999999980294,-24.2119574102918,38.061005771491));
#14184=CARTESIAN_POINT('Ctrl Pts',(70.4999999980294,-24.3522269801875,37.9720096664295));
#14185=CARTESIAN_POINT('Ctrl Pts',(70.4999999980294,-24.4924965500832,37.883013561368));
#14186=CARTESIAN_POINT('',(70.4999999975045,-25.9999999403954,36.8973387032747));
#14187=CARTESIAN_POINT('',(70.499999995325,-35.4873412819251,30.6940797981269));
#14188=CARTESIAN_POINT('',(70.4999999972217,-25.9999999403954,36.0924280434847));
#14189=CARTESIAN_POINT('',(70.4999999911603,-25.9999999403954,18.8403915193788));
#14190=CARTESIAN_POINT('',(70.4999999978988,-23.1180080771446,38.0194414407015));
#14191=CARTESIAN_POINT('',(70.4999999953629,-33.9126017203336,30.8017504981346));
#14192=CARTESIAN_POINT('',(70.4999999978988,-20.9999999403954,38.0194414407015));
#14193=CARTESIAN_POINT('',(70.4999999978988,-25.4999999701977,38.0194414407015));
#14194=CARTESIAN_POINT('',(70.499999991615,-20.9999999403954,20.1347302225343));
#14195=CARTESIAN_POINT('',(70.4999999904045,-20.9999999403954,16.6892904788256));
#14196=CARTESIAN_POINT('',(70.4999999906867,-21.0852661728859,17.4924970418215));
#14197=CARTESIAN_POINT('Ctrl Pts',(70.4999999904045,-20.9999999403954,16.6892904788256));
#14198=CARTESIAN_POINT('Ctrl Pts',(70.4999999904045,-21.0026479264745,16.8323156625273));
#14199=CARTESIAN_POINT('Ctrl Pts',(70.4999999904045,-21.0052959125537,16.975340846229));
#14200=CARTESIAN_POINT('Ctrl Pts',(70.4999999904045,-21.0213163495064,17.1168995648623));
#14201=CARTESIAN_POINT('Ctrl Pts',(70.4999999904045,-21.0355729675833,17.2428729445507));
#14202=CARTESIAN_POINT('Ctrl Pts',(70.4999999904045,-21.0604195702346,17.3676849931861));
#14203=CARTESIAN_POINT('Ctrl Pts',(70.4999999904045,-21.0852661728859,17.4924970418215));
#14204=CARTESIAN_POINT('',(70.4999999908964,-21.3359478116035,18.0893588811159));
#14205=CARTESIAN_POINT('Ctrl Pts',(70.4999999906867,-21.0852661728859,17.4924970418215));
#14206=CARTESIAN_POINT('Ctrl Pts',(70.4999999906867,-21.1155703402231,17.602539503997));
#14207=CARTESIAN_POINT('Ctrl Pts',(70.4999999906867,-21.1458745075603,17.7125819661724));
#14208=CARTESIAN_POINT('Ctrl Pts',(70.4999999906867,-21.1905696988106,17.8165078908205));
#14209=CARTESIAN_POINT('Ctrl Pts',(70.4999999906867,-21.2311286224756,17.9108161044495));
#14210=CARTESIAN_POINT('Ctrl Pts',(70.4999999906867,-21.2835382170396,18.0000874927827));
#14211=CARTESIAN_POINT('Ctrl Pts',(70.4999999906867,-21.3359478116035,18.0893588811159));
#14212=CARTESIAN_POINT('',(70.4999999910564,-21.7895635962486,18.5446787625551));
#14213=CARTESIAN_POINT('Ctrl Pts',(70.4999999908964,-21.3359478116035,18.0893588811159));
#14214=CARTESIAN_POINT('Ctrl Pts',(70.4999999908964,-21.3982155829945,18.1715806497128));
#14215=CARTESIAN_POINT('Ctrl Pts',(70.4999999908964,-21.4604833543855,18.2538024183097));
#14216=CARTESIAN_POINT('Ctrl Pts',(70.4999999908964,-21.5320602059364,18.326824977994));
#14217=CARTESIAN_POINT('Ctrl Pts',(70.4999999908964,-21.6104508072534,18.406798911456));
#14218=CARTESIAN_POINT('Ctrl Pts',(70.4999999908964,-21.700007201751,18.4757388370056));
#14219=CARTESIAN_POINT('Ctrl Pts',(70.4999999908964,-21.7895635962486,18.5446787625551));
#14220=CARTESIAN_POINT('',(70.4999999911762,-22.5177350640297,18.8857436925173));
#14221=CARTESIAN_POINT('Ctrl Pts',(70.4999999910564,-21.7895635962486,18.5446787625551));
#14222=CARTESIAN_POINT('Ctrl Pts',(70.4999999910564,-21.8962018218524,18.6121463389145));
#14223=CARTESIAN_POINT('Ctrl Pts',(70.4999999910564,-22.0028400474562,18.6796139152739));
#14224=CARTESIAN_POINT('Ctrl Pts',(70.4999999910564,-22.1157059073448,18.7339700013399));
#14225=CARTESIAN_POINT('Ctrl Pts',(70.4999999910564,-22.2443241030419,18.795912396692));
#14226=CARTESIAN_POINT('Ctrl Pts',(70.4999999910564,-22.3810295835358,18.8408280446046));
#14227=CARTESIAN_POINT('Ctrl Pts',(70.4999999910564,-22.5177350640297,18.8857436925173));
#14228=CARTESIAN_POINT('',(70.4999999912229,-23.5272851586342,19.0187586098909));
#14229=CARTESIAN_POINT('Ctrl Pts',(70.4999999911762,-22.5177350640297,18.8857436925173));
#14230=CARTESIAN_POINT('Ctrl Pts',(70.4999999911762,-22.6744445802084,18.9245088863218));
#14231=CARTESIAN_POINT('Ctrl Pts',(70.4999999911762,-22.8311540963871,18.9632740801264));
#14232=CARTESIAN_POINT('Ctrl Pts',(70.4999999911762,-22.990109026432,18.9855051785707));
#14233=CARTESIAN_POINT('Ctrl Pts',(70.4999999911762,-23.1673074631963,19.0102877750639));
#14234=CARTESIAN_POINT('Ctrl Pts',(70.4999999911762,-23.3472963109153,19.0145231924774));
#14235=CARTESIAN_POINT('Ctrl Pts',(70.4999999911762,-23.5272851586342,19.0187586098909));
#14236=CARTESIAN_POINT('',(70.499999991154,-24.7158935666084,18.8226462155581));
#14237=CARTESIAN_POINT('Ctrl Pts',(70.4999999912229,-23.5272851586342,19.0187586098909));
#14238=CARTESIAN_POINT('Ctrl Pts',(70.4999999912229,-23.7394144147475,19.0122415006986));
#14239=CARTESIAN_POINT('Ctrl Pts',(70.4999999912229,-23.9515436708609,19.0057243915062));
#14240=CARTESIAN_POINT('Ctrl Pts',(70.4999999912229,-24.1586801409721,18.9697302132845));
#14241=CARTESIAN_POINT('Ctrl Pts',(70.4999999912229,-24.3471742993836,18.9369755162098));
#14242=CARTESIAN_POINT('Ctrl Pts',(70.4999999912229,-24.531533932996,18.8798108658839));
#14243=CARTESIAN_POINT('Ctrl Pts',(70.4999999912229,-24.7158935666084,18.8226462155581));
#14244=CARTESIAN_POINT('',(70.4999999909461,-25.5702590942383,18.2309008389711));
#14245=CARTESIAN_POINT('Ctrl Pts',(70.499999991154,-24.7158935666084,18.8226462155581));
#14246=CARTESIAN_POINT('Ctrl Pts',(70.499999991154,-24.8804451005044,18.7502257814074));
#14247=CARTESIAN_POINT('Ctrl Pts',(70.499999991154,-25.0449966344005,18.6778053472568));
#14248=CARTESIAN_POINT('Ctrl Pts',(70.499999991154,-25.1895463466644,18.5766542702913));
#14249=CARTESIAN_POINT('Ctrl Pts',(70.499999991154,-25.3288315388352,18.4791871292452));
#14250=CARTESIAN_POINT('Ctrl Pts',(70.499999991154,-25.4495453165368,18.3550439841082));
#14251=CARTESIAN_POINT('Ctrl Pts',(70.499999991154,-25.5702590942383,18.2309008389711));
#14252=CARTESIAN_POINT('',(70.4999999906885,-25.9283766150475,17.4976123124361));
#14253=CARTESIAN_POINT('Ctrl Pts',(70.4999999909461,-25.5702590942383,18.2309008389711));
#14254=CARTESIAN_POINT('Ctrl Pts',(70.4999999909461,-25.6503807564259,18.1226862637356));
#14255=CARTESIAN_POINT('Ctrl Pts',(70.4999999909461,-25.7305024186135,18.0144716885001));
#14256=CARTESIAN_POINT('Ctrl Pts',(70.4999999909461,-25.789392888546,17.8958047181368));
#14257=CARTESIAN_POINT('Ctrl Pts',(70.4999999909461,-25.8514257560933,17.7708056739243));
#14258=CARTESIAN_POINT('Ctrl Pts',(70.4999999909461,-25.8899011855704,17.6342089931802));
#14259=CARTESIAN_POINT('Ctrl Pts',(70.4999999909461,-25.9283766150475,17.4976123124361));
#14260=CARTESIAN_POINT('',(70.4999999903757,-25.9999999403954,16.6074354201555));
#14261=CARTESIAN_POINT('Ctrl Pts',(70.4999999906885,-25.9283766150475,17.4976123124361));
#14262=CARTESIAN_POINT('Ctrl Pts',(70.4999999906885,-25.9491491937843,17.3725252450022));
#14263=CARTESIAN_POINT('Ctrl Pts',(70.4999999906885,-25.969921772521,17.2474381775683));
#14264=CARTESIAN_POINT('Ctrl Pts',(70.4999999906885,-25.9820941090584,17.1215892583132));
#14265=CARTESIAN_POINT('Ctrl Pts',(70.4999999906885,-25.9985806223564,16.9511363732427));
#14266=CARTESIAN_POINT('Ctrl Pts',(70.4999999906885,-25.9992902813759,16.7792858966991));
#14267=CARTESIAN_POINT('Ctrl Pts',(70.4999999906885,-25.9999999403954,16.6074354201555));
#14268=CARTESIAN_POINT('',(70.4999999897706,-25.9999999403954,14.8850614577532));
#14269=CARTESIAN_POINT('',(70.4999999874347,-25.9999999403954,8.236708226513));
#14270=CARTESIAN_POINT('',(70.4999999897706,-20.9999999403954,14.8850614577532));
#14271=CARTESIAN_POINT('',(70.4999999897706,-25.4999999701977,14.8850614577532));
#14272=CARTESIAN_POINT('',(70.4999999877517,-20.9999999403954,9.1388227370492));
#14273=CARTESIAN_POINT('',(70.4999999882511,-21.8015006184578,10.5603683739901));
#14274=CARTESIAN_POINT('',(70.4999999879204,-21.4809003472328,9.61903132498264));
#14275=CARTESIAN_POINT('Ctrl Pts',(70.4999999882511,-21.8015006184578,10.5603683739901));
#14276=CARTESIAN_POINT('Ctrl Pts',(70.4999999882511,-21.7080131267575,10.4223083967711));
#14277=CARTESIAN_POINT('Ctrl Pts',(70.4999999882511,-21.6145256350571,10.2842484195522));
#14278=CARTESIAN_POINT('Ctrl Pts',(70.4999999882511,-21.5610507130623,10.13233281672));
#14279=CARTESIAN_POINT('Ctrl Pts',(70.4999999882511,-21.5044636011867,9.97157586949273));
#14280=CARTESIAN_POINT('Ctrl Pts',(70.4999999882511,-21.4926819742098,9.79530359723769));
#14281=CARTESIAN_POINT('Ctrl Pts',(70.4999999882511,-21.4809003472328,9.61903132498264));
#14282=CARTESIAN_POINT('',(70.499999987622,-21.7162343859673,8.76978166401386));
#14283=CARTESIAN_POINT('Ctrl Pts',(70.4999999879204,-21.4809003472328,9.61903132498264));
#14284=CARTESIAN_POINT('Ctrl Pts',(70.4999999879204,-21.4907144902411,9.4693749833411));
#14285=CARTESIAN_POINT('Ctrl Pts',(70.4999999879204,-21.5005286332494,9.31971864169957));
#14286=CARTESIAN_POINT('Ctrl Pts',(70.4999999879204,-21.5397337079048,9.17820580303669));
#14287=CARTESIAN_POINT('Ctrl Pts',(70.4999999879204,-21.5789560495736,9.03663063815434));
#14288=CARTESIAN_POINT('Ctrl Pts',(70.4999999879204,-21.6475952177705,8.9032061510841));
#14289=CARTESIAN_POINT('Ctrl Pts',(70.4999999879204,-21.7162343859673,8.76978166401386));
#14290=CARTESIAN_POINT('',(70.4999999874189,-22.4273529648781,8.19167800247669));
#14291=CARTESIAN_POINT('Ctrl Pts',(70.499999987622,-21.7162343859673,8.76978166401386));
#14292=CARTESIAN_POINT('Ctrl Pts',(70.499999987622,-21.8069495639195,8.64678019158085));
#14293=CARTESIAN_POINT('Ctrl Pts',(70.499999987622,-21.8976647418718,8.52377871914783));
#14294=CARTESIAN_POINT('Ctrl Pts',(70.499999987622,-22.011681497097,8.42914387583733));
#14295=CARTESIAN_POINT('Ctrl Pts',(70.499999987622,-22.1327292865975,8.32867321632915));
#14296=CARTESIAN_POINT('Ctrl Pts',(70.499999987622,-22.2800411257378,8.26017560940292));
#14297=CARTESIAN_POINT('Ctrl Pts',(70.499999987622,-22.4273529648781,8.19167800247669));
#14298=CARTESIAN_POINT('',(70.4999999873536,-23.5409274697304,8.0057980120182));
#14299=CARTESIAN_POINT('Ctrl Pts',(70.4999999874189,-22.4273529648781,8.19167800247669));
#14300=CARTESIAN_POINT('Ctrl Pts',(70.4999999874189,-22.5981214090477,8.13751017834964));
#14301=CARTESIAN_POINT('Ctrl Pts',(70.4999999874189,-22.7688898532173,8.0833423542226));
#14302=CARTESIAN_POINT('Ctrl Pts',(70.4999999874189,-22.9436388611794,8.05226802825928));
#14303=CARTESIAN_POINT('Ctrl Pts',(70.4999999874189,-23.1394046554785,8.01745644234262));
#14304=CARTESIAN_POINT('Ctrl Pts',(70.4999999874189,-23.3401660626044,8.01162722718041));
#14305=CARTESIAN_POINT('Ctrl Pts',(70.4999999874189,-23.5409274697304,8.0057980120182));
#14306=CARTESIAN_POINT('',(70.4999999874087,-24.5010229945183,8.16268749535084));
#14307=CARTESIAN_POINT('Ctrl Pts',(70.4999999873536,-23.5409274697304,8.0057980120182));
#14308=CARTESIAN_POINT('Ctrl Pts',(70.4999999873536,-23.7044356620393,8.0122907937273));
#14309=CARTESIAN_POINT('Ctrl Pts',(70.4999999873536,-23.8679438543482,8.01878357543639));
#14310=CARTESIAN_POINT('Ctrl Pts',(70.4999999873536,-24.0282228589058,8.04502040147781));
#14311=CARTESIAN_POINT('Ctrl Pts',(70.4999999873536,-24.187961196474,8.07116872319028));
#14312=CARTESIAN_POINT('Ctrl Pts',(70.4999999873536,-24.3444920954962,8.11692810927056));
#14313=CARTESIAN_POINT('Ctrl Pts',(70.4999999873536,-24.5010229945183,8.16268749535084));
#14314=CARTESIAN_POINT('',(70.4999999875998,-25.242837369442,8.70668478310108));
#14315=CARTESIAN_POINT('Ctrl Pts',(70.4999999874087,-24.5010229945183,8.16268749535084));
#14316=CARTESIAN_POINT('Ctrl Pts',(70.4999999874087,-24.6479092800049,8.22400402998239));
#14317=CARTESIAN_POINT('Ctrl Pts',(70.4999999874087,-24.7947955654915,8.28532056461395));
#14318=CARTESIAN_POINT('Ctrl Pts',(70.4999999874087,-24.9192528426647,8.37713159620762));
#14319=CARTESIAN_POINT('Ctrl Pts',(70.4999999874087,-25.0415532486178,8.46735152299626));
#14320=CARTESIAN_POINT('Ctrl Pts',(70.4999999874087,-25.1421953090299,8.58701815304867));
#14321=CARTESIAN_POINT('Ctrl Pts',(70.4999999874087,-25.242837369442,8.70668478310108));
#14322=CARTESIAN_POINT('',(70.4999999879384,-25.5190992355347,9.67019088566303));
#14323=CARTESIAN_POINT('Ctrl Pts',(70.4999999875998,-25.242837369442,8.70668478310108));
#14324=CARTESIAN_POINT('Ctrl Pts',(70.4999999875998,-25.3233556686029,8.84810942464077));
#14325=CARTESIAN_POINT('Ctrl Pts',(70.4999999875998,-25.4038739677639,8.98953406618046));
#14326=CARTESIAN_POINT('Ctrl Pts',(70.4999999875998,-25.4500336945057,9.14111517369747));
#14327=CARTESIAN_POINT('Ctrl Pts',(70.4999999875998,-25.5012047784164,9.30915277096106));
#14328=CARTESIAN_POINT('Ctrl Pts',(70.4999999875998,-25.5101520069755,9.48967182831205));
#14329=CARTESIAN_POINT('Ctrl Pts',(70.4999999875998,-25.5190992355347,9.67019088566303));
#14330=CARTESIAN_POINT('',(70.4999999882308,-25.2701225876808,10.5023873597383));
#14331=CARTESIAN_POINT('Ctrl Pts',(70.4999999879384,-25.5190992355347,9.67019088566303));
#14332=CARTESIAN_POINT('Ctrl Pts',(70.4999999879384,-25.5110386661624,9.82701569893514));
#14333=CARTESIAN_POINT('Ctrl Pts',(70.4999999879384,-25.5029780967901,9.98384051220724));
#14334=CARTESIAN_POINT('Ctrl Pts',(70.4999999879384,-25.4568549990654,10.128922238946));
#14335=CARTESIAN_POINT('Ctrl Pts',(70.4999999879384,-25.4152540296492,10.2597794617833));
#14336=CARTESIAN_POINT('Ctrl Pts',(70.4999999879384,-25.342688308665,10.3810834107608));
#14337=CARTESIAN_POINT('Ctrl Pts',(70.4999999879384,-25.2701225876808,10.5023873597383));
#14338=CARTESIAN_POINT('',(70.4999999884081,-24.4754430651665,11.0071624070406));
#14339=CARTESIAN_POINT('Ctrl Pts',(70.4999999882308,-25.2701225876808,10.5023873597383));
#14340=CARTESIAN_POINT('Ctrl Pts',(70.4999999882308,-25.1679976638457,10.6081417310829));
#14341=CARTESIAN_POINT('Ctrl Pts',(70.4999999882308,-25.0658727400105,10.7138961024275));
#14342=CARTESIAN_POINT('Ctrl Pts',(70.4999999882308,-24.9469642341137,10.7939971238375));
#14343=CARTESIAN_POINT('Ctrl Pts',(70.4999999882308,-24.8056038323996,10.8892225450874));
#14344=CARTESIAN_POINT('Ctrl Pts',(70.4999999882308,-24.640523448783,10.948192476064));
#14345=CARTESIAN_POINT('Ctrl Pts',(70.4999999882308,-24.4754430651665,11.0071624070406));
#14346=CARTESIAN_POINT('',(70.499999988637,-24.6289220452309,11.6585949808359));
#14347=CARTESIAN_POINT('',(70.4999999871716,-23.646252884851,7.48771307852616));
#14348=CARTESIAN_POINT('',(70.4999999883865,-25.7032740116119,10.9457708150148));
#14349=CARTESIAN_POINT('Ctrl Pts',(70.499999988637,-24.6289220452309,11.6585949808359));
#14350=CARTESIAN_POINT('Ctrl Pts',(70.499999988637,-24.8445155164116,11.5815478701151));
#14351=CARTESIAN_POINT('Ctrl Pts',(70.499999988637,-25.0601089875924,11.5045007593944));
#14352=CARTESIAN_POINT('Ctrl Pts',(70.499999988637,-25.2436900138855,11.3797748833895));
#14353=CARTESIAN_POINT('Ctrl Pts',(70.499999988637,-25.4155987300739,11.2629792337931));
#14354=CARTESIAN_POINT('Ctrl Pts',(70.499999988637,-25.5594363708429,11.104375024404));
#14355=CARTESIAN_POINT('Ctrl Pts',(70.499999988637,-25.7032740116119,10.9457708150148));
#14356=CARTESIAN_POINT('',(70.4999999879432,-26.0852655768394,9.68383349478245));
#14357=CARTESIAN_POINT('Ctrl Pts',(70.4999999883865,-25.7032740116119,10.9457708150148));
#14358=CARTESIAN_POINT('Ctrl Pts',(70.4999999883865,-25.8146304556159,10.7602684215211));
#14359=CARTESIAN_POINT('Ctrl Pts',(70.4999999883865,-25.9259868996198,10.5747660280273));
#14360=CARTESIAN_POINT('Ctrl Pts',(70.4999999883865,-25.9897676110268,10.3744883090258));
#14361=CARTESIAN_POINT('Ctrl Pts',(70.4999999883865,-26.0593497079952,10.1559936676717));
#14362=CARTESIAN_POINT('Ctrl Pts',(70.4999999883865,-26.0723076424173,9.91991358122706));
#14363=CARTESIAN_POINT('Ctrl Pts',(70.4999999883865,-26.0852655768394,9.68383349478245));
#14364=CARTESIAN_POINT('',(70.4999999875172,-25.7834240794182,8.47135059535503));
#14365=CARTESIAN_POINT('Ctrl Pts',(70.4999999879432,-26.0852655768394,9.68383349478245));
#14366=CARTESIAN_POINT('Ctrl Pts',(70.4999999879432,-26.0733893198137,9.46918594398445));
#14367=CARTESIAN_POINT('Ctrl Pts',(70.4999999879432,-26.0615130627879,9.25453839318646));
#14368=CARTESIAN_POINT('Ctrl Pts',(70.4999999879432,-26.0098052024841,9.04988057911396));
#14369=CARTESIAN_POINT('Ctrl Pts',(70.4999999879432,-25.9594890512735,8.85073109857401));
#14370=CARTESIAN_POINT('Ctrl Pts',(70.4999999879432,-25.8714565653458,8.66104084696452));
#14371=CARTESIAN_POINT('Ctrl Pts',(70.4999999879432,-25.7834240794182,8.47135059535503));
#14372=CARTESIAN_POINT('',(70.4999999872188,-24.9000680446625,7.62210093438625));
#14373=CARTESIAN_POINT('Ctrl Pts',(70.4999999875172,-25.7834240794182,8.47135059535503));
#14374=CARTESIAN_POINT('Ctrl Pts',(70.4999999875172,-25.6701447958293,8.29774473495291));
#14375=CARTESIAN_POINT('Ctrl Pts',(70.4999999875172,-25.5568655122404,8.12413887455079));
#14376=CARTESIAN_POINT('Ctrl Pts',(70.4999999875172,-25.4116640985012,7.98362888395786));
#14377=CARTESIAN_POINT('Ctrl Pts',(70.4999999875172,-25.2633389956258,7.84009612988183));
#14378=CARTESIAN_POINT('Ctrl Pts',(70.4999999875172,-25.0817035201441,7.73109853213404));
#14379=CARTESIAN_POINT('Ctrl Pts',(70.4999999875172,-24.9000680446625,7.62210093438625));
#14380=CARTESIAN_POINT('',(70.4999999871139,-23.5375168919563,7.32366979122162));
#14381=CARTESIAN_POINT('Ctrl Pts',(70.4999999872188,-24.9000680446625,7.62210093438625));
#14382=CARTESIAN_POINT('Ctrl Pts',(70.4999999872188,-24.6923876124942,7.53510949433991));
#14383=CARTESIAN_POINT('Ctrl Pts',(70.4999999872188,-24.4847071803259,7.44811805429357));
#14384=CARTESIAN_POINT('Ctrl Pts',(70.4999999872188,-24.2686730623245,7.39827757701278));
#14385=CARTESIAN_POINT('Ctrl Pts',(70.4999999872188,-24.0316577374869,7.34359659873927));
#14386=CARTESIAN_POINT('Ctrl Pts',(70.4999999872188,-23.7845873147216,7.33363319498044));
#14387=CARTESIAN_POINT('Ctrl Pts',(70.4999999872188,-23.5375168919563,7.32366979122162));
#14388=CARTESIAN_POINT('',(70.4999999872068,-22.1971347928047,7.58799448609352));
#14389=CARTESIAN_POINT('Ctrl Pts',(70.4999999871139,-23.5375168919563,7.32366979122162));
#14390=CARTESIAN_POINT('Ctrl Pts',(70.4999999871139,-23.30413049287,7.33404409243848));
#14391=CARTESIAN_POINT('Ctrl Pts',(70.4999999871139,-23.0707440937837,7.34441839365535));
#14392=CARTESIAN_POINT('Ctrl Pts',(70.4999999871139,-22.8443038463593,7.38975096493959));
#14393=CARTESIAN_POINT('Ctrl Pts',(70.4999999871139,-22.6242058288607,7.43381384325413));
#14394=CARTESIAN_POINT('Ctrl Pts',(70.4999999871139,-22.4106703108327,7.51090416467382));
#14395=CARTESIAN_POINT('Ctrl Pts',(70.4999999871139,-22.1971347928047,7.58799448609352));
#14396=CARTESIAN_POINT('',(70.4999999874776,-21.2438610196114,8.35879929363728));
#14397=CARTESIAN_POINT('Ctrl Pts',(70.4999999872068,-22.1971347928047,7.58799448609352));
#14398=CARTESIAN_POINT('Ctrl Pts',(70.4999999872068,-22.0031962793819,7.68345172346895));
#14399=CARTESIAN_POINT('Ctrl Pts',(70.4999999872068,-21.809257765959,7.77890896084437));
#14400=CARTESIAN_POINT('Ctrl Pts',(70.4999999872068,-21.646743118763,7.91285803541541));
#14401=CARTESIAN_POINT('Ctrl Pts',(70.4999999872068,-21.4939252108073,8.03881478886333));
#14402=CARTESIAN_POINT('Ctrl Pts',(70.4999999872068,-21.3688931152093,8.1988070412503));
#14403=CARTESIAN_POINT('Ctrl Pts',(70.4999999872068,-21.2438610196114,8.35879929363728));
#14404=CARTESIAN_POINT('',(70.4999999879396,-20.9147337079048,9.67360146343708));
#14405=CARTESIAN_POINT('Ctrl Pts',(70.4999999874776,-21.2438610196114,8.35879929363728));
#14406=CARTESIAN_POINT('Ctrl Pts',(70.4999999874776,-21.1480162063729,8.54922241693849));
#14407=CARTESIAN_POINT('Ctrl Pts',(70.4999999874776,-21.0521713931344,8.7396455402397));
#14408=CARTESIAN_POINT('Ctrl Pts',(70.4999999874776,-20.9970155358315,8.94074000418186));
#14409=CARTESIAN_POINT('Ctrl Pts',(70.4999999874776,-20.9326686339642,9.17534438475118));
#14410=CARTESIAN_POINT('Ctrl Pts',(70.4999999874776,-20.9237011709345,9.42447292409413));
#14411=CARTESIAN_POINT('Ctrl Pts',(70.4999999874776,-20.9147337079048,9.67360146343708));
#14412=CARTESIAN_POINT('',(70.4999999884039,-21.3427695631981,10.9952250868082));
#14413=CARTESIAN_POINT('Ctrl Pts',(70.4999999879396,-20.9147337079048,9.67360146343708));
#14414=CARTESIAN_POINT('Ctrl Pts',(70.4999999879396,-20.9300271897264,9.92064132634485));
#14415=CARTESIAN_POINT('Ctrl Pts',(70.4999999879396,-20.945320671548,10.1676811892526));
#14416=CARTESIAN_POINT('Ctrl Pts',(70.4999999879396,-21.021743118763,10.3945259004831));
#14417=CARTESIAN_POINT('Ctrl Pts',(70.4999999879396,-21.0931614741056,10.6065169683522));
#14418=CARTESIAN_POINT('Ctrl Pts',(70.4999999879396,-21.2179655186519,10.8008710275802));
#14419=CARTESIAN_POINT('Ctrl Pts',(70.4999999879396,-21.3427695631981,10.9952250868082));
#14420=CARTESIAN_POINT('',(70.4999999886669,-22.5859478116035,11.7438609153032));
#14421=CARTESIAN_POINT('Ctrl Pts',(70.4999999884039,-21.3427695631981,10.9952250868082));
#14422=CARTESIAN_POINT('Ctrl Pts',(70.4999999884039,-21.5082123566373,11.1631600927821));
#14423=CARTESIAN_POINT('Ctrl Pts',(70.4999999884039,-21.6736551500766,11.3310950987559));
#14424=CARTESIAN_POINT('Ctrl Pts',(70.4999999884039,-21.8675819039345,11.4526773244143));
#14425=CARTESIAN_POINT('Ctrl Pts',(70.4999999884039,-22.0834974714126,11.5880454194606));
#14426=CARTESIAN_POINT('Ctrl Pts',(70.4999999884039,-22.3347226415081,11.6659531673819));
#14427=CARTESIAN_POINT('Ctrl Pts',(70.4999999884039,-22.5859478116035,11.7438609153032));
#14428=CARTESIAN_POINT('',(70.4999999884345,-22.7530691027641,11.0821966081858));
#14429=CARTESIAN_POINT('',(70.4999999865644,-24.097428924091,5.75962577644144));
#14430=CARTESIAN_POINT('Ctrl Pts',(70.4999999884345,-22.7530691027641,11.0821966081858));
#14431=CARTESIAN_POINT('Ctrl Pts',(70.4999999884345,-22.5599892171459,11.0312701779292));
#14432=CARTESIAN_POINT('Ctrl Pts',(70.4999999884345,-22.3669093315276,10.9803437476727));
#14433=CARTESIAN_POINT('Ctrl Pts',(70.4999999884345,-22.1996930241585,10.8835265785456));
#14434=CARTESIAN_POINT('Ctrl Pts',(70.4999999884345,-22.0538450251909,10.7990815228864));
#14435=CARTESIAN_POINT('Ctrl Pts',(70.4999999884345,-21.9276728218244,10.6797249484382));
#14436=CARTESIAN_POINT('Ctrl Pts',(70.4999999884345,-21.8015006184578,10.5603683739901));
#14437=CARTESIAN_POINT('Origin',(70.5,-30.,44.));
#14438=CARTESIAN_POINT('',(59.5,-17.,43.9999999850988));
#14439=CARTESIAN_POINT('',(59.5,-30.,43.9999999850988));
#14440=CARTESIAN_POINT('',(59.5,-15.,43.9999999850988));
#14441=CARTESIAN_POINT('',(59.5,-30.,43.9999999850988));
#14442=CARTESIAN_POINT('',(70.5,-15.,44.));
#14443=CARTESIAN_POINT('Origin',(59.5,-30.,45.));
#14444=CARTESIAN_POINT('',(59.5,-17.,43.));
#14445=CARTESIAN_POINT('',(59.5,-30.,43.));
#14446=CARTESIAN_POINT('',(59.5,-17.,45.));
#14447=CARTESIAN_POINT('Origin',(59.5,-30.,43.));
#14448=CARTESIAN_POINT('',(35.5,-17.,43.));
#14449=CARTESIAN_POINT('',(35.5,-24.,43.));
#14450=CARTESIAN_POINT('',(59.5,-17.,43.));
#14451=CARTESIAN_POINT('Origin',(35.5,-18.,60.));
#14452=CARTESIAN_POINT('',(35.5,-17.,8.49999999999999));
#14453=CARTESIAN_POINT('Origin',(-36.5,-29.,59.));
#14454=CARTESIAN_POINT('',(-36.5,-17.,43.));
#14455=CARTESIAN_POINT('',(-36.5,-29.5,43.));
#14456=CARTESIAN_POINT('',(-36.5,-17.,8.49999999999999));
#14457=CARTESIAN_POINT('Ctrl Pts',(-0.31718946993351,-47.5,-58.4549796581268));
#14458=CARTESIAN_POINT('Ctrl Pts',(-0.31718946993351,-20.,-58.4549796581268));
#14459=CARTESIAN_POINT('Ctrl Pts',(-0.146640907378903,-47.5,-58.1720270613627));
#14460=CARTESIAN_POINT('Ctrl Pts',(-0.146640907378903,-20.,-58.1720270613627));
#14461=CARTESIAN_POINT('Ctrl Pts',(0.237596551638486,-47.5,-57.534548884036));
#14462=CARTESIAN_POINT('Ctrl Pts',(0.237596551638486,-20.,-57.534548884036));
#14463=CARTESIAN_POINT('Ctrl Pts',(0.258062390119735,-47.5,-56.7868826182317));
#14464=CARTESIAN_POINT('Ctrl Pts',(0.258062390119735,-20.,-56.7868826182317));
#14465=CARTESIAN_POINT('Ctrl Pts',(0.269444212317467,-47.5,-56.371077299118));
#14466=CARTESIAN_POINT('Ctrl Pts',(0.269444212317467,-20.,-56.371077299118));
#14467=CARTESIAN_POINT('',(-0.31718946993351,-30.,-58.4549796581268));
#14468=CARTESIAN_POINT('Ctrl Pts',(-0.293314233422279,-47.5,-54.2769432067871));
#14469=CARTESIAN_POINT('Ctrl Pts',(-0.293314233422279,-20.,-54.2769432067871));
#14470=CARTESIAN_POINT('Ctrl Pts',(-0.486797038662545,-47.5,-54.0800236555551));
#14471=CARTESIAN_POINT('Ctrl Pts',(-0.486797038662545,-20.,-54.0800236555551));
#14472=CARTESIAN_POINT('Ctrl Pts',(-0.863261674309772,-47.5,-53.6968720519059));
#14473=CARTESIAN_POINT('Ctrl Pts',(-0.863261674309772,-20.,-53.6968720519059));
#14474=CARTESIAN_POINT('Ctrl Pts',(-1.39547555444693,-47.5,-53.6327856765781));
#14475=CARTESIAN_POINT('Ctrl Pts',(-1.39547555444693,-20.,-53.6327856765781));
#14476=CARTESIAN_POINT('Ctrl Pts',(-1.65415979921818,-47.5,-53.6016362905502));
#14477=CARTESIAN_POINT('Ctrl Pts',(-1.65415979921818,-20.,-53.6016362905502));
#14478=CARTESIAN_POINT('',(-1.65415979921818,-30.,-53.6016362905502));
#14479=CARTESIAN_POINT('Ctrl Pts',(-1.65415979921818,-47.5,-53.6016362905502));
#14480=CARTESIAN_POINT('Ctrl Pts',(-1.65415979921818,-20.,-53.6016362905502));
#14481=CARTESIAN_POINT('Ctrl Pts',(-1.91663862569545,-47.5,-53.6347671195082));
#14482=CARTESIAN_POINT('Ctrl Pts',(-1.91663862569545,-20.,-53.6347671195082));
#14483=CARTESIAN_POINT('Ctrl Pts',(-2.46131851221279,-47.5,-53.7035181742094));
#14484=CARTESIAN_POINT('Ctrl Pts',(-2.46131851221279,-20.,-53.7035181742094));
#14485=CARTESIAN_POINT('Ctrl Pts',(-2.84625966027099,-47.5,-54.0969691534394));
#14486=CARTESIAN_POINT('Ctrl Pts',(-2.84625966027099,-20.,-54.0969691534394));
#14487=CARTESIAN_POINT('Ctrl Pts',(-3.04569937288761,-47.5,-54.3008178472519));
#14488=CARTESIAN_POINT('Ctrl Pts',(-3.04569937288761,-20.,-54.3008178472519));
#14489=CARTESIAN_POINT('',(-3.04569937288761,-30.,-54.3008178472519));
#14490=CARTESIAN_POINT('Ctrl Pts',(-3.04569937288761,-47.5,-54.3008178472519));
#14491=CARTESIAN_POINT('Ctrl Pts',(-3.04569937288761,-20.,-54.3008178472519));
#14492=CARTESIAN_POINT('Ctrl Pts',(-3.21635403811034,-47.5,-54.5784663555225));
#14493=CARTESIAN_POINT('Ctrl Pts',(-3.21635403811034,-20.,-54.5784663555225));
#14494=CARTESIAN_POINT('Ctrl Pts',(-3.59576148799529,-47.5,-55.1957475318082));
#14495=CARTESIAN_POINT('Ctrl Pts',(-3.59576148799529,-20.,-55.1957475318082));
#14496=CARTESIAN_POINT('Ctrl Pts',(-3.61935289083608,-47.5,-55.9231214883406));
#14497=CARTESIAN_POINT('Ctrl Pts',(-3.61935289083608,-20.,-55.9231214883406));
#14498=CARTESIAN_POINT('Ctrl Pts',(-3.63233305513859,-47.5,-56.3233280181885));
#14499=CARTESIAN_POINT('Ctrl Pts',(-3.63233305513859,-20.,-56.3233280181885));
#14500=CARTESIAN_POINT('Ctrl Pts',(-3.62005425734763,-37.,-56.0066560111256));
#14501=CARTESIAN_POINT('Ctrl Pts',(-3.62005425734763,-36.3333333333333,
-56.0066560111256));
#14502=CARTESIAN_POINT('Ctrl Pts',(-3.62005425734763,-35.6666666666667,
-56.0066560111256));
#14503=CARTESIAN_POINT('Ctrl Pts',(-3.62005425734763,-35.,-56.0066560111256));
#14504=CARTESIAN_POINT('Ctrl Pts',(-3.27762342989445,-47.5,-58.2060027122498));
#14505=CARTESIAN_POINT('Ctrl Pts',(-3.27762342989445,-20.,-58.2060027122498));
#14506=CARTESIAN_POINT('Ctrl Pts',(-3.07353127032369,-47.5,-58.4824461048342));
#14507=CARTESIAN_POINT('Ctrl Pts',(-3.07353127032369,-20.,-58.4824461048342));
#14508=CARTESIAN_POINT('Ctrl Pts',(-2.67932454402604,-47.5,-59.016400201976));
#14509=CARTESIAN_POINT('Ctrl Pts',(-2.67932454402604,-20.,-59.016400201976));
#14510=CARTESIAN_POINT('Ctrl Pts',(-2.02452164817309,-47.5,-59.1093393410016));
#14511=CARTESIAN_POINT('Ctrl Pts',(-2.02452164817309,-20.,-59.1093393410016));
#14512=CARTESIAN_POINT('Ctrl Pts',(-1.70872904360294,-47.5,-59.1541612148285));
#14513=CARTESIAN_POINT('Ctrl Pts',(-1.70872904360294,-20.,-59.1541612148285));
#14514=CARTESIAN_POINT('',(-1.70872904360294,-30.,-59.1541612148285));
#14515=CARTESIAN_POINT('Ctrl Pts',(-1.70872904360294,-47.5,-59.1541612148285));
#14516=CARTESIAN_POINT('Ctrl Pts',(-1.70872904360294,-20.,-59.1541612148285));
#14517=CARTESIAN_POINT('Ctrl Pts',(-1.44625021712568,-47.5,-59.1210303858705));
#14518=CARTESIAN_POINT('Ctrl Pts',(-1.44625021712568,-20.,-59.1210303858705));
#14519=CARTESIAN_POINT('Ctrl Pts',(-0.901570330608346,-47.5,-59.0522793311693));
#14520=CARTESIAN_POINT('Ctrl Pts',(-0.901570330608346,-20.,-59.0522793311693));
#14521=CARTESIAN_POINT('Ctrl Pts',(-0.516629182550123,-47.5,-58.6588283519393));
#14522=CARTESIAN_POINT('Ctrl Pts',(-0.516629182550123,-20.,-58.6588283519393));
#14523=CARTESIAN_POINT('Ctrl Pts',(-0.31718946993351,-47.5,-58.4549796581268));
#14524=CARTESIAN_POINT('Ctrl Pts',(-0.31718946993351,-20.,-58.4549796581268));
#14525=CARTESIAN_POINT('Origin',(-4.75784279406071,-30.,-56.0066560111256));
#14526=CARTESIAN_POINT('Origin',(72.5,-23.7499999068677,16.9519100338221));
#14527=CARTESIAN_POINT('',(72.5,-23.4999999031425,15.5467260628939));
#14528=CARTESIAN_POINT('',(72.5,-23.999999910593,15.5467260628939));
#14529=CARTESIAN_POINT('',(72.5,-24.5799794327468,15.5467260628939));
#14530=CARTESIAN_POINT('',(72.5,-23.4999999031425,14.8850614577532));
#14531=CARTESIAN_POINT('',(72.5,-23.4999999031425,19.5000002905726));
#14532=CARTESIAN_POINT('',(72.5,-23.999999910593,14.8850614577532));
#14533=CARTESIAN_POINT('',(72.5,-22.3749999236315,14.8850614577532));
#14534=CARTESIAN_POINT('',(72.5,-23.999999910593,14.5000002160668));
#14535=CARTESIAN_POINT('Origin',(73.5,-23.999999910593,14.8850614577532));
#14536=CARTESIAN_POINT('',(73.5,-23.999999910593,15.5467260628939));
#14537=CARTESIAN_POINT('',(73.5,-23.999999910593,14.8850614577532));
#14538=CARTESIAN_POINT('Origin',(73.5,-23.999999910593,14.8850614577532));
#14539=CARTESIAN_POINT('',(72.5,-23.999999910593,18.3130349424679));
#14540=CARTESIAN_POINT('Ctrl Pts',(73.5,-23.999999910593,18.3130349424679));
#14541=CARTESIAN_POINT('Ctrl Pts',(73.1666666666667,-23.999999910593,18.3130349424679));
#14542=CARTESIAN_POINT('Ctrl Pts',(72.8333333333333,-23.999999910593,18.3130349424679));
#14543=CARTESIAN_POINT('Ctrl Pts',(72.5,-23.999999910593,18.3130349424679));
#14544=CARTESIAN_POINT('',(72.5,-23.999999910593,18.9919309617455));
#14545=CARTESIAN_POINT('Ctrl Pts',(72.5,-23.999999910593,18.9919309617455));
#14546=CARTESIAN_POINT('Ctrl Pts',(72.8333333333333,-23.999999910593,18.9919309617455));
#14547=CARTESIAN_POINT('Ctrl Pts',(73.1666666666667,-23.999999910593,18.9919309617455));
#14548=CARTESIAN_POINT('Ctrl Pts',(73.5,-23.999999910593,18.9919309617455));
#14549=CARTESIAN_POINT('',(72.5,-23.999999910593,14.5000002160668));
#14550=CARTESIAN_POINT('Origin',(73.5,-23.4999999031425,19.0181138856728));
#14551=CARTESIAN_POINT('',(72.5,-23.4999999031425,18.3358550826217));
#14552=CARTESIAN_POINT('Ctrl Pts',(72.5,-23.4999999031425,18.3358550826217));
#14553=CARTESIAN_POINT('Ctrl Pts',(72.8333333333333,-23.4999999031425,18.3358550826217));
#14554=CARTESIAN_POINT('Ctrl Pts',(73.1666666666667,-23.4999999031425,18.3358550826217));
#14555=CARTESIAN_POINT('Ctrl Pts',(73.5,-23.4999999031425,18.3358550826217));
#14556=CARTESIAN_POINT('',(72.5,-23.4999999031425,19.0181138856728));
#14557=CARTESIAN_POINT('',(72.5,-23.4999999031425,19.5000002905726));
#14558=CARTESIAN_POINT('Ctrl Pts',(73.5,-23.4999999031425,19.0181138856728));
#14559=CARTESIAN_POINT('Ctrl Pts',(73.1666666666667,-23.4999999031425,19.0181138856728));
#14560=CARTESIAN_POINT('Ctrl Pts',(72.8333333333333,-23.4999999031425,19.0181138856728));
#14561=CARTESIAN_POINT('Ctrl Pts',(72.5,-23.4999999031425,19.0181138856728));
#14562=CARTESIAN_POINT('Origin',(73.5,-23.4999999031425,19.0181138856728));
#14563=CARTESIAN_POINT('',(73.5,-23.4999999031425,15.5467260628939));
#14564=CARTESIAN_POINT('',(73.5,-23.4999999031425,14.8850614577532));
#14565=CARTESIAN_POINT('Origin',(72.5,-23.7499999068677,16.9519100338221));
#14566=CARTESIAN_POINT('',(72.5,-23.5375168919563,18.3366299420595));
#14567=CARTESIAN_POINT('Ctrl Pts',(72.5,-23.999999910593,18.3130349424679));
#14568=CARTESIAN_POINT('Ctrl Pts',(72.5,-23.8679017657274,18.3283613211701));
#14569=CARTESIAN_POINT('Ctrl Pts',(72.5,-23.725972571563,18.3330073827618));
#14570=CARTESIAN_POINT('Ctrl Pts',(72.5,-23.5375168919563,18.3366299420595));
#14571=CARTESIAN_POINT('',(72.5,-23.5272851586342,19.0187586098909));
#14572=CARTESIAN_POINT('Ctrl Pts',(72.5,-23.5272851586342,19.0187586098909));
#14573=CARTESIAN_POINT('Ctrl Pts',(72.5,-23.6855478662635,19.0138964076394));
#14574=CARTESIAN_POINT('Ctrl Pts',(72.5,-23.8438105738928,19.0090342053878));
#14575=CARTESIAN_POINT('Ctrl Pts',(72.5,-23.9999999105229,18.9919309617532));
#14576=CARTESIAN_POINT('Ctrl Pts',(72.5,-23.4999999031425,19.0181138856728));
#14577=CARTESIAN_POINT('Ctrl Pts',(72.5,-23.5090947482697,19.0183305612546));
#14578=CARTESIAN_POINT('Ctrl Pts',(72.5,-23.5181899534519,19.0185445855728));
#14579=CARTESIAN_POINT('Ctrl Pts',(72.5,-23.5272851586342,19.0187586098909));
#14580=CARTESIAN_POINT('Ctrl Pts',(72.5,-23.5375168919563,18.3366299420595));
#14581=CARTESIAN_POINT('Ctrl Pts',(72.5,-23.5250108514126,18.3363743064956));
#14582=CARTESIAN_POINT('Ctrl Pts',(72.5,-23.5125048108689,18.3361186709317));
#14583=CARTESIAN_POINT('Ctrl Pts',(72.5,-23.4999999031425,18.3358550826217));
#14584=CARTESIAN_POINT('Ctrl Pts',(73.5,-23.5375168919563,18.3366299420595));
#14585=CARTESIAN_POINT('Ctrl Pts',(58.5,-23.5375168919563,18.3366299420595));
#14586=CARTESIAN_POINT('Ctrl Pts',(73.5,-23.7726356537921,18.3321104090928));
#14587=CARTESIAN_POINT('Ctrl Pts',(58.5,-23.7726356537921,18.3321104090928));
#14588=CARTESIAN_POINT('Ctrl Pts',(73.5,-24.1924534477412,18.3240405283867));
#14589=CARTESIAN_POINT('Ctrl Pts',(58.5,-24.1924534477412,18.3240405283867));
#14590=CARTESIAN_POINT('Ctrl Pts',(73.5,-24.5749147558932,18.1539559406361));
#14591=CARTESIAN_POINT('Ctrl Pts',(58.5,-24.5749147558932,18.1539559406361));
#14592=CARTESIAN_POINT('Ctrl Pts',(73.5,-24.7431787848473,18.0791271477938));
#14593=CARTESIAN_POINT('Ctrl Pts',(58.5,-24.7431787848473,18.0791271477938));
#14594=CARTESIAN_POINT('',(70.4999999909833,-23.5375168919563,18.3366299420595));
#14595=CARTESIAN_POINT('',(73.5,-23.5375168919563,18.3366299420595));
#14596=CARTESIAN_POINT('',(70.4999999908928,-24.7431787848473,18.0791271477938));
#14597=CARTESIAN_POINT('Ctrl Pts',(70.4999999908928,-24.7431787848473,18.0791271477938));
#14598=CARTESIAN_POINT('Ctrl Pts',(70.4999999908928,-24.5749147558932,18.1539559406361));
#14599=CARTESIAN_POINT('Ctrl Pts',(70.4999999908928,-24.4066507269391,18.2287847334784));
#14600=CARTESIAN_POINT('Ctrl Pts',(70.4999999908928,-24.2311561107635,18.2722545415163));
#14601=CARTESIAN_POINT('Ctrl Pts',(70.4999999908928,-24.0077544156278,18.327590876126));
#14602=CARTESIAN_POINT('Ctrl Pts',(70.4999999908928,-23.7726356537921,18.3321104090928));
#14603=CARTESIAN_POINT('Ctrl Pts',(70.4999999908928,-23.5375168919563,18.3366299420595));
#14604=CARTESIAN_POINT('',(73.5,-24.7431787848473,18.0791271477938));
#14605=CARTESIAN_POINT('Ctrl Pts',(73.5,-22.5740107893944,18.2053209096193));
#14606=CARTESIAN_POINT('Ctrl Pts',(58.5,-22.5740107893944,18.2053209096193));
#14607=CARTESIAN_POINT('Ctrl Pts',(73.5,-22.7197553885016,18.2435597250574));
#14608=CARTESIAN_POINT('Ctrl Pts',(58.5,-22.7197553885016,18.2435597250574));
#14609=CARTESIAN_POINT('Ctrl Pts',(73.5,-23.0353636576292,18.326365444294));
#14610=CARTESIAN_POINT('Ctrl Pts',(58.5,-23.0353636576292,18.326365444294));
#14611=CARTESIAN_POINT('Ctrl Pts',(73.5,-23.3618165385124,18.3330384569071));
#14612=CARTESIAN_POINT('Ctrl Pts',(58.5,-23.3618165385124,18.3330384569071));
#14613=CARTESIAN_POINT('Ctrl Pts',(73.5,-23.5375168919563,18.3366299420595));
#14614=CARTESIAN_POINT('Ctrl Pts',(58.5,-23.5375168919563,18.3366299420595));
#14615=CARTESIAN_POINT('',(70.4999999909372,-22.5740107893944,18.2053209096193));
#14616=CARTESIAN_POINT('',(73.5,-22.5740107893944,18.2053209096193));
#14617=CARTESIAN_POINT('Ctrl Pts',(70.4999999909833,-23.5375168919563,18.3366299420595));
#14618=CARTESIAN_POINT('Ctrl Pts',(70.4999999909833,-23.3618165385124,18.3330384569071));
#14619=CARTESIAN_POINT('Ctrl Pts',(70.4999999909833,-23.1861161850684,18.3294469717547));
#14620=CARTESIAN_POINT('Ctrl Pts',(70.4999999909833,-23.0135571956635,18.303802087903));
#14621=CARTESIAN_POINT('Ctrl Pts',(70.4999999909833,-22.8654999876087,18.2817985404955));
#14622=CARTESIAN_POINT('Ctrl Pts',(70.4999999909833,-22.7197553885016,18.2435597250574));
#14623=CARTESIAN_POINT('Ctrl Pts',(70.4999999909833,-22.5740107893944,18.2053209096193));
#14624=CARTESIAN_POINT('Origin',(70.4999999850988,-30.,1.58835499421879));
#14625=CARTESIAN_POINT('',(70.4999999900031,-25.4099589586258,15.5467260628939));
#14626=CARTESIAN_POINT('',(70.4999999903721,-25.4099589586258,16.5972030907869));
#14627=CARTESIAN_POINT('',(70.4999999877355,-25.4099589586258,9.09277904302988));
#14628=CARTESIAN_POINT('',(70.4999999906729,-25.307639837265,17.4532748013735));
#14629=CARTESIAN_POINT('Ctrl Pts',(70.4999999903721,-25.4099589586258,16.5972030907869));
#14630=CARTESIAN_POINT('Ctrl Pts',(70.4999999903721,-25.4097263738228,16.7679998267339));
#14631=CARTESIAN_POINT('Ctrl Pts',(70.4999999903721,-25.4094937890199,16.9387965626809));
#14632=CARTESIAN_POINT('Ctrl Pts',(70.4999999903721,-25.384379029274,17.1062410622835));
#14633=CARTESIAN_POINT('Ctrl Pts',(70.4999999903721,-25.3668656673332,17.2230057120832));
#14634=CARTESIAN_POINT('Ctrl Pts',(70.4999999903721,-25.3372527522991,17.3381402567283));
#14635=CARTESIAN_POINT('Ctrl Pts',(70.4999999903721,-25.307639837265,17.4532748013735));
#14636=CARTESIAN_POINT('Ctrl Pts',(70.4999999906729,-25.307639837265,17.4532748013735));
#14637=CARTESIAN_POINT('Ctrl Pts',(70.4999999906729,-25.2444979747961,17.573689335966));
#14638=CARTESIAN_POINT('Ctrl Pts',(70.4999999906729,-25.1813561123271,17.6941038705585));
#14639=CARTESIAN_POINT('Ctrl Pts',(70.4999999906729,-25.0949010252953,17.7939117699862));
#14640=CARTESIAN_POINT('Ctrl Pts',(70.4999999906729,-24.9974196549111,17.9064489398092));
#14641=CARTESIAN_POINT('Ctrl Pts',(70.4999999906729,-24.8702992198792,17.9927880438015));
#14642=CARTESIAN_POINT('Ctrl Pts',(70.4999999906729,-24.7431787848473,18.0791271477938));
#14643=CARTESIAN_POINT('',(70.4999999908083,-21.9413366913795,17.8386760503054));
#14644=CARTESIAN_POINT('Ctrl Pts',(70.4999999909372,-22.5740107893944,18.2053209096193));
#14645=CARTESIAN_POINT('Ctrl Pts',(70.4999999909372,-22.4509873166898,18.1598064824894));
#14646=CARTESIAN_POINT('Ctrl Pts',(70.4999999909372,-22.3279638439853,18.1142920553594));
#14647=CARTESIAN_POINT('Ctrl Pts',(70.4999999909372,-22.2171726822853,18.0480051785707));
#14648=CARTESIAN_POINT('Ctrl Pts',(70.4999999909371,-22.1187978891997,17.9891470739321));
#14649=CARTESIAN_POINT('Ctrl Pts',(70.4999999909372,-22.0300672902896,17.9139115621187));
#14650=CARTESIAN_POINT('Ctrl Pts',(70.4999999909372,-21.9413366913795,17.8386760503054));
#14651=CARTESIAN_POINT('',(70.4999999906507,-21.6821280121803,17.3901773244143));
#14652=CARTESIAN_POINT('Ctrl Pts',(70.4999999908083,-21.9413366913795,17.8386760503054));
#14653=CARTESIAN_POINT('Ctrl Pts',(70.4999999908083,-21.8879782669054,17.7757403881034));
#14654=CARTESIAN_POINT('Ctrl Pts',(70.4999999908083,-21.8346198424313,17.7128047259015));
#14655=CARTESIAN_POINT('Ctrl Pts',(70.4999999908083,-21.7929735779762,17.642991617322));
#14656=CARTESIAN_POINT('Ctrl Pts',(70.4999999908083,-21.7461585177426,17.5645138732552));
#14657=CARTESIAN_POINT('Ctrl Pts',(70.4999999908083,-21.7141432649615,17.4773455988347));
#14658=CARTESIAN_POINT('Ctrl Pts',(70.4999999908083,-21.6821280121803,17.3901773244143));
#14659=CARTESIAN_POINT('',(70.4999999903781,-21.5900406241417,16.6142565757036));
#14660=CARTESIAN_POINT('Ctrl Pts',(70.4999999906507,-21.6821280121803,17.3901773244143));
#14661=CARTESIAN_POINT('Ctrl Pts',(70.4999999906507,-21.6553802338255,17.2790997254511));
#14662=CARTESIAN_POINT('Ctrl Pts',(70.4999999906507,-21.6286324554706,17.168022126488));
#14663=CARTESIAN_POINT('Ctrl Pts',(70.4999999906507,-21.6130623221397,17.0555079728365));
#14664=CARTESIAN_POINT('Ctrl Pts',(70.4999999906507,-21.5929298874378,16.9100253489374));
#14665=CARTESIAN_POINT('Ctrl Pts',(70.4999999906507,-21.5914852557897,16.7621409623205));
#14666=CARTESIAN_POINT('Ctrl Pts',(70.4999999906507,-21.5900406241417,16.6142565757036));
#14667=CARTESIAN_POINT('',(70.4999999900031,-21.5900406241417,15.5467260628939));
#14668=CARTESIAN_POINT('',(70.499999987551,-21.5900406241417,8.56754052908335));
#14669=CARTESIAN_POINT('',(70.4999999900031,-27.7049794793129,15.5467260628939));
#14670=CARTESIAN_POINT('Ctrl Pts',(73.5,-24.7431787848473,18.0791271477938));
#14671=CARTESIAN_POINT('Ctrl Pts',(58.5,-24.7431787848473,18.0791271477938));
#14672=CARTESIAN_POINT('Ctrl Pts',(73.5,-24.8702992198792,17.9927880438015));
#14673=CARTESIAN_POINT('Ctrl Pts',(58.5,-24.8702992198792,17.9927880438015));
#14674=CARTESIAN_POINT('Ctrl Pts',(73.5,-25.1101612816537,17.8298757984953));
#14675=CARTESIAN_POINT('Ctrl Pts',(58.5,-25.1101612816537,17.8298757984953));
#14676=CARTESIAN_POINT('Ctrl Pts',(73.5,-25.2444979747961,17.573689335966));
#14677=CARTESIAN_POINT('Ctrl Pts',(58.5,-25.2444979747961,17.573689335966));
#14678=CARTESIAN_POINT('Ctrl Pts',(73.5,-25.307639837265,17.4532748013735));
#14679=CARTESIAN_POINT('Ctrl Pts',(58.5,-25.307639837265,17.4532748013735));
#14680=CARTESIAN_POINT('',(73.5,-25.307639837265,17.4532748013735));
#14681=CARTESIAN_POINT('Ctrl Pts',(73.5,-25.307639837265,17.4532748013735));
#14682=CARTESIAN_POINT('Ctrl Pts',(58.5,-25.307639837265,17.4532748013735));
#14683=CARTESIAN_POINT('Ctrl Pts',(73.5,-25.3372527522991,17.3381402567283));
#14684=CARTESIAN_POINT('Ctrl Pts',(58.5,-25.3372527522991,17.3381402567283));
#14685=CARTESIAN_POINT('Ctrl Pts',(73.5,-25.4093315998579,17.0578988389998));
#14686=CARTESIAN_POINT('Ctrl Pts',(58.5,-25.4093315998579,17.0578988389998));
#14687=CARTESIAN_POINT('Ctrl Pts',(73.5,-25.4097263738228,16.7679998267339));
#14688=CARTESIAN_POINT('Ctrl Pts',(58.5,-25.4097263738228,16.7679998267339));
#14689=CARTESIAN_POINT('Ctrl Pts',(73.5,-25.4099589586258,16.5972030907869));
#14690=CARTESIAN_POINT('Ctrl Pts',(58.5,-25.4099589586258,16.5972030907869));
#14691=CARTESIAN_POINT('',(73.5,-25.4099589586258,16.5972030907869));
#14692=CARTESIAN_POINT('Origin',(73.5,-25.4099589586258,16.5972030907869));
#14693=CARTESIAN_POINT('',(73.5,-25.4099589586258,15.5467260628939));
#14694=CARTESIAN_POINT('Origin',(73.5,-25.4099589586258,15.5467260628939));
#14695=CARTESIAN_POINT('',(73.5,-21.5900406241417,15.5467260628939));
#14696=CARTESIAN_POINT('Origin',(73.5,-21.5900406241417,15.5467260628939));
#14697=CARTESIAN_POINT('',(73.5,-21.5900406241417,16.6142565757036));
#14698=CARTESIAN_POINT('Ctrl Pts',(73.5,-21.5900406241417,16.6142565757036));
#14699=CARTESIAN_POINT('Ctrl Pts',(58.5,-21.5900406241417,16.6142565757036));
#14700=CARTESIAN_POINT('Ctrl Pts',(73.5,-21.5914852557897,16.7621409623205));
#14701=CARTESIAN_POINT('Ctrl Pts',(58.5,-21.5914852557897,16.7621409623205));
#14702=CARTESIAN_POINT('Ctrl Pts',(73.5,-21.5940471446253,17.0243969910795));
#14703=CARTESIAN_POINT('Ctrl Pts',(58.5,-21.5940471446253,17.0243969910795));
#14704=CARTESIAN_POINT('Ctrl Pts',(73.5,-21.6553802338255,17.2790997254511));
#14705=CARTESIAN_POINT('Ctrl Pts',(58.5,-21.6553802338255,17.2790997254511));
#14706=CARTESIAN_POINT('Ctrl Pts',(73.5,-21.6821280121803,17.3901773244143));
#14707=CARTESIAN_POINT('Ctrl Pts',(58.5,-21.6821280121803,17.3901773244143));
#14708=CARTESIAN_POINT('',(73.5,-21.6821280121803,17.3901773244143));
#14709=CARTESIAN_POINT('Ctrl Pts',(73.5,-21.6821280121803,17.3901773244143));
#14710=CARTESIAN_POINT('Ctrl Pts',(58.5,-21.6821280121803,17.3901773244143));
#14711=CARTESIAN_POINT('Ctrl Pts',(73.5,-21.7141432649615,17.4773455988347));
#14712=CARTESIAN_POINT('Ctrl Pts',(58.5,-21.7141432649615,17.4773455988347));
#14713=CARTESIAN_POINT('Ctrl Pts',(73.5,-21.7746390040919,17.6420580009462));
#14714=CARTESIAN_POINT('Ctrl Pts',(58.5,-21.7746390040919,17.6420580009462));
#14715=CARTESIAN_POINT('Ctrl Pts',(73.5,-21.8879782669054,17.7757403881034));
#14716=CARTESIAN_POINT('Ctrl Pts',(58.5,-21.8879782669054,17.7757403881034));
#14717=CARTESIAN_POINT('Ctrl Pts',(73.5,-21.9413366913795,17.8386760503054));
#14718=CARTESIAN_POINT('Ctrl Pts',(58.5,-21.9413366913795,17.8386760503054));
#14719=CARTESIAN_POINT('',(73.5,-21.9413366913795,17.8386760503054));
#14720=CARTESIAN_POINT('Ctrl Pts',(73.5,-21.9413366913795,17.8386760503054));
#14721=CARTESIAN_POINT('Ctrl Pts',(58.5,-21.9413366913795,17.8386760503054));
#14722=CARTESIAN_POINT('Ctrl Pts',(73.5,-22.0300672902896,17.9139115621187));
#14723=CARTESIAN_POINT('Ctrl Pts',(58.5,-22.0300672902896,17.9139115621187));
#14724=CARTESIAN_POINT('Ctrl Pts',(73.5,-22.2187276153342,18.0738784313607));
#14725=CARTESIAN_POINT('Ctrl Pts',(58.5,-22.2187276153342,18.0738784313607));
#14726=CARTESIAN_POINT('Ctrl Pts',(73.5,-22.4509873166898,18.1598064824894));
#14727=CARTESIAN_POINT('Ctrl Pts',(58.5,-22.4509873166898,18.1598064824894));
#14728=CARTESIAN_POINT('Ctrl Pts',(73.5,-22.5740107893944,18.2053209096193));
#14729=CARTESIAN_POINT('Ctrl Pts',(58.5,-22.5740107893944,18.2053209096193));
#14730=CARTESIAN_POINT('Ctrl Pts',(73.5,-23.5272851586342,19.0187586098909));
#14731=CARTESIAN_POINT('Ctrl Pts',(58.5,-23.5272851586342,19.0187586098909));
#14732=CARTESIAN_POINT('Ctrl Pts',(73.5,-23.3472963109153,19.0145231924774));
#14733=CARTESIAN_POINT('Ctrl Pts',(58.5,-23.3472963109153,19.0145231924774));
#14734=CARTESIAN_POINT('Ctrl Pts',(73.5,-23.0058494096127,19.0064884160459));
#14735=CARTESIAN_POINT('Ctrl Pts',(58.5,-23.0058494096127,19.0064884160459));
#14736=CARTESIAN_POINT('Ctrl Pts',(73.5,-22.6744445802084,18.9245088863218));
#14737=CARTESIAN_POINT('Ctrl Pts',(58.5,-22.6744445802084,18.9245088863218));
#14738=CARTESIAN_POINT('Ctrl Pts',(73.5,-22.5177350640297,18.8857436925173));
#14739=CARTESIAN_POINT('Ctrl Pts',(58.5,-22.5177350640297,18.8857436925173));
#14740=CARTESIAN_POINT('',(73.5,-23.5272851586342,19.0187586098909));
#14741=CARTESIAN_POINT('',(73.5,-22.5177350640297,18.8857436925173));
#14742=CARTESIAN_POINT('Origin',(22.0000003278255,-30.,-57.0000008493662));
#14743=CARTESIAN_POINT('',(21.3540294021368,-30.,-57.0000008493662));
#14744=CARTESIAN_POINT('Ctrl Pts',(20.1699810012552,-35.,-57.0000008493662));
#14745=CARTESIAN_POINT('Ctrl Pts',(20.1699810012552,-35.6666666666667,-57.0000008493662));
#14746=CARTESIAN_POINT('Ctrl Pts',(20.1699810012552,-36.3333333333333,-57.0000008493662));
#14747=CARTESIAN_POINT('Ctrl Pts',(20.1699810012552,-37.,-57.0000008493662));
#14748=CARTESIAN_POINT('Origin',(22.0000003278255,-30.,-57.0000008493662));
#14749=CARTESIAN_POINT('Ctrl Pts',(16.2708796864156,-37.,-57.0000008493662));
#14750=CARTESIAN_POINT('Ctrl Pts',(16.2708796864156,-36.3333333333333,-57.0000008493662));
#14751=CARTESIAN_POINT('Ctrl Pts',(16.2708796864156,-35.6666666666667,-57.0000008493662));
#14752=CARTESIAN_POINT('Ctrl Pts',(16.2708796864156,-35.,-57.0000008493662));
#14753=CARTESIAN_POINT('Ctrl Pts',(16.2312438338995,-47.5,-56.2482953071594));
#14754=CARTESIAN_POINT('Ctrl Pts',(16.2312438338995,-20.,-56.2482953071594));
#14755=CARTESIAN_POINT('Ctrl Pts',(16.2392698486955,-47.5,-56.6709347003832));
#14756=CARTESIAN_POINT('Ctrl Pts',(16.2392698486955,-20.,-56.6709347003832));
#14757=CARTESIAN_POINT('Ctrl Pts',(16.2534265072318,-47.5,-57.4164057374977));
#14758=CARTESIAN_POINT('Ctrl Pts',(16.2534265072318,-20.,-57.4164057374977));
#14759=CARTESIAN_POINT('Ctrl Pts',(16.6330241504705,-47.5,-58.0530726628171));
#14760=CARTESIAN_POINT('Ctrl Pts',(16.6330241504705,-20.,-58.0530726628171));
#14761=CARTESIAN_POINT('Ctrl Pts',(16.7974116653204,-47.5,-58.3287858963013));
#14762=CARTESIAN_POINT('Ctrl Pts',(16.7974116653204,-20.,-58.3287858963013));
#14763=CARTESIAN_POINT('',(16.7974116653204,-30.,-58.3287858963013));
#14764=CARTESIAN_POINT('Ctrl Pts',(18.2162406295538,-47.5,-58.9836299419403));
#14765=CARTESIAN_POINT('Ctrl Pts',(18.2162406295538,-20.,-58.9836299419403));
#14766=CARTESIAN_POINT('Ctrl Pts',(18.4875009572466,-47.5,-58.9557062604766));
#14767=CARTESIAN_POINT('Ctrl Pts',(18.4875009572466,-20.,-58.9557062604766));
#14768=CARTESIAN_POINT('Ctrl Pts',(19.0339922839732,-47.5,-58.8994501545433));
#14769=CARTESIAN_POINT('Ctrl Pts',(19.0339922839732,-20.,-58.8994501545433));
#14770=CARTESIAN_POINT('Ctrl Pts',(19.4337391575023,-47.5,-58.5221947159222));
#14771=CARTESIAN_POINT('Ctrl Pts',(19.4337391575023,-20.,-58.5221947159222));
#14772=CARTESIAN_POINT('Ctrl Pts',(19.6350648254156,-47.5,-58.3321964740753));
#14773=CARTESIAN_POINT('Ctrl Pts',(19.6350648254156,-20.,-58.3321964740753));
#14774=CARTESIAN_POINT('',(19.6350648254156,-30.,-58.3321964740753));
#14775=CARTESIAN_POINT('',(18.2162406295538,-30.,-58.9836299419403));
#14776=CARTESIAN_POINT('Ctrl Pts',(16.7974116653204,-47.5,-58.3287858963013));
#14777=CARTESIAN_POINT('Ctrl Pts',(16.7974116653204,-20.,-58.3287858963013));
#14778=CARTESIAN_POINT('Ctrl Pts',(16.9974497556531,-47.5,-58.519780890346));
#14779=CARTESIAN_POINT('Ctrl Pts',(16.9974497556531,-20.,-58.519780890346));
#14780=CARTESIAN_POINT('Ctrl Pts',(17.3957936662596,-47.5,-58.9001169188868));
#14781=CARTESIAN_POINT('Ctrl Pts',(17.3957936662596,-20.,-58.9001169188868));
#14782=CARTESIAN_POINT('Ctrl Pts',(17.9435523174228,-47.5,-58.9558730894974));
#14783=CARTESIAN_POINT('Ctrl Pts',(17.9435523174228,-20.,-58.9558730894974));
#14784=CARTESIAN_POINT('Ctrl Pts',(18.2162406295538,-47.5,-58.9836299419403));
#14785=CARTESIAN_POINT('Ctrl Pts',(18.2162406295538,-20.,-58.9836299419403));
#14786=CARTESIAN_POINT('Ctrl Pts',(19.6350648254156,-47.5,-58.3321964740753));
#14787=CARTESIAN_POINT('Ctrl Pts',(19.6350648254156,-20.,-58.3321964740753));
#14788=CARTESIAN_POINT('Ctrl Pts',(19.8015004496067,-47.5,-58.0604576884824));
#14789=CARTESIAN_POINT('Ctrl Pts',(19.8015004496067,-20.,-58.0604576884824));
#14790=CARTESIAN_POINT('Ctrl Pts',(20.1829702586876,-47.5,-57.4376334393841));
#14791=CARTESIAN_POINT('Ctrl Pts',(20.1829702586876,-20.,-57.4376334393841));
#14792=CARTESIAN_POINT('Ctrl Pts',(20.1990129474734,-47.5,-56.7032142605374));
#14793=CARTESIAN_POINT('Ctrl Pts',(20.1990129474734,-20.,-56.7032142605374));
#14794=CARTESIAN_POINT('Ctrl Pts',(20.2080561965704,-47.5,-56.2892228364944));
#14795=CARTESIAN_POINT('Ctrl Pts',(20.2080561965704,-20.,-56.2892228364944));
#14796=CARTESIAN_POINT('Origin',(21.3540294021368,-30.,-52.7557992935181));
#14797=CARTESIAN_POINT('',(21.3540294021368,-30.,-59.0177357196808));
#14798=CARTESIAN_POINT('Origin',(9.31919531168819,-30.,-57.0000008493662));
#14799=CARTESIAN_POINT('Ctrl Pts',(3.85562432998186,-37.,-57.0000008493662));
#14800=CARTESIAN_POINT('Ctrl Pts',(3.85562432998186,-36.3333333333333,-57.0000008493662));
#14801=CARTESIAN_POINT('Ctrl Pts',(3.85562432998186,-35.6666666666667,-57.0000008493662));
#14802=CARTESIAN_POINT('Ctrl Pts',(3.85562432998186,-35.,-57.0000008493662));
#14803=CARTESIAN_POINT('Ctrl Pts',(3.82333062589169,-47.5,-56.3778990507126));
#14804=CARTESIAN_POINT('Ctrl Pts',(3.82333062589169,-20.,-56.3778990507126));
#14805=CARTESIAN_POINT('Ctrl Pts',(3.83516715451791,-47.5,-56.7956307360807));
#14806=CARTESIAN_POINT('Ctrl Pts',(3.83516715451791,-20.,-56.7956307360807));
#14807=CARTESIAN_POINT('Ctrl Pts',(3.85645830047935,-47.5,-57.5470323139207));
#14808=CARTESIAN_POINT('Ctrl Pts',(3.85645830047935,-20.,-57.5470323139207));
#14809=CARTESIAN_POINT('Ctrl Pts',(4.25392500101087,-47.5,-58.1805007193485));
#14810=CARTESIAN_POINT('Ctrl Pts',(4.25392500101087,-20.,-58.1805007193485));
#14811=CARTESIAN_POINT('Ctrl Pts',(4.43042539060116,-47.5,-58.4618008136749));
#14812=CARTESIAN_POINT('Ctrl Pts',(4.43042539060116,-20.,-58.4618008136749));
#14813=CARTESIAN_POINT('',(4.43042539060116,-30.,-58.4618008136749));
#14814=CARTESIAN_POINT('Ctrl Pts',(4.43042539060116,-47.5,-58.4618008136749));
#14815=CARTESIAN_POINT('Ctrl Pts',(4.43042539060116,-20.,-58.4618008136749));
#14816=CARTESIAN_POINT('Ctrl Pts',(4.64586641234042,-47.5,-58.663739562022));
#14817=CARTESIAN_POINT('Ctrl Pts',(4.64586641234042,-20.,-58.663739562022));
#14818=CARTESIAN_POINT('Ctrl Pts',(5.07675412710976,-47.5,-59.0676223745718));
#14819=CARTESIAN_POINT('Ctrl Pts',(5.07675412710976,-20.,-59.0676223745718));
#14820=CARTESIAN_POINT('Ctrl Pts',(5.66451069277957,-47.5,-59.1253146816299));
#14821=CARTESIAN_POINT('Ctrl Pts',(5.66451069277957,-20.,-59.1253146816299));
#14822=CARTESIAN_POINT('Ctrl Pts',(5.95839284360409,-47.5,-59.1541612148285));
#14823=CARTESIAN_POINT('Ctrl Pts',(5.95839284360409,-20.,-59.1541612148285));
#14824=CARTESIAN_POINT('',(5.95839284360409,-30.,-59.1541612148285));
#14825=CARTESIAN_POINT('Ctrl Pts',(5.95839284360409,-47.5,-59.1541612148285));
#14826=CARTESIAN_POINT('Ctrl Pts',(5.95839284360409,-20.,-59.1541612148285));
#14827=CARTESIAN_POINT('Ctrl Pts',(6.25058166153954,-47.5,-59.1248341247378));
#14828=CARTESIAN_POINT('Ctrl Pts',(6.25058166153954,-20.,-59.1248341247378));
#14829=CARTESIAN_POINT('Ctrl Pts',(6.83666737482794,-47.5,-59.0660085042505));
#14830=CARTESIAN_POINT('Ctrl Pts',(6.83666737482794,-20.,-59.0660085042505));
#14831=CARTESIAN_POINT('Ctrl Pts',(7.26483419460568,-47.5,-58.6613227948788));
#14832=CARTESIAN_POINT('Ctrl Pts',(7.26483419460568,-20.,-58.6613227948788));
#14833=CARTESIAN_POINT('Ctrl Pts',(7.47954152524471,-47.5,-58.4583902359009));
#14834=CARTESIAN_POINT('Ctrl Pts',(7.47954152524471,-20.,-58.4583902359009));
#14835=CARTESIAN_POINT('Origin',(-24.7271473127916,-30.,-55.0000008195639));
#14836=CARTESIAN_POINT('',(-24.7271473127916,-30.,-55.0000008195639));
#14837=CARTESIAN_POINT('',(-23.427359038478,-30.,-55.0000008195639));
#14838=CARTESIAN_POINT('Origin',(-18.9256466937138,-30.,-56.000000834465));
#14839=CARTESIAN_POINT('',(-18.9256466937138,-30.,-56.000000834465));
#14840=CARTESIAN_POINT('',(-25.1111854092201,-30.,-56.000000834465));
#14841=CARTESIAN_POINT('Origin',(-22.6637075096369,-30.,-52.9604363441467));
#14842=CARTESIAN_POINT('Origin',(-26.6473374515772,-30.,-60.));
#14843=CARTESIAN_POINT('',(-26.6473374515772,-29.,-60.));
#14844=CARTESIAN_POINT('Origin',(-21.3813088089228,-30.,-50.));
#14845=CARTESIAN_POINT('Origin',(73.5,-22.5006821751595,12.2418142110109));
#14846=CARTESIAN_POINT('',(73.5,-23.1180080771446,12.2418142110109));
#14847=CARTESIAN_POINT('',(73.5,-22.5006821751595,12.2418142110109));
#14848=CARTESIAN_POINT('Origin',(73.5,-22.5006821751595,14.1278988867998));
#14849=CARTESIAN_POINT('',(73.5,-22.5006821751595,14.1278988867998));
#14850=CARTESIAN_POINT('Origin',(73.5,-23.1180080771446,14.1278988867998));
#14851=CARTESIAN_POINT('',(73.5,-23.1180080771446,14.1278988867998));
#14852=CARTESIAN_POINT('Origin',(73.5,-23.1180080771446,12.2418142110109));
#14853=CARTESIAN_POINT('Origin',(73.5,-22.5006821751595,19.6122098714113));
#14854=CARTESIAN_POINT('',(73.5,-23.1180080771446,19.6122098714113));
#14855=CARTESIAN_POINT('',(73.5,-22.5006821751595,19.6122098714113));
#14856=CARTESIAN_POINT('Origin',(73.5,-22.5006821751595,21.4982939511538));
#14857=CARTESIAN_POINT('',(73.5,-22.5006821751595,21.4982939511538));
#14858=CARTESIAN_POINT('Origin',(73.5,-23.1180080771446,21.4982939511538));
#14859=CARTESIAN_POINT('',(73.5,-23.1180080771446,21.4982939511538));
#14860=CARTESIAN_POINT('Origin',(73.5,-23.1180080771446,19.6122098714113));
#14861=CARTESIAN_POINT('Ctrl Pts',(73.5,-25.9147337079048,23.0637789517641));
#14862=CARTESIAN_POINT('Ctrl Pts',(58.5,-25.9147337079048,23.0637789517641));
#14863=CARTESIAN_POINT('Ctrl Pts',(73.5,-25.9644584960984,23.2076745390069));
#14864=CARTESIAN_POINT('Ctrl Pts',(58.5,-25.9644584960984,23.2076745390069));
#14865=CARTESIAN_POINT('Ctrl Pts',(73.5,-26.0671430364776,23.504827182093));
#14866=CARTESIAN_POINT('Ctrl Pts',(58.5,-26.0671430364776,23.504827182093));
#14867=CARTESIAN_POINT('Ctrl Pts',(73.5,-26.0790991750349,23.8191365725692));
#14868=CARTESIAN_POINT('Ctrl Pts',(58.5,-26.0790991750349,23.8191365725692));
#14869=CARTESIAN_POINT('Ctrl Pts',(73.5,-26.0852655768394,23.9812422543764));
#14870=CARTESIAN_POINT('Ctrl Pts',(58.5,-26.0852655768394,23.9812422543764));
#14871=CARTESIAN_POINT('',(73.5,-26.0852655768394,23.9812422543764));
#14872=CARTESIAN_POINT('',(73.5,-25.9147337079048,23.0637789517641));
#14873=CARTESIAN_POINT('Ctrl Pts',(73.5,-25.4150748252869,22.4362207204103));
#14874=CARTESIAN_POINT('Ctrl Pts',(58.5,-25.4150748252869,22.4362207204103));
#14875=CARTESIAN_POINT('Ctrl Pts',(73.5,-25.5190654224051,22.5182945921437));
#14876=CARTESIAN_POINT('Ctrl Pts',(58.5,-25.5190654224051,22.5182945921437));
#14877=CARTESIAN_POINT('Ctrl Pts',(73.5,-25.7343837764712,22.6882331391198));
#14878=CARTESIAN_POINT('Ctrl Pts',(58.5,-25.7343837764712,22.6882331391198));
#14879=CARTESIAN_POINT('Ctrl Pts',(73.5,-25.8532667176202,22.9357851641661));
#14880=CARTESIAN_POINT('Ctrl Pts',(58.5,-25.8532667176202,22.9357851641661));
#14881=CARTESIAN_POINT('Ctrl Pts',(73.5,-25.9147337079048,23.0637789517641));
#14882=CARTESIAN_POINT('Ctrl Pts',(58.5,-25.9147337079048,23.0637789517641));
#14883=CARTESIAN_POINT('',(73.5,-25.4150748252869,22.4362207204103));
#14884=CARTESIAN_POINT('Ctrl Pts',(73.5,-24.7073668241501,22.2213507443666));
#14885=CARTESIAN_POINT('Ctrl Pts',(58.5,-24.7073668241501,22.2213507443666));
#14886=CARTESIAN_POINT('Ctrl Pts',(73.5,-24.8320365803348,22.2306563586355));
#14887=CARTESIAN_POINT('Ctrl Pts',(58.5,-24.8320365803348,22.2306563586355));
#14888=CARTESIAN_POINT('Ctrl Pts',(73.5,-25.0838917784095,22.2494553632748));
#14889=CARTESIAN_POINT('Ctrl Pts',(58.5,-25.0838917784095,22.2494553632748));
#14890=CARTESIAN_POINT('Ctrl Pts',(73.5,-25.3039477910789,22.3735524152934));
#14891=CARTESIAN_POINT('Ctrl Pts',(58.5,-25.3039477910789,22.3735524152934));
#14892=CARTESIAN_POINT('Ctrl Pts',(73.5,-25.4150748252869,22.4362207204103));
#14893=CARTESIAN_POINT('Ctrl Pts',(58.5,-25.4150748252869,22.4362207204103));
#14894=CARTESIAN_POINT('',(73.5,-24.7073668241501,22.2213507443666));
#14895=CARTESIAN_POINT('Ctrl Pts',(73.5,-24.0849247574806,22.3969984799623));
#14896=CARTESIAN_POINT('Ctrl Pts',(58.5,-24.0849247574806,22.3969984799623));
#14897=CARTESIAN_POINT('Ctrl Pts',(73.5,-24.1810440580034,22.3457700944614));
#14898=CARTESIAN_POINT('Ctrl Pts',(58.5,-24.1810440580034,22.3457700944614));
#14899=CARTESIAN_POINT('Ctrl Pts',(73.5,-24.3756858066609,22.2420325258299));
#14900=CARTESIAN_POINT('Ctrl Pts',(58.5,-24.3756858066609,22.2420325258299));
#14901=CARTESIAN_POINT('Ctrl Pts',(73.5,-24.5959001914561,22.2283011829394));
#14902=CARTESIAN_POINT('Ctrl Pts',(58.5,-24.5959001914561,22.2283011829394));
#14903=CARTESIAN_POINT('Ctrl Pts',(73.5,-24.7073668241501,22.2213507443666));
#14904=CARTESIAN_POINT('Ctrl Pts',(58.5,-24.7073668241501,22.2213507443666));
#14905=CARTESIAN_POINT('',(73.5,-24.0849247574806,22.3969984799623));
#14906=CARTESIAN_POINT('Ctrl Pts',(73.5,-23.6193722486496,22.9307640343904));
#14907=CARTESIAN_POINT('Ctrl Pts',(58.5,-23.6193722486496,22.9307640343904));
#14908=CARTESIAN_POINT('Ctrl Pts',(73.5,-23.6828924563947,22.8208094795207));
#14909=CARTESIAN_POINT('Ctrl Pts',(58.5,-23.6828924563947,22.8208094795207));
#14910=CARTESIAN_POINT('Ctrl Pts',(73.5,-23.8034036718354,22.6122025255923));
#14911=CARTESIAN_POINT('Ctrl Pts',(58.5,-23.8034036718354,22.6122025255923));
#14912=CARTESIAN_POINT('Ctrl Pts',(73.5,-23.9945361974108,22.4660944901639));
#14913=CARTESIAN_POINT('Ctrl Pts',(58.5,-23.9945361974108,22.4660944901639));
#14914=CARTESIAN_POINT('Ctrl Pts',(73.5,-24.0849247574806,22.3969984799623));
#14915=CARTESIAN_POINT('Ctrl Pts',(58.5,-24.0849247574806,22.3969984799623));
#14916=CARTESIAN_POINT('',(73.5,-23.6193722486496,22.9307640343904));
#14917=CARTESIAN_POINT('Ctrl Pts',(73.5,-23.3072984218597,23.8959754258394));
#14918=CARTESIAN_POINT('Ctrl Pts',(58.5,-23.3072984218597,23.8959754258394));
#14919=CARTESIAN_POINT('Ctrl Pts',(73.5,-23.3544644520888,23.6985660325264));
#14920=CARTESIAN_POINT('Ctrl Pts',(58.5,-23.3544644520888,23.6985660325264));
#14921=CARTESIAN_POINT('Ctrl Pts',(73.5,-23.4333503499779,23.3683958408094));
#14922=CARTESIAN_POINT('Ctrl Pts',(58.5,-23.4333503499779,23.3683958408094));
#14923=CARTESIAN_POINT('Ctrl Pts',(73.5,-23.5660243062666,23.0562694537013));
#14924=CARTESIAN_POINT('Ctrl Pts',(58.5,-23.5660243062666,23.0562694537013));
#14925=CARTESIAN_POINT('Ctrl Pts',(73.5,-23.6193722486496,22.9307640343904));
#14926=CARTESIAN_POINT('Ctrl Pts',(58.5,-23.6193722486496,22.9307640343904));
#14927=CARTESIAN_POINT('',(73.5,-23.3072984218597,23.8959754258394));
#14928=CARTESIAN_POINT('Ctrl Pts',(73.5,-23.063437640667,24.7861529141665));
#14929=CARTESIAN_POINT('Ctrl Pts',(58.5,-23.063437640667,24.7861529141665));
#14930=CARTESIAN_POINT('Ctrl Pts',(73.5,-23.0978770561381,24.6787271621628));
#14931=CARTESIAN_POINT('Ctrl Pts',(58.5,-23.0978770561381,24.6787271621628));
#14932=CARTESIAN_POINT('Ctrl Pts',(73.5,-23.1918582377138,24.3855747097523));
#14933=CARTESIAN_POINT('Ctrl Pts',(58.5,-23.1918582377138,24.3855747097523));
#14934=CARTESIAN_POINT('Ctrl Pts',(73.5,-23.2625265323973,24.0858597818147));
#14935=CARTESIAN_POINT('Ctrl Pts',(58.5,-23.2625265323973,24.0858597818147));
#14936=CARTESIAN_POINT('Ctrl Pts',(73.5,-23.3072984218597,23.8959754258394));
#14937=CARTESIAN_POINT('Ctrl Pts',(58.5,-23.3072984218597,23.8959754258394));
#14938=CARTESIAN_POINT('',(73.5,-23.063437640667,24.7861529141665));
#14939=CARTESIAN_POINT('Ctrl Pts',(73.5,-22.7684172987938,25.236357524991));
#14940=CARTESIAN_POINT('Ctrl Pts',(58.5,-22.7684172987938,25.236357524991));
#14941=CARTESIAN_POINT('Ctrl Pts',(73.5,-22.826292683011,25.1788186257738));
#14942=CARTESIAN_POINT('Ctrl Pts',(58.5,-22.826292683011,25.1788186257738));
#14943=CARTESIAN_POINT('Ctrl Pts',(73.5,-22.9559412964307,25.0499237838283));
#14944=CARTESIAN_POINT('Ctrl Pts',(58.5,-22.9559412964307,25.0499237838283));
#14945=CARTESIAN_POINT('Ctrl Pts',(73.5,-23.0251331566405,24.8801431529545));
#14946=CARTESIAN_POINT('Ctrl Pts',(58.5,-23.0251331566405,24.8801431529545));
#14947=CARTESIAN_POINT('Ctrl Pts',(73.5,-23.063437640667,24.7861529141665));
#14948=CARTESIAN_POINT('Ctrl Pts',(58.5,-23.063437640667,24.7861529141665));
#14949=CARTESIAN_POINT('',(73.5,-22.7684172987938,25.236357524991));
#14950=CARTESIAN_POINT('Ctrl Pts',(73.5,-22.3574349284172,25.3727830201387));
#14951=CARTESIAN_POINT('Ctrl Pts',(58.5,-22.3574349284172,25.3727830201387));
#14952=CARTESIAN_POINT('Ctrl Pts',(73.5,-22.4329287369694,25.3674550489924));
#14953=CARTESIAN_POINT('Ctrl Pts',(58.5,-22.4329287369694,25.3674550489924));
#14954=CARTESIAN_POINT('Ctrl Pts',(73.5,-22.5816365485654,25.3569600038407));
#14955=CARTESIAN_POINT('Ctrl Pts',(58.5,-22.5816365485654,25.3569600038407));
#14956=CARTESIAN_POINT('Ctrl Pts',(73.5,-22.706796649026,25.2761453676956));
#14957=CARTESIAN_POINT('Ctrl Pts',(58.5,-22.706796649026,25.2761453676956));
#14958=CARTESIAN_POINT('Ctrl Pts',(73.5,-22.7684172987938,25.236357524991));
#14959=CARTESIAN_POINT('Ctrl Pts',(58.5,-22.7684172987938,25.236357524991));
#14960=CARTESIAN_POINT('',(73.5,-22.3574349284172,25.3727830201387));
#14961=CARTESIAN_POINT('Ctrl Pts',(73.5,-21.9293996691704,25.2312422543764));
#14962=CARTESIAN_POINT('Ctrl Pts',(58.5,-21.9293996691704,25.2312422543764));
#14963=CARTESIAN_POINT('Ctrl Pts',(73.5,-21.9958167654173,25.2725230098864));
#14964=CARTESIAN_POINT('Ctrl Pts',(58.5,-21.9958167654173,25.2725230098864));
#14965=CARTESIAN_POINT('Ctrl Pts',(73.5,-22.1271695431695,25.3541637652092));
#14966=CARTESIAN_POINT('Ctrl Pts',(58.5,-22.1271695431695,25.3541637652092));
#14967=CARTESIAN_POINT('Ctrl Pts',(73.5,-22.2812590810204,25.3666234424817));
#14968=CARTESIAN_POINT('Ctrl Pts',(58.5,-22.2812590810204,25.3666234424817));
#14969=CARTESIAN_POINT('Ctrl Pts',(73.5,-22.3574349284172,25.3727830201387));
#14970=CARTESIAN_POINT('Ctrl Pts',(58.5,-22.3574349284172,25.3727830201387));
#14971=CARTESIAN_POINT('',(73.5,-21.9293996691704,25.2312422543764));
#14972=CARTESIAN_POINT('Ctrl Pts',(73.5,-21.6207364201546,24.7997952252626));
#14973=CARTESIAN_POINT('Ctrl Pts',(58.5,-21.6207364201546,24.7997952252626));
#14974=CARTESIAN_POINT('Ctrl Pts',(73.5,-21.6592854143935,24.8883978914831));
#14975=CARTESIAN_POINT('Ctrl Pts',(58.5,-21.6592854143935,24.8883978914831));
#14976=CARTESIAN_POINT('Ctrl Pts',(73.5,-21.7315766461366,25.0545551675225));
#14977=CARTESIAN_POINT('Ctrl Pts',(58.5,-21.7315766461366,25.0545551675225));
#14978=CARTESIAN_POINT('Ctrl Pts',(73.5,-21.8664479287964,25.1750164448196));
#14979=CARTESIAN_POINT('Ctrl Pts',(58.5,-21.8664479287964,25.1750164448196));
#14980=CARTESIAN_POINT('Ctrl Pts',(73.5,-21.9293996691704,25.2312422543764));
#14981=CARTESIAN_POINT('Ctrl Pts',(58.5,-21.9293996691704,25.2312422543764));
#14982=CARTESIAN_POINT('',(73.5,-21.6207364201546,24.7997952252626));
#14983=CARTESIAN_POINT('Ctrl Pts',(73.5,-21.5081855654716,24.1313100606203));
#14984=CARTESIAN_POINT('Ctrl Pts',(58.5,-21.5081855654716,24.1313100606203));
#14985=CARTESIAN_POINT('Ctrl Pts',(73.5,-21.5118569814456,24.2511024965413));
#14986=CARTESIAN_POINT('Ctrl Pts',(58.5,-21.5118569814456,24.2511024965413));
#14987=CARTESIAN_POINT('Ctrl Pts',(73.5,-21.5188482753265,24.4792172430499));
#14988=CARTESIAN_POINT('Ctrl Pts',(58.5,-21.5188482753265,24.4792172430499));
#14989=CARTESIAN_POINT('Ctrl Pts',(73.5,-21.587931593705,24.6965790455215));
#14990=CARTESIAN_POINT('Ctrl Pts',(58.5,-21.587931593705,24.6965790455215));
#14991=CARTESIAN_POINT('Ctrl Pts',(73.5,-21.6207364201546,24.7997952252626));
#14992=CARTESIAN_POINT('Ctrl Pts',(58.5,-21.6207364201546,24.7997952252626));
#14993=CARTESIAN_POINT('',(73.5,-21.5081855654716,24.1313100606203));
#14994=CARTESIAN_POINT('Ctrl Pts',(73.5,-21.6565480828285,23.3639157563448));
#14995=CARTESIAN_POINT('Ctrl Pts',(58.5,-21.6565480828285,23.3639157563448));
#14996=CARTESIAN_POINT('Ctrl Pts',(73.5,-21.6132905204481,23.4834937218341));
#14997=CARTESIAN_POINT('Ctrl Pts',(58.5,-21.6132905204481,23.4834937218341));
#14998=CARTESIAN_POINT('Ctrl Pts',(73.5,-21.5236225948217,23.7313650193836));
#14999=CARTESIAN_POINT('Ctrl Pts',(58.5,-21.5236225948217,23.7313650193836));
#15000=CARTESIAN_POINT('Ctrl Pts',(73.5,-21.5134504622124,23.9949062683912));
#15001=CARTESIAN_POINT('Ctrl Pts',(58.5,-21.5134504622124,23.9949062683912));
#15002=CARTESIAN_POINT('Ctrl Pts',(73.5,-21.5081855654716,24.1313100606203));
#15003=CARTESIAN_POINT('Ctrl Pts',(58.5,-21.5081855654716,24.1313100606203));
#15004=CARTESIAN_POINT('',(73.5,-21.6565480828285,23.3639157563448));
#15005=CARTESIAN_POINT('Ctrl Pts',(73.5,-22.0453611016273,22.8608454018831));
#15006=CARTESIAN_POINT('Ctrl Pts',(58.5,-22.0453611016273,22.8608454018831));
#15007=CARTESIAN_POINT('Ctrl Pts',(73.5,-21.9676536537545,22.9256460577631));
#15008=CARTESIAN_POINT('Ctrl Pts',(58.5,-21.9676536537545,22.9256460577631));
#15009=CARTESIAN_POINT('Ctrl Pts',(73.5,-21.8012976004395,23.0643712592657));
#15010=CARTESIAN_POINT('Ctrl Pts',(58.5,-21.8012976004395,23.0643712592657));
#15011=CARTESIAN_POINT('Ctrl Pts',(73.5,-21.7068681159494,23.2597835335715));
#15012=CARTESIAN_POINT('Ctrl Pts',(58.5,-21.7068681159494,23.2597835335715));
#15013=CARTESIAN_POINT('Ctrl Pts',(73.5,-21.6565480828285,23.3639157563448));
#15014=CARTESIAN_POINT('Ctrl Pts',(58.5,-21.6565480828285,23.3639157563448));
#15015=CARTESIAN_POINT('',(73.5,-22.0453611016273,22.8608454018831));
#15016=CARTESIAN_POINT('Ctrl Pts',(73.5,-22.6609820127487,22.654502466321));
#15017=CARTESIAN_POINT('Ctrl Pts',(58.5,-22.6609820127487,22.654502466321));
#15018=CARTESIAN_POINT('Ctrl Pts',(73.5,-22.5447490096865,22.6721091642643));
#15019=CARTESIAN_POINT('Ctrl Pts',(58.5,-22.5447490096865,22.6721091642643));
#15020=CARTESIAN_POINT('Ctrl Pts',(73.5,-22.3272057763756,22.7050620941346));
#15021=CARTESIAN_POINT('Ctrl Pts',(58.5,-22.3272057763756,22.7050620941346));
#15022=CARTESIAN_POINT('Ctrl Pts',(73.5,-22.1349124227086,22.8113479223804));
#15023=CARTESIAN_POINT('Ctrl Pts',(58.5,-22.1349124227086,22.8113479223804));
#15024=CARTESIAN_POINT('Ctrl Pts',(73.5,-22.0453611016273,22.8608454018831));
#15025=CARTESIAN_POINT('Ctrl Pts',(58.5,-22.0453611016273,22.8608454018831));
#15026=CARTESIAN_POINT('',(73.5,-22.6609820127487,22.654502466321));
#15027=CARTESIAN_POINT('Origin',(73.5,-22.6064118742943,22.0303548127413));
#15028=CARTESIAN_POINT('',(73.5,-22.6064118742943,22.0303548127413));
#15029=CARTESIAN_POINT('Ctrl Pts',(73.5,-21.7077079415321,22.3049116879702));
#15030=CARTESIAN_POINT('Ctrl Pts',(58.5,-21.7077079415321,22.3049116879702));
#15031=CARTESIAN_POINT('Ctrl Pts',(73.5,-21.8456443399557,22.2282154374706));
#15032=CARTESIAN_POINT('Ctrl Pts',(58.5,-21.8456443399557,22.2282154374706));
#15033=CARTESIAN_POINT('Ctrl Pts',(73.5,-22.1254929303104,22.0726122911432));
#15034=CARTESIAN_POINT('Ctrl Pts',(58.5,-22.1254929303104,22.0726122911432));
#15035=CARTESIAN_POINT('Ctrl Pts',(73.5,-22.4445944072646,22.0445734211026));
#15036=CARTESIAN_POINT('Ctrl Pts',(58.5,-22.4445944072646,22.0445734211026));
#15037=CARTESIAN_POINT('Ctrl Pts',(73.5,-22.6064118742943,22.0303548127413));
#15038=CARTESIAN_POINT('Ctrl Pts',(58.5,-22.6064118742943,22.0303548127413));
#15039=CARTESIAN_POINT('',(73.5,-21.7077079415321,22.3049116879702));
#15040=CARTESIAN_POINT('Ctrl Pts',(73.5,-21.1125507950783,23.0245567113161));
#15041=CARTESIAN_POINT('Ctrl Pts',(58.5,-21.1125507950783,23.0245567113161));
#15042=CARTESIAN_POINT('Ctrl Pts',(73.5,-21.1859058529079,22.8804824536204));
#15043=CARTESIAN_POINT('Ctrl Pts',(58.5,-21.1859058529079,22.8804824536204));
#15044=CARTESIAN_POINT('Ctrl Pts',(73.5,-21.3306987931443,22.5960993994543));
#15045=CARTESIAN_POINT('Ctrl Pts',(58.5,-21.3306987931443,22.5960993994543));
#15046=CARTESIAN_POINT('Ctrl Pts',(73.5,-21.583152455503,22.4011136689691));
#15047=CARTESIAN_POINT('Ctrl Pts',(58.5,-21.583152455503,22.4011136689691));
#15048=CARTESIAN_POINT('Ctrl Pts',(73.5,-21.7077079415321,22.3049116879702));
#15049=CARTESIAN_POINT('Ctrl Pts',(58.5,-21.7077079415321,22.3049116879702));
#15050=CARTESIAN_POINT('',(73.5,-21.1125507950783,23.0245567113161));
#15051=CARTESIAN_POINT('Ctrl Pts',(73.5,-20.9147337079048,24.1620052605867));
#15052=CARTESIAN_POINT('Ctrl Pts',(58.5,-20.9147337079048,24.1620052605867));
#15053=CARTESIAN_POINT('Ctrl Pts',(73.5,-20.9200619743511,23.9520666159229));
#15054=CARTESIAN_POINT('Ctrl Pts',(58.5,-20.9200619743511,23.9520666159229));
#15055=CARTESIAN_POINT('Ctrl Pts',(73.5,-20.929943925122,23.5627085812965));
#15056=CARTESIAN_POINT('Ctrl Pts',(58.5,-20.929943925122,23.5627085812965));
#15057=CARTESIAN_POINT('Ctrl Pts',(73.5,-21.0549479230335,23.1943153480779));
#15058=CARTESIAN_POINT('Ctrl Pts',(58.5,-21.0549479230335,23.1943153480779));
#15059=CARTESIAN_POINT('Ctrl Pts',(73.5,-21.1125507950783,23.0245567113161));
#15060=CARTESIAN_POINT('Ctrl Pts',(58.5,-21.1125507950783,23.0245567113161));
#15061=CARTESIAN_POINT('',(73.5,-20.9147337079048,24.1620052605867));
#15062=CARTESIAN_POINT('Ctrl Pts',(73.5,-21.1108455061913,25.1255119591951));
#15063=CARTESIAN_POINT('Ctrl Pts',(58.5,-21.1108455061913,25.1255119591951));
#15064=CARTESIAN_POINT('Ctrl Pts',(73.5,-21.0536639389854,24.9755708653928));
#15065=CARTESIAN_POINT('Ctrl Pts',(58.5,-21.0536639389854,24.9755708653928));
#15066=CARTESIAN_POINT('Ctrl Pts',(73.5,-20.9353671890976,24.6653739796096));
#15067=CARTESIAN_POINT('Ctrl Pts',(58.5,-20.9353671890976,24.6653739796096));
#15068=CARTESIAN_POINT('Ctrl Pts',(73.5,-20.9217623316669,24.3334736282636));
#15069=CARTESIAN_POINT('Ctrl Pts',(58.5,-20.9217623316669,24.3334736282636));
#15070=CARTESIAN_POINT('Ctrl Pts',(73.5,-20.9147337079048,24.1620052605867));
#15071=CARTESIAN_POINT('Ctrl Pts',(58.5,-20.9147337079048,24.1620052605867));
#15072=CARTESIAN_POINT('',(73.5,-21.1108455061913,25.1255119591951));
#15073=CARTESIAN_POINT('Ctrl Pts',(73.5,-21.6599586606026,25.7820606976748));
#15074=CARTESIAN_POINT('Ctrl Pts',(58.5,-21.6599586606026,25.7820606976748));
#15075=CARTESIAN_POINT('Ctrl Pts',(73.5,-21.5479174710885,25.6955474517585));
#15076=CARTESIAN_POINT('Ctrl Pts',(58.5,-21.5479174710885,25.6955474517585));
#15077=CARTESIAN_POINT('Ctrl Pts',(73.5,-21.3169102874712,25.5171739324181));
#15078=CARTESIAN_POINT('Ctrl Pts',(58.5,-21.3169102874712,25.5171739324181));
#15079=CARTESIAN_POINT('Ctrl Pts',(73.5,-21.1808928787193,25.2586491793112));
#15080=CARTESIAN_POINT('Ctrl Pts',(58.5,-21.1808928787193,25.2586491793112));
#15081=CARTESIAN_POINT('Ctrl Pts',(73.5,-21.1108455061913,25.1255119591951));
#15082=CARTESIAN_POINT('Ctrl Pts',(58.5,-21.1108455061913,25.1255119591951));
#15083=CARTESIAN_POINT('',(73.5,-21.6599586606026,25.7820606976748));
#15084=CARTESIAN_POINT('Ctrl Pts',(73.5,-22.4120053648949,26.0105729848146));
#15085=CARTESIAN_POINT('Ctrl Pts',(58.5,-22.4120053648949,26.0105729848146));
#15086=CARTESIAN_POINT('Ctrl Pts',(73.5,-22.280112248617,26.0005316638147));
#15087=CARTESIAN_POINT('Ctrl Pts',(58.5,-22.280112248617,26.0005316638147));
#15088=CARTESIAN_POINT('Ctrl Pts',(73.5,-22.0125989392719,25.9801652710362));
#15089=CARTESIAN_POINT('Ctrl Pts',(58.5,-22.0125989392719,25.9801652710362));
#15090=CARTESIAN_POINT('Ctrl Pts',(73.5,-21.7785921713137,25.8487060653408));
#15091=CARTESIAN_POINT('Ctrl Pts',(58.5,-21.7785921713137,25.8487060653408));
#15092=CARTESIAN_POINT('Ctrl Pts',(73.5,-21.6599586606026,25.7820606976748));
#15093=CARTESIAN_POINT('Ctrl Pts',(58.5,-21.6599586606026,25.7820606976748));
#15094=CARTESIAN_POINT('',(73.5,-22.4120053648949,26.0105729848146));
#15095=CARTESIAN_POINT('Ctrl Pts',(73.5,-23.1231239438057,25.802524164319));
#15096=CARTESIAN_POINT('Ctrl Pts',(58.5,-23.1231239438057,25.802524164319));
#15097=CARTESIAN_POINT('Ctrl Pts',(73.5,-23.0149841702761,25.8631976945008));
#15098=CARTESIAN_POINT('Ctrl Pts',(58.5,-23.0149841702761,25.8631976945008));
#15099=CARTESIAN_POINT('Ctrl Pts',(73.5,-22.7941014971485,25.9871274115438));
#15100=CARTESIAN_POINT('Ctrl Pts',(58.5,-22.7941014971485,25.9871274115438));
#15101=CARTESIAN_POINT('Ctrl Pts',(73.5,-22.5411280383264,26.00264996533));
#15102=CARTESIAN_POINT('Ctrl Pts',(58.5,-22.5411280383264,26.00264996533));
#15103=CARTESIAN_POINT('Ctrl Pts',(73.5,-22.4120053648949,26.0105729848146));
#15104=CARTESIAN_POINT('Ctrl Pts',(58.5,-22.4120053648949,26.0105729848146));
#15105=CARTESIAN_POINT('',(73.5,-23.1231239438057,25.802524164319));
#15106=CARTESIAN_POINT('Ctrl Pts',(73.5,-23.633014857769,25.157913044095));
#15107=CARTESIAN_POINT('Ctrl Pts',(58.5,-23.633014857769,25.157913044095));
#15108=CARTESIAN_POINT('Ctrl Pts',(73.5,-23.5653745935931,25.291154406552));
#15109=CARTESIAN_POINT('Ctrl Pts',(58.5,-23.5653745935931,25.291154406552));
#15110=CARTESIAN_POINT('Ctrl Pts',(73.5,-23.4386134930932,25.5408551128241));
#15111=CARTESIAN_POINT('Ctrl Pts',(58.5,-23.4386134930932,25.5408551128241));
#15112=CARTESIAN_POINT('Ctrl Pts',(73.5,-23.2234672387168,25.7192987932645));
#15113=CARTESIAN_POINT('Ctrl Pts',(58.5,-23.2234672387168,25.7192987932645));
#15114=CARTESIAN_POINT('Ctrl Pts',(73.5,-23.1231239438057,25.802524164319));
#15115=CARTESIAN_POINT('Ctrl Pts',(58.5,-23.1231239438057,25.802524164319));
#15116=CARTESIAN_POINT('',(73.5,-23.633014857769,25.157913044095));
#15117=CARTESIAN_POINT('Ctrl Pts',(73.5,-23.951909840107,24.0511596947908));
#15118=CARTESIAN_POINT('Ctrl Pts',(58.5,-23.951909840107,24.0511596947908));
#15119=CARTESIAN_POINT('Ctrl Pts',(73.5,-23.9008731042399,24.2796004185573));
#15120=CARTESIAN_POINT('Ctrl Pts',(58.5,-23.9008731042399,24.2796004185573));
#15121=CARTESIAN_POINT('Ctrl Pts',(73.5,-23.816959533149,24.6551980461906));
#15122=CARTESIAN_POINT('Ctrl Pts',(58.5,-23.816959533149,24.6551980461906));
#15123=CARTESIAN_POINT('Ctrl Pts',(73.5,-23.6847958128457,25.0163973265617));
#15124=CARTESIAN_POINT('Ctrl Pts',(58.5,-23.6847958128457,25.0163973265617));
#15125=CARTESIAN_POINT('Ctrl Pts',(73.5,-23.633014857769,25.157913044095));
#15126=CARTESIAN_POINT('Ctrl Pts',(58.5,-23.633014857769,25.157913044095));
#15127=CARTESIAN_POINT('',(73.5,-23.951909840107,24.0511596947908));
#15128=CARTESIAN_POINT('Ctrl Pts',(73.5,-24.3083217740059,23.053547218442));
#15129=CARTESIAN_POINT('Ctrl Pts',(58.5,-24.3083217740059,23.053547218442));
#15130=CARTESIAN_POINT('Ctrl Pts',(73.5,-24.245207145323,23.1667946502267));
#15131=CARTESIAN_POINT('Ctrl Pts',(58.5,-24.245207145323,23.1667946502267));
#15132=CARTESIAN_POINT('Ctrl Pts',(73.5,-24.0717256017349,23.4780749299873));
#15133=CARTESIAN_POINT('Ctrl Pts',(58.5,-24.0717256017349,23.4780749299873));
#15134=CARTESIAN_POINT('Ctrl Pts',(73.5,-23.9984970086196,23.8283309438218));
#15135=CARTESIAN_POINT('Ctrl Pts',(58.5,-23.9984970086196,23.8283309438218));
#15136=CARTESIAN_POINT('Ctrl Pts',(73.5,-23.951909840107,24.0511596947908));
#15137=CARTESIAN_POINT('Ctrl Pts',(58.5,-23.951909840107,24.0511596947908));
#15138=CARTESIAN_POINT('',(73.5,-24.3083217740059,23.053547218442));
#15139=CARTESIAN_POINT('Ctrl Pts',(73.5,-24.7517049312592,22.8591407090425));
#15140=CARTESIAN_POINT('Ctrl Pts',(58.5,-24.7517049312592,22.8591407090425));
#15141=CARTESIAN_POINT('Ctrl Pts',(73.5,-24.6661440806598,22.8669373683783));
#15142=CARTESIAN_POINT('Ctrl Pts',(58.5,-24.6661440806598,22.8669373683783));
#15143=CARTESIAN_POINT('Ctrl Pts',(73.5,-24.4965892577902,22.8823879066021));
#15144=CARTESIAN_POINT('Ctrl Pts',(58.5,-24.4965892577902,22.8823879066021));
#15145=CARTESIAN_POINT('Ctrl Pts',(73.5,-24.3706897840911,22.9968466907011));
#15146=CARTESIAN_POINT('Ctrl Pts',(58.5,-24.3706897840911,22.9968466907011));
#15147=CARTESIAN_POINT('Ctrl Pts',(73.5,-24.3083217740059,23.053547218442));
#15148=CARTESIAN_POINT('Ctrl Pts',(58.5,-24.3083217740059,23.053547218442));
#15149=CARTESIAN_POINT('',(73.5,-24.7517049312592,22.8591407090425));
#15150=CARTESIAN_POINT('Ctrl Pts',(73.5,-25.28205960989,23.1336975842714));
#15151=CARTESIAN_POINT('Ctrl Pts',(58.5,-25.28205960989,23.1336975842714));
#15152=CARTESIAN_POINT('Ctrl Pts',(73.5,-25.2069796920226,23.0536494940131));
#15153=CARTESIAN_POINT('Ctrl Pts',(58.5,-25.2069796920226,23.0536494940131));
#15154=CARTESIAN_POINT('Ctrl Pts',(73.5,-25.0620934492057,22.8991758694854));
#15155=CARTESIAN_POINT('Ctrl Pts',(58.5,-25.0620934492057,22.8991758694854));
#15156=CARTESIAN_POINT('Ctrl Pts',(73.5,-24.8526263649622,22.8721579617978));
#15157=CARTESIAN_POINT('Ctrl Pts',(58.5,-24.8526263649622,22.8721579617978));
#15158=CARTESIAN_POINT('Ctrl Pts',(73.5,-24.7517049312592,22.8591407090425));
#15159=CARTESIAN_POINT('Ctrl Pts',(58.5,-24.7517049312592,22.8591407090425));
#15160=CARTESIAN_POINT('',(73.5,-25.28205960989,23.1336975842714));
#15161=CARTESIAN_POINT('Ctrl Pts',(73.5,-25.5020460486412,24.0085268765688));
#15162=CARTESIAN_POINT('Ctrl Pts',(58.5,-25.5020460486412,24.0085268765688));
#15163=CARTESIAN_POINT('Ctrl Pts',(73.5,-25.4993532627493,23.8312538135854));
#15164=CARTESIAN_POINT('Ctrl Pts',(58.5,-25.4993532627493,23.8312538135854));
#15165=CARTESIAN_POINT('Ctrl Pts',(73.5,-25.4946354794934,23.5206699343562));
#15166=CARTESIAN_POINT('Ctrl Pts',(58.5,-25.4946354794934,23.5206699343562));
#15167=CARTESIAN_POINT('Ctrl Pts',(73.5,-25.3459005680719,23.2499134354186));
#15168=CARTESIAN_POINT('Ctrl Pts',(58.5,-25.3459005680719,23.2499134354186));
#15169=CARTESIAN_POINT('Ctrl Pts',(73.5,-25.28205960989,23.1336975842714));
#15170=CARTESIAN_POINT('Ctrl Pts',(58.5,-25.28205960989,23.1336975842714));
#15171=CARTESIAN_POINT('',(73.5,-25.5020460486412,24.0085268765688));
#15172=CARTESIAN_POINT('Ctrl Pts',(73.5,-25.2598905563354,24.8799455910921));
#15173=CARTESIAN_POINT('Ctrl Pts',(58.5,-25.2598905563354,24.8799455910921));
#15174=CARTESIAN_POINT('Ctrl Pts',(73.5,-25.3302963779465,24.7611038381367));
#15175=CARTESIAN_POINT('Ctrl Pts',(58.5,-25.3302963779465,24.7611038381367));
#15176=CARTESIAN_POINT('Ctrl Pts',(73.5,-25.4886480813309,24.4938135262978));
#15177=CARTESIAN_POINT('Ctrl Pts',(58.5,-25.4886480813309,24.4938135262978));
#15178=CARTESIAN_POINT('Ctrl Pts',(73.5,-25.4972620145293,24.1818089747101));
#15179=CARTESIAN_POINT('Ctrl Pts',(58.5,-25.4972620145293,24.1818089747101));
#15180=CARTESIAN_POINT('Ctrl Pts',(73.5,-25.5020460486412,24.0085268765688));
#15181=CARTESIAN_POINT('Ctrl Pts',(58.5,-25.5020460486412,24.0085268765688));
#15182=CARTESIAN_POINT('',(73.5,-25.2598905563354,24.8799455910921));
#15183=CARTESIAN_POINT('Ctrl Pts',(73.5,-24.5436558127403,25.2261257916689));
#15184=CARTESIAN_POINT('Ctrl Pts',(58.5,-24.5436558127403,25.2261257916689));
#15185=CARTESIAN_POINT('Ctrl Pts',(73.5,-24.6891054726536,25.2022811404239));
#15186=CARTESIAN_POINT('Ctrl Pts',(58.5,-24.6891054726536,25.2022811404239));
#15187=CARTESIAN_POINT('Ctrl Pts',(73.5,-24.9630173843638,25.1573767108745));
#15188=CARTESIAN_POINT('Ctrl Pts',(58.5,-24.9630173843638,25.1573767108745));
#15189=CARTESIAN_POINT('Ctrl Pts',(73.5,-25.1651106235556,24.968518440937));
#15190=CARTESIAN_POINT('Ctrl Pts',(58.5,-25.1651106235556,24.968518440937));
#15191=CARTESIAN_POINT('Ctrl Pts',(73.5,-25.2598905563354,24.8799455910921));
#15192=CARTESIAN_POINT('Ctrl Pts',(58.5,-25.2598905563354,24.8799455910921));
#15193=CARTESIAN_POINT('',(73.5,-24.5436558127403,25.2261257916689));
#15194=CARTESIAN_POINT('Origin',(73.5,-24.5914047956467,25.8605051785707));
#15195=CARTESIAN_POINT('',(73.5,-24.5914047956467,25.8605051785707));
#15196=CARTESIAN_POINT('Ctrl Pts',(73.5,-25.3792628645897,25.6149388104677));
#15197=CARTESIAN_POINT('Ctrl Pts',(58.5,-25.3792628645897,25.6149388104677));
#15198=CARTESIAN_POINT('Ctrl Pts',(73.5,-25.2584049807352,25.6823359711816));
#15199=CARTESIAN_POINT('Ctrl Pts',(58.5,-25.2584049807352,25.6823359711816));
#15200=CARTESIAN_POINT('Ctrl Pts',(73.5,-25.0130441987739,25.8191629577821));
#15201=CARTESIAN_POINT('Ctrl Pts',(58.5,-25.0130441987739,25.8191629577821));
#15202=CARTESIAN_POINT('Ctrl Pts',(73.5,-24.7333363517154,25.8465886288262));
#15203=CARTESIAN_POINT('Ctrl Pts',(58.5,-24.7333363517154,25.8465886288262));
#15204=CARTESIAN_POINT('Ctrl Pts',(73.5,-24.5914047956467,25.8605051785707));
#15205=CARTESIAN_POINT('Ctrl Pts',(58.5,-24.5914047956467,25.8605051785707));
#15206=CARTESIAN_POINT('',(73.5,-25.3792628645897,25.6149388104677));
#15207=CARTESIAN_POINT('Ctrl Pts',(73.5,-25.9062069654465,24.9618006497622));
#15208=CARTESIAN_POINT('Ctrl Pts',(58.5,-25.9062069654465,24.9618006497622));
#15209=CARTESIAN_POINT('Ctrl Pts',(73.5,-25.8411378298728,25.0940664193577));
#15210=CARTESIAN_POINT('Ctrl Pts',(58.5,-25.8411378298728,25.0940664193577));
#15211=CARTESIAN_POINT('Ctrl Pts',(73.5,-25.7144396102536,25.3516053796737));
#15212=CARTESIAN_POINT('Ctrl Pts',(58.5,-25.7144396102536,25.3516053796737));
#15213=CARTESIAN_POINT('Ctrl Pts',(73.5,-25.4889476284378,25.5287643799811));
#15214=CARTESIAN_POINT('Ctrl Pts',(58.5,-25.4889476284378,25.5287643799811));
#15215=CARTESIAN_POINT('Ctrl Pts',(73.5,-25.3792628645897,25.6149388104677));
#15216=CARTESIAN_POINT('Ctrl Pts',(58.5,-25.3792628645897,25.6149388104677));
#15217=CARTESIAN_POINT('',(73.5,-25.9062069654465,24.9618006497622));
#15218=CARTESIAN_POINT('Ctrl Pts',(73.5,-26.0852655768394,23.9812422543764));
#15219=CARTESIAN_POINT('Ctrl Pts',(58.5,-26.0852655768394,23.9812422543764));
#15220=CARTESIAN_POINT('Ctrl Pts',(73.5,-26.079351670599,24.1573008167557));
#15221=CARTESIAN_POINT('Ctrl Pts',(58.5,-26.079351670599,24.1573008167557));
#15222=CARTESIAN_POINT('Ctrl Pts',(73.5,-26.0680674711041,24.4932344382753));
#15223=CARTESIAN_POINT('Ctrl Pts',(58.5,-26.0680674711041,24.4932344382753));
#15224=CARTESIAN_POINT('Ctrl Pts',(73.5,-25.9583993915251,24.8107100099757));
#15225=CARTESIAN_POINT('Ctrl Pts',(58.5,-25.9583993915251,24.8107100099757));
#15226=CARTESIAN_POINT('Ctrl Pts',(73.5,-25.9062069654465,24.9618006497622));
#15227=CARTESIAN_POINT('Ctrl Pts',(58.5,-25.9062069654465,24.9618006497622));
#15228=CARTESIAN_POINT('Origin',(73.5,-23.9467939734459,32.5214851647615));
#15229=CARTESIAN_POINT('',(73.5,-25.9999999403954,32.5214851647615));
#15230=CARTESIAN_POINT('',(73.5,-23.9467939734459,32.5214851647615));
#15231=CARTESIAN_POINT('Origin',(73.5,-23.9467939734459,29.9225796014071));
#15232=CARTESIAN_POINT('',(73.5,-23.9467939734459,29.9225796014071));
#15233=CARTESIAN_POINT('Origin',(73.5,-25.9999999403954,29.9225796014071));
#15234=CARTESIAN_POINT('',(73.5,-25.9999999403954,29.9225796014071));
#15235=CARTESIAN_POINT('Origin',(73.5,-25.9999999403954,29.2609155923128));
#15236=CARTESIAN_POINT('',(73.5,-25.9999999403954,29.2609155923128));
#15237=CARTESIAN_POINT('Origin',(73.5,-20.9999999403954,29.2609155923128));
#15238=CARTESIAN_POINT('',(73.5,-20.9999999403954,29.2609155923128));
#15239=CARTESIAN_POINT('Origin',(73.5,-20.9999999403954,29.9225796014071));
#15240=CARTESIAN_POINT('',(73.5,-20.9999999403954,29.9225796014071));
#15241=CARTESIAN_POINT('Origin',(73.5,-23.3567529916763,29.9225796014071));
#15242=CARTESIAN_POINT('',(73.5,-23.3567529916763,29.9225796014071));
#15243=CARTESIAN_POINT('Origin',(73.5,-23.3567529916763,32.5214851647615));
#15244=CARTESIAN_POINT('',(73.5,-23.3567529916763,32.5214851647615));
#15245=CARTESIAN_POINT('Origin',(73.5,-20.9999999403954,32.5214851647615));
#15246=CARTESIAN_POINT('',(73.5,-20.9999999403954,32.5214851647615));
#15247=CARTESIAN_POINT('Origin',(73.5,-20.9999999403954,33.1831539422274));
#15248=CARTESIAN_POINT('',(73.5,-20.9999999403954,33.1831539422274));
#15249=CARTESIAN_POINT('Origin',(73.5,-25.9999999403954,33.1831539422274));
#15250=CARTESIAN_POINT('',(73.5,-25.9999999403954,33.1831539422274));
#15251=CARTESIAN_POINT('Origin',(73.5,-25.9999999403954,32.5214851647615));
#15252=CARTESIAN_POINT('Origin',(73.5,-22.5006821751595,33.9675987511873));
#15253=CARTESIAN_POINT('',(73.5,-23.1180080771446,33.9675987511873));
#15254=CARTESIAN_POINT('',(73.5,-22.5006821751595,33.9675987511873));
#15255=CARTESIAN_POINT('Origin',(73.5,-22.5006821751595,35.853680446744));
#15256=CARTESIAN_POINT('',(73.5,-22.5006821751595,35.853680446744));
#15257=CARTESIAN_POINT('Origin',(73.5,-23.1180080771446,35.853680446744));
#15258=CARTESIAN_POINT('',(73.5,-23.1180080771446,35.853680446744));
#15259=CARTESIAN_POINT('Origin',(73.5,-23.1180080771446,33.9675987511873));
#15260=CARTESIAN_POINT('Origin',(73.5,-22.5006821751595,26.5972030907869));
#15261=CARTESIAN_POINT('',(73.5,-23.1180080771446,26.5972030907869));
#15262=CARTESIAN_POINT('',(73.5,-22.5006821751595,26.5972030907869));
#15263=CARTESIAN_POINT('Origin',(73.5,-22.5006821751595,28.4832895547152));
#15264=CARTESIAN_POINT('',(73.5,-22.5006821751595,28.4832895547152));
#15265=CARTESIAN_POINT('Origin',(73.5,-23.1180080771446,28.4832895547152));
#15266=CARTESIAN_POINT('',(73.5,-23.1180080771446,28.4832895547152));
#15267=CARTESIAN_POINT('Origin',(73.5,-23.1180080771446,26.5972030907869));
#15268=CARTESIAN_POINT('Origin',(73.5,-25.9999999403954,36.8973387032747));
#15269=CARTESIAN_POINT('',(73.5,-24.4924965500832,37.883013561368));
#15270=CARTESIAN_POINT('',(73.5,-25.9999999403954,36.8973387032747));
#15271=CARTESIAN_POINT('Origin',(73.5,-25.9999999403954,36.0924280434847));
#15272=CARTESIAN_POINT('',(73.5,-25.9999999403954,36.0924280434847));
#15273=CARTESIAN_POINT('Origin',(73.5,-23.1180080771446,38.0194414407015));
#15274=CARTESIAN_POINT('',(73.5,-23.1180080771446,38.0194414407015));
#15275=CARTESIAN_POINT('Origin',(73.5,-20.9999999403954,38.0194414407015));
#15276=CARTESIAN_POINT('',(73.5,-20.9999999403954,38.0194414407015));
#15277=CARTESIAN_POINT('Origin',(73.5,-20.9999999403954,38.6811054497957));
#15278=CARTESIAN_POINT('',(73.5,-20.9999999403954,38.6811054497957));
#15279=CARTESIAN_POINT('Origin',(73.5,-23.1180080771446,38.6811054497957));
#15280=CARTESIAN_POINT('',(73.5,-23.1180080771446,38.6811054497957));
#15281=CARTESIAN_POINT('Origin',(73.5,-25.9999999403954,40.6763304024935));
#15282=CARTESIAN_POINT('',(73.5,-25.9999999403954,40.6763304024935));
#15283=CARTESIAN_POINT('Origin',(73.5,-25.9999999403954,39.9055279046297));
#15284=CARTESIAN_POINT('',(73.5,-25.9999999403954,39.9055279046297));
#15285=CARTESIAN_POINT('Origin',(73.5,-24.5300135016441,38.9369047433138));
#15286=CARTESIAN_POINT('',(73.5,-24.5300135016441,38.9369047433138));
#15287=CARTESIAN_POINT('Ctrl Pts',(73.5,-23.6466574668884,38.391202762723));
#15288=CARTESIAN_POINT('Ctrl Pts',(58.5,-23.6466574668884,38.391202762723));
#15289=CARTESIAN_POINT('Ctrl Pts',(73.5,-23.7862032611255,38.4732828060786));
#15290=CARTESIAN_POINT('Ctrl Pts',(58.5,-23.7862032611255,38.4732828060786));
#15291=CARTESIAN_POINT('Ctrl Pts',(73.5,-24.0845940135435,38.6487945513753));
#15292=CARTESIAN_POINT('Ctrl Pts',(58.5,-24.0845940135435,38.6487945513753));
#15293=CARTESIAN_POINT('Ctrl Pts',(73.5,-24.3752735320394,38.8368144609297));
#15294=CARTESIAN_POINT('Ctrl Pts',(58.5,-24.3752735320394,38.8368144609297));
#15295=CARTESIAN_POINT('Ctrl Pts',(73.5,-24.5300135016441,38.9369047433138));
#15296=CARTESIAN_POINT('Ctrl Pts',(58.5,-24.5300135016441,38.9369047433138));
#15297=CARTESIAN_POINT('',(73.5,-23.6466574668884,38.391202762723));
#15298=CARTESIAN_POINT('Ctrl Pts',(73.5,-24.4924965500832,37.883013561368));
#15299=CARTESIAN_POINT('Ctrl Pts',(58.5,-24.4924965500832,37.883013561368));
#15300=CARTESIAN_POINT('Ctrl Pts',(73.5,-24.3522269801875,37.9720096664295));
#15301=CARTESIAN_POINT('Ctrl Pts',(58.5,-24.3522269801875,37.9720096664295));
#15302=CARTESIAN_POINT('Ctrl Pts',(73.5,-24.0744070413639,38.1482766392456));
#15303=CARTESIAN_POINT('Ctrl Pts',(58.5,-24.0744070413639,38.1482766392456));
#15304=CARTESIAN_POINT('Ctrl Pts',(73.5,-23.7883072446406,38.3107574894741));
#15305=CARTESIAN_POINT('Ctrl Pts',(58.5,-23.7883072446406,38.3107574894741));
#15306=CARTESIAN_POINT('Ctrl Pts',(73.5,-23.6466574668884,38.391202762723));
#15307=CARTESIAN_POINT('Ctrl Pts',(58.5,-23.6466574668884,38.391202762723));
#15308=CARTESIAN_POINT('Ctrl Pts',(73.5,-25.5702590942383,18.2309008389711));
#15309=CARTESIAN_POINT('Ctrl Pts',(58.5,-25.5702590942383,18.2309008389711));
#15310=CARTESIAN_POINT('Ctrl Pts',(73.5,-25.4495453165368,18.3550439841082));
#15311=CARTESIAN_POINT('Ctrl Pts',(58.5,-25.4495453165368,18.3550439841082));
#15312=CARTESIAN_POINT('Ctrl Pts',(73.5,-25.2035551791512,18.6080224751238));
#15313=CARTESIAN_POINT('Ctrl Pts',(58.5,-25.2035551791512,18.6080224751238));
#15314=CARTESIAN_POINT('Ctrl Pts',(73.5,-24.8804451005044,18.7502257814074));
#15315=CARTESIAN_POINT('Ctrl Pts',(58.5,-24.8804451005044,18.7502257814074));
#15316=CARTESIAN_POINT('Ctrl Pts',(73.5,-24.7158935666084,18.8226462155581));
#15317=CARTESIAN_POINT('Ctrl Pts',(58.5,-24.7158935666084,18.8226462155581));
#15318=CARTESIAN_POINT('',(73.5,-24.7158935666084,18.8226462155581));
#15319=CARTESIAN_POINT('',(73.5,-25.5702590942383,18.2309008389711));
#15320=CARTESIAN_POINT('Ctrl Pts',(73.5,-25.9283766150475,17.4976123124361));
#15321=CARTESIAN_POINT('Ctrl Pts',(58.5,-25.9283766150475,17.4976123124361));
#15322=CARTESIAN_POINT('Ctrl Pts',(73.5,-25.8899011855704,17.6342089931802));
#15323=CARTESIAN_POINT('Ctrl Pts',(58.5,-25.8899011855704,17.6342089931802));
#15324=CARTESIAN_POINT('Ctrl Pts',(73.5,-25.8148993756058,17.9004827795991));
#15325=CARTESIAN_POINT('Ctrl Pts',(58.5,-25.8148993756058,17.9004827795991));
#15326=CARTESIAN_POINT('Ctrl Pts',(73.5,-25.6503807564259,18.1226862637356));
#15327=CARTESIAN_POINT('Ctrl Pts',(58.5,-25.6503807564259,18.1226862637356));
#15328=CARTESIAN_POINT('Ctrl Pts',(73.5,-25.5702590942383,18.2309008389711));
#15329=CARTESIAN_POINT('Ctrl Pts',(58.5,-25.5702590942383,18.2309008389711));
#15330=CARTESIAN_POINT('',(73.5,-25.9283766150475,17.4976123124361));
#15331=CARTESIAN_POINT('Ctrl Pts',(73.5,-25.9999999403954,16.6074354201555));
#15332=CARTESIAN_POINT('Ctrl Pts',(58.5,-25.9999999403954,16.6074354201555));
#15333=CARTESIAN_POINT('Ctrl Pts',(73.5,-25.9992902813759,16.7792858966991));
#15334=CARTESIAN_POINT('Ctrl Pts',(58.5,-25.9992902813759,16.7792858966991));
#15335=CARTESIAN_POINT('Ctrl Pts',(73.5,-25.9980566663048,17.0780171634244));
#15336=CARTESIAN_POINT('Ctrl Pts',(58.5,-25.9980566663048,17.0780171634244));
#15337=CARTESIAN_POINT('Ctrl Pts',(73.5,-25.9491491937843,17.3725252450022));
#15338=CARTESIAN_POINT('Ctrl Pts',(58.5,-25.9491491937843,17.3725252450022));
#15339=CARTESIAN_POINT('Ctrl Pts',(73.5,-25.9283766150475,17.4976123124361));
#15340=CARTESIAN_POINT('Ctrl Pts',(58.5,-25.9283766150475,17.4976123124361));
#15341=CARTESIAN_POINT('',(73.5,-25.9999999403954,16.6074354201555));
#15342=CARTESIAN_POINT('Origin',(73.5,-25.9999999403954,14.8850614577532));
#15343=CARTESIAN_POINT('',(73.5,-25.9999999403954,14.8850614577532));
#15344=CARTESIAN_POINT('Origin',(73.5,-20.9999999403954,14.8850614577532));
#15345=CARTESIAN_POINT('',(73.5,-20.9999999403954,14.8850614577532));
#15346=CARTESIAN_POINT('Origin',(73.5,-20.9999999403954,16.6892904788256));
#15347=CARTESIAN_POINT('',(73.5,-20.9999999403954,16.6892904788256));
#15348=CARTESIAN_POINT('Ctrl Pts',(73.5,-21.0852661728859,17.4924970418215));
#15349=CARTESIAN_POINT('Ctrl Pts',(58.5,-21.0852661728859,17.4924970418215));
#15350=CARTESIAN_POINT('Ctrl Pts',(73.5,-21.0604195702346,17.3676849931861));
#15351=CARTESIAN_POINT('Ctrl Pts',(58.5,-21.0604195702346,17.3676849931861));
#15352=CARTESIAN_POINT('Ctrl Pts',(73.5,-21.007652360528,17.1026192360408));
#15353=CARTESIAN_POINT('Ctrl Pts',(58.5,-21.007652360528,17.1026192360408));
#15354=CARTESIAN_POINT('Ctrl Pts',(73.5,-21.0026479264745,16.8323156625273));
#15355=CARTESIAN_POINT('Ctrl Pts',(58.5,-21.0026479264745,16.8323156625273));
#15356=CARTESIAN_POINT('Ctrl Pts',(73.5,-20.9999999403954,16.6892904788256));
#15357=CARTESIAN_POINT('Ctrl Pts',(58.5,-20.9999999403954,16.6892904788256));
#15358=CARTESIAN_POINT('',(73.5,-21.0852661728859,17.4924970418215));
#15359=CARTESIAN_POINT('Ctrl Pts',(73.5,-21.3359478116035,18.0893588811159));
#15360=CARTESIAN_POINT('Ctrl Pts',(58.5,-21.3359478116035,18.0893588811159));
#15361=CARTESIAN_POINT('Ctrl Pts',(73.5,-21.2835382170396,18.0000874927827));
#15362=CARTESIAN_POINT('Ctrl Pts',(58.5,-21.2835382170396,18.0000874927827));
#15363=CARTESIAN_POINT('Ctrl Pts',(73.5,-21.173374208879,17.8124406690538));
#15364=CARTESIAN_POINT('Ctrl Pts',(58.5,-21.173374208879,17.8124406690538));
#15365=CARTESIAN_POINT('Ctrl Pts',(73.5,-21.1155703402231,17.602539503997));
#15366=CARTESIAN_POINT('Ctrl Pts',(58.5,-21.1155703402231,17.602539503997));
#15367=CARTESIAN_POINT('Ctrl Pts',(73.5,-21.0852661728859,17.4924970418215));
#15368=CARTESIAN_POINT('Ctrl Pts',(58.5,-21.0852661728859,17.4924970418215));
#15369=CARTESIAN_POINT('',(73.5,-21.3359478116035,18.0893588811159));
#15370=CARTESIAN_POINT('Ctrl Pts',(73.5,-21.7895635962486,18.5446787625551));
#15371=CARTESIAN_POINT('Ctrl Pts',(58.5,-21.7895635962486,18.5446787625551));
#15372=CARTESIAN_POINT('Ctrl Pts',(73.5,-21.700007201751,18.4757388370056));
#15373=CARTESIAN_POINT('Ctrl Pts',(58.5,-21.700007201751,18.4757388370056));
#15374=CARTESIAN_POINT('Ctrl Pts',(73.5,-21.5286786987775,18.3438512782693));
#15375=CARTESIAN_POINT('Ctrl Pts',(58.5,-21.5286786987775,18.3438512782693));
#15376=CARTESIAN_POINT('Ctrl Pts',(73.5,-21.3982155829945,18.1715806497128));
#15377=CARTESIAN_POINT('Ctrl Pts',(58.5,-21.3982155829945,18.1715806497128));
#15378=CARTESIAN_POINT('Ctrl Pts',(73.5,-21.3359478116035,18.0893588811159));
#15379=CARTESIAN_POINT('Ctrl Pts',(58.5,-21.3359478116035,18.0893588811159));
#15380=CARTESIAN_POINT('',(73.5,-21.7895635962486,18.5446787625551));
#15381=CARTESIAN_POINT('Ctrl Pts',(73.5,-22.5177350640297,18.8857436925173));
#15382=CARTESIAN_POINT('Ctrl Pts',(58.5,-22.5177350640297,18.8857436925173));
#15383=CARTESIAN_POINT('Ctrl Pts',(73.5,-22.3810295835358,18.8408280446046));
#15384=CARTESIAN_POINT('Ctrl Pts',(58.5,-22.3810295835358,18.8408280446046));
#15385=CARTESIAN_POINT('Ctrl Pts',(73.5,-22.124361437388,18.7564977306983));
#15386=CARTESIAN_POINT('Ctrl Pts',(58.5,-22.124361437388,18.7564977306983));
#15387=CARTESIAN_POINT('Ctrl Pts',(73.5,-21.8962018218524,18.6121463389145));
#15388=CARTESIAN_POINT('Ctrl Pts',(58.5,-21.8962018218524,18.6121463389145));
#15389=CARTESIAN_POINT('Ctrl Pts',(73.5,-21.7895635962486,18.5446787625551));
#15390=CARTESIAN_POINT('Ctrl Pts',(58.5,-21.7895635962486,18.5446787625551));
#15391=CARTESIAN_POINT('Ctrl Pts',(73.5,-24.7158935666084,18.8226462155581));
#15392=CARTESIAN_POINT('Ctrl Pts',(58.5,-24.7158935666084,18.8226462155581));
#15393=CARTESIAN_POINT('Ctrl Pts',(73.5,-24.531533932996,18.8798108658839));
#15394=CARTESIAN_POINT('Ctrl Pts',(58.5,-24.531533932996,18.8798108658839));
#15395=CARTESIAN_POINT('Ctrl Pts',(73.5,-24.1445812638259,18.9997938230658));
#15396=CARTESIAN_POINT('Ctrl Pts',(58.5,-24.1445812638259,18.9997938230658));
#15397=CARTESIAN_POINT('Ctrl Pts',(73.5,-23.7394144147475,19.0122415006986));
#15398=CARTESIAN_POINT('Ctrl Pts',(58.5,-23.7394144147475,19.0122415006986));
#15399=CARTESIAN_POINT('Ctrl Pts',(73.5,-23.5272851586342,19.0187586098909));
#15400=CARTESIAN_POINT('Ctrl Pts',(58.5,-23.5272851586342,19.0187586098909));
#15401=CARTESIAN_POINT('Ctrl Pts',(73.5,-26.0852655768394,9.68383349478245));
#15402=CARTESIAN_POINT('Ctrl Pts',(58.5,-26.0852655768394,9.68383349478245));
#15403=CARTESIAN_POINT('Ctrl Pts',(73.5,-26.0723076424173,9.91991358122706));
#15404=CARTESIAN_POINT('Ctrl Pts',(58.5,-26.0723076424173,9.91991358122706));
#15405=CARTESIAN_POINT('Ctrl Pts',(73.5,-26.0474721373008,10.372390650782));
#15406=CARTESIAN_POINT('Ctrl Pts',(58.5,-26.0474721373008,10.372390650782));
#15407=CARTESIAN_POINT('Ctrl Pts',(73.5,-25.8146304556159,10.7602684215211));
#15408=CARTESIAN_POINT('Ctrl Pts',(58.5,-25.8146304556159,10.7602684215211));
#15409=CARTESIAN_POINT('Ctrl Pts',(73.5,-25.7032740116119,10.9457708150148));
#15410=CARTESIAN_POINT('Ctrl Pts',(58.5,-25.7032740116119,10.9457708150148));
#15411=CARTESIAN_POINT('',(73.5,-25.7032740116119,10.9457708150148));
#15412=CARTESIAN_POINT('',(73.5,-26.0852655768394,9.68383349478245));
#15413=CARTESIAN_POINT('Ctrl Pts',(73.5,-25.7834240794182,8.47135059535503));
#15414=CARTESIAN_POINT('Ctrl Pts',(58.5,-25.7834240794182,8.47135059535503));
#15415=CARTESIAN_POINT('Ctrl Pts',(73.5,-25.8714565653458,8.66104084696452));
#15416=CARTESIAN_POINT('Ctrl Pts',(58.5,-25.8714565653458,8.66104084696452));
#15417=CARTESIAN_POINT('Ctrl Pts',(73.5,-26.04995645339,9.04566804814578));
#15418=CARTESIAN_POINT('Ctrl Pts',(58.5,-26.04995645339,9.04566804814578));
#15419=CARTESIAN_POINT('Ctrl Pts',(73.5,-26.0733893198137,9.46918594398445));
#15420=CARTESIAN_POINT('Ctrl Pts',(58.5,-26.0733893198137,9.46918594398445));
#15421=CARTESIAN_POINT('Ctrl Pts',(73.5,-26.0852655768394,9.68383349478245));
#15422=CARTESIAN_POINT('Ctrl Pts',(58.5,-26.0852655768394,9.68383349478245));
#15423=CARTESIAN_POINT('',(73.5,-25.7834240794182,8.47135059535503));
#15424=CARTESIAN_POINT('Ctrl Pts',(73.5,-24.9000680446625,7.62210093438625));
#15425=CARTESIAN_POINT('Ctrl Pts',(58.5,-24.9000680446625,7.62210093438625));
#15426=CARTESIAN_POINT('Ctrl Pts',(73.5,-25.0817035201441,7.73109853213404));
#15427=CARTESIAN_POINT('Ctrl Pts',(58.5,-25.0817035201441,7.73109853213404));
#15428=CARTESIAN_POINT('Ctrl Pts',(73.5,-25.4411492739526,7.94679826580044));
#15429=CARTESIAN_POINT('Ctrl Pts',(58.5,-25.4411492739526,7.94679826580044));
#15430=CARTESIAN_POINT('Ctrl Pts',(73.5,-25.6701447958293,8.29774473495291));
#15431=CARTESIAN_POINT('Ctrl Pts',(58.5,-25.6701447958293,8.29774473495291));
#15432=CARTESIAN_POINT('Ctrl Pts',(73.5,-25.7834240794182,8.47135059535503));
#15433=CARTESIAN_POINT('Ctrl Pts',(58.5,-25.7834240794182,8.47135059535503));
#15434=CARTESIAN_POINT('',(73.5,-24.9000680446625,7.62210093438625));
#15435=CARTESIAN_POINT('Ctrl Pts',(73.5,-23.5375168919563,7.32366979122162));
#15436=CARTESIAN_POINT('Ctrl Pts',(58.5,-23.5375168919563,7.32366979122162));
#15437=CARTESIAN_POINT('Ctrl Pts',(73.5,-23.7845873147216,7.33363319498044));
#15438=CARTESIAN_POINT('Ctrl Pts',(58.5,-23.7845873147216,7.33363319498044));
#15439=CARTESIAN_POINT('Ctrl Pts',(73.5,-24.2568568502569,7.35267801634298));
#15440=CARTESIAN_POINT('Ctrl Pts',(58.5,-24.2568568502569,7.35267801634298));
#15441=CARTESIAN_POINT('Ctrl Pts',(73.5,-24.6923876124942,7.53510949433991));
#15442=CARTESIAN_POINT('Ctrl Pts',(58.5,-24.6923876124942,7.53510949433991));
#15443=CARTESIAN_POINT('Ctrl Pts',(73.5,-24.9000680446625,7.62210093438625));
#15444=CARTESIAN_POINT('Ctrl Pts',(58.5,-24.9000680446625,7.62210093438625));
#15445=CARTESIAN_POINT('',(73.5,-23.5375168919563,7.32366979122162));
#15446=CARTESIAN_POINT('Ctrl Pts',(73.5,-22.1971347928047,7.58799448609352));
#15447=CARTESIAN_POINT('Ctrl Pts',(58.5,-22.1971347928047,7.58799448609352));
#15448=CARTESIAN_POINT('Ctrl Pts',(73.5,-22.4106703108327,7.51090416467382));
#15449=CARTESIAN_POINT('Ctrl Pts',(58.5,-22.4106703108327,7.51090416467382));
#15450=CARTESIAN_POINT('Ctrl Pts',(73.5,-22.8438944752451,7.35450212725278));
#15451=CARTESIAN_POINT('Ctrl Pts',(58.5,-22.8438944752451,7.35450212725278));
#15452=CARTESIAN_POINT('Ctrl Pts',(73.5,-23.30413049287,7.33404409243848));
#15453=CARTESIAN_POINT('Ctrl Pts',(58.5,-23.30413049287,7.33404409243848));
#15454=CARTESIAN_POINT('Ctrl Pts',(73.5,-23.5375168919563,7.32366979122162));
#15455=CARTESIAN_POINT('Ctrl Pts',(58.5,-23.5375168919563,7.32366979122162));
#15456=CARTESIAN_POINT('',(73.5,-22.1971347928047,7.58799448609352));
#15457=CARTESIAN_POINT('Ctrl Pts',(73.5,-21.2438610196114,8.35879929363728));
#15458=CARTESIAN_POINT('Ctrl Pts',(58.5,-21.2438610196114,8.35879929363728));
#15459=CARTESIAN_POINT('Ctrl Pts',(73.5,-21.3688931152093,8.1988070412503));
#15460=CARTESIAN_POINT('Ctrl Pts',(58.5,-21.3688931152093,8.1988070412503));
#15461=CARTESIAN_POINT('Ctrl Pts',(73.5,-21.6268909553074,7.86867056428524));
#15462=CARTESIAN_POINT('Ctrl Pts',(58.5,-21.6268909553074,7.86867056428524));
#15463=CARTESIAN_POINT('Ctrl Pts',(73.5,-22.0031962793819,7.68345172346895));
#15464=CARTESIAN_POINT('Ctrl Pts',(58.5,-22.0031962793819,7.68345172346895));
#15465=CARTESIAN_POINT('Ctrl Pts',(73.5,-22.1971347928047,7.58799448609352));
#15466=CARTESIAN_POINT('Ctrl Pts',(58.5,-22.1971347928047,7.58799448609352));
#15467=CARTESIAN_POINT('',(73.5,-21.2438610196114,8.35879929363728));
#15468=CARTESIAN_POINT('Ctrl Pts',(73.5,-20.9147337079048,9.67360146343708));
#15469=CARTESIAN_POINT('Ctrl Pts',(58.5,-20.9147337079048,9.67360146343708));
#15470=CARTESIAN_POINT('Ctrl Pts',(73.5,-20.9237011709345,9.42447292409413));
#15471=CARTESIAN_POINT('Ctrl Pts',(58.5,-20.9237011709345,9.42447292409413));
#15472=CARTESIAN_POINT('Ctrl Pts',(73.5,-20.94035522177,8.96180033263123));
#15473=CARTESIAN_POINT('Ctrl Pts',(58.5,-20.94035522177,8.96180033263123));
#15474=CARTESIAN_POINT('Ctrl Pts',(73.5,-21.1480162063729,8.54922241693849));
#15475=CARTESIAN_POINT('Ctrl Pts',(58.5,-21.1480162063729,8.54922241693849));
#15476=CARTESIAN_POINT('Ctrl Pts',(73.5,-21.2438610196114,8.35879929363728));
#15477=CARTESIAN_POINT('Ctrl Pts',(58.5,-21.2438610196114,8.35879929363728));
#15478=CARTESIAN_POINT('',(73.5,-20.9147337079048,9.67360146343708));
#15479=CARTESIAN_POINT('Ctrl Pts',(73.5,-21.3427695631981,10.9952250868082));
#15480=CARTESIAN_POINT('Ctrl Pts',(58.5,-21.3427695631981,10.9952250868082));
#15481=CARTESIAN_POINT('Ctrl Pts',(73.5,-21.2179655186519,10.8008710275802));
#15482=CARTESIAN_POINT('Ctrl Pts',(58.5,-21.2179655186519,10.8008710275802));
#15483=CARTESIAN_POINT('Ctrl Pts',(73.5,-20.9596127461801,10.3985450434723));
#15484=CARTESIAN_POINT('Ctrl Pts',(58.5,-20.9596127461801,10.3985450434723));
#15485=CARTESIAN_POINT('Ctrl Pts',(73.5,-20.9300271897264,9.92064132634485));
#15486=CARTESIAN_POINT('Ctrl Pts',(58.5,-20.9300271897264,9.92064132634485));
#15487=CARTESIAN_POINT('Ctrl Pts',(73.5,-20.9147337079048,9.67360146343708));
#15488=CARTESIAN_POINT('Ctrl Pts',(58.5,-20.9147337079048,9.67360146343708));
#15489=CARTESIAN_POINT('',(73.5,-21.3427695631981,10.9952250868082));
#15490=CARTESIAN_POINT('Ctrl Pts',(73.5,-22.5859478116035,11.7438609153032));
#15491=CARTESIAN_POINT('Ctrl Pts',(58.5,-22.5859478116035,11.7438609153032));
#15492=CARTESIAN_POINT('Ctrl Pts',(73.5,-22.3347226415081,11.6659531673819));
#15493=CARTESIAN_POINT('Ctrl Pts',(58.5,-22.3347226415081,11.6659531673819));
#15494=CARTESIAN_POINT('Ctrl Pts',(73.5,-21.8578570403261,11.5180717865668));
#15495=CARTESIAN_POINT('Ctrl Pts',(58.5,-21.8578570403261,11.5180717865668));
#15496=CARTESIAN_POINT('Ctrl Pts',(73.5,-21.5082123566373,11.1631600927821));
#15497=CARTESIAN_POINT('Ctrl Pts',(58.5,-21.5082123566373,11.1631600927821));
#15498=CARTESIAN_POINT('Ctrl Pts',(73.5,-21.3427695631981,10.9952250868082));
#15499=CARTESIAN_POINT('Ctrl Pts',(58.5,-21.3427695631981,10.9952250868082));
#15500=CARTESIAN_POINT('',(73.5,-22.5859478116035,11.7438609153032));
#15501=CARTESIAN_POINT('Origin',(73.5,-22.7530691027641,11.0821966081858));
#15502=CARTESIAN_POINT('',(73.5,-22.7530691027641,11.0821966081858));
#15503=CARTESIAN_POINT('Ctrl Pts',(73.5,-21.8015006184578,10.5603683739901));
#15504=CARTESIAN_POINT('Ctrl Pts',(58.5,-21.8015006184578,10.5603683739901));
#15505=CARTESIAN_POINT('Ctrl Pts',(73.5,-21.9276728218244,10.6797249484382));
#15506=CARTESIAN_POINT('Ctrl Pts',(58.5,-21.9276728218244,10.6797249484382));
#15507=CARTESIAN_POINT('Ctrl Pts',(73.5,-22.1985028202168,10.9359251256834));
#15508=CARTESIAN_POINT('Ctrl Pts',(58.5,-22.1985028202168,10.9359251256834));
#15509=CARTESIAN_POINT('Ctrl Pts',(73.5,-22.5599892171459,11.0312701779292));
#15510=CARTESIAN_POINT('Ctrl Pts',(58.5,-22.5599892171459,11.0312701779292));
#15511=CARTESIAN_POINT('Ctrl Pts',(73.5,-22.7530691027641,11.0821966081858));
#15512=CARTESIAN_POINT('Ctrl Pts',(58.5,-22.7530691027641,11.0821966081858));
#15513=CARTESIAN_POINT('',(73.5,-21.8015006184578,10.5603683739901));
#15514=CARTESIAN_POINT('Ctrl Pts',(73.5,-21.4809003472328,9.61903132498264));
#15515=CARTESIAN_POINT('Ctrl Pts',(58.5,-21.4809003472328,9.61903132498264));
#15516=CARTESIAN_POINT('Ctrl Pts',(73.5,-21.4926819742098,9.79530359723769));
#15517=CARTESIAN_POINT('Ctrl Pts',(58.5,-21.4926819742098,9.79530359723769));
#15518=CARTESIAN_POINT('Ctrl Pts',(73.5,-21.5155972597652,10.1381534822435));
#15519=CARTESIAN_POINT('Ctrl Pts',(58.5,-21.5155972597652,10.1381534822435));
#15520=CARTESIAN_POINT('Ctrl Pts',(73.5,-21.7080131267575,10.4223083967711));
#15521=CARTESIAN_POINT('Ctrl Pts',(58.5,-21.7080131267575,10.4223083967711));
#15522=CARTESIAN_POINT('Ctrl Pts',(73.5,-21.8015006184578,10.5603683739901));
#15523=CARTESIAN_POINT('Ctrl Pts',(58.5,-21.8015006184578,10.5603683739901));
#15524=CARTESIAN_POINT('',(73.5,-21.4809003472328,9.61903132498264));
#15525=CARTESIAN_POINT('Ctrl Pts',(73.5,-21.7162343859673,8.76978166401386));
#15526=CARTESIAN_POINT('Ctrl Pts',(58.5,-21.7162343859673,8.76978166401386));
#15527=CARTESIAN_POINT('Ctrl Pts',(73.5,-21.6475952177705,8.9032061510841));
#15528=CARTESIAN_POINT('Ctrl Pts',(58.5,-21.6475952177705,8.9032061510841));
#15529=CARTESIAN_POINT('Ctrl Pts',(73.5,-21.5103470986813,9.16999638721166));
#15530=CARTESIAN_POINT('Ctrl Pts',(58.5,-21.5103470986813,9.16999638721166));
#15531=CARTESIAN_POINT('Ctrl Pts',(73.5,-21.4907144902411,9.4693749833411));
#15532=CARTESIAN_POINT('Ctrl Pts',(58.5,-21.4907144902411,9.4693749833411));
#15533=CARTESIAN_POINT('Ctrl Pts',(73.5,-21.4809003472328,9.61903132498264));
#15534=CARTESIAN_POINT('Ctrl Pts',(58.5,-21.4809003472328,9.61903132498264));
#15535=CARTESIAN_POINT('',(73.5,-21.7162343859673,8.76978166401386));
#15536=CARTESIAN_POINT('Ctrl Pts',(73.5,-22.4273529648781,8.19167800247669));
#15537=CARTESIAN_POINT('Ctrl Pts',(58.5,-22.4273529648781,8.19167800247669));
#15538=CARTESIAN_POINT('Ctrl Pts',(73.5,-22.2800411257378,8.26017560940292));
#15539=CARTESIAN_POINT('Ctrl Pts',(58.5,-22.2800411257378,8.26017560940292));
#15540=CARTESIAN_POINT('Ctrl Pts',(73.5,-21.993974023289,8.39319215479676));
#15541=CARTESIAN_POINT('Ctrl Pts',(58.5,-21.993974023289,8.39319215479676));
#15542=CARTESIAN_POINT('Ctrl Pts',(73.5,-21.8069495639195,8.64678019158085));
#15543=CARTESIAN_POINT('Ctrl Pts',(58.5,-21.8069495639195,8.64678019158085));
#15544=CARTESIAN_POINT('Ctrl Pts',(73.5,-21.7162343859673,8.76978166401386));
#15545=CARTESIAN_POINT('Ctrl Pts',(58.5,-21.7162343859673,8.76978166401386));
#15546=CARTESIAN_POINT('',(73.5,-22.4273529648781,8.19167800247669));
#15547=CARTESIAN_POINT('Ctrl Pts',(73.5,-23.5409274697304,8.0057980120182));
#15548=CARTESIAN_POINT('Ctrl Pts',(58.5,-23.5409274697304,8.0057980120182));
#15549=CARTESIAN_POINT('Ctrl Pts',(73.5,-23.3401660626044,8.01162722718041));
#15550=CARTESIAN_POINT('Ctrl Pts',(58.5,-23.3401660626044,8.01162722718041));
#15551=CARTESIAN_POINT('Ctrl Pts',(73.5,-22.9601963476231,8.02265985170451));
#15552=CARTESIAN_POINT('Ctrl Pts',(58.5,-22.9601963476231,8.02265985170451));
#15553=CARTESIAN_POINT('Ctrl Pts',(73.5,-22.5981214090477,8.13751017834964));
#15554=CARTESIAN_POINT('Ctrl Pts',(58.5,-22.5981214090477,8.13751017834964));
#15555=CARTESIAN_POINT('Ctrl Pts',(73.5,-22.4273529648781,8.19167800247669));
#15556=CARTESIAN_POINT('Ctrl Pts',(58.5,-22.4273529648781,8.19167800247669));
#15557=CARTESIAN_POINT('',(73.5,-23.5409274697304,8.0057980120182));
#15558=CARTESIAN_POINT('Ctrl Pts',(73.5,-24.5010229945183,8.16268749535084));
#15559=CARTESIAN_POINT('Ctrl Pts',(58.5,-24.5010229945183,8.16268749535084));
#15560=CARTESIAN_POINT('Ctrl Pts',(73.5,-24.3444920954962,8.11692810927056));
#15561=CARTESIAN_POINT('Ctrl Pts',(58.5,-24.3444920954962,8.11692810927056));
#15562=CARTESIAN_POINT('Ctrl Pts',(73.5,-24.0309004866926,8.02525445513312));
#15563=CARTESIAN_POINT('Ctrl Pts',(58.5,-24.0309004866926,8.02525445513312));
#15564=CARTESIAN_POINT('Ctrl Pts',(73.5,-23.7044356620393,8.0122907937273));
#15565=CARTESIAN_POINT('Ctrl Pts',(58.5,-23.7044356620393,8.0122907937273));
#15566=CARTESIAN_POINT('Ctrl Pts',(73.5,-23.5409274697304,8.0057980120182));
#15567=CARTESIAN_POINT('Ctrl Pts',(58.5,-23.5409274697304,8.0057980120182));
#15568=CARTESIAN_POINT('',(73.5,-24.5010229945183,8.16268749535084));
#15569=CARTESIAN_POINT('Ctrl Pts',(73.5,-25.242837369442,8.70668478310108));
#15570=CARTESIAN_POINT('Ctrl Pts',(58.5,-25.242837369442,8.70668478310108));
#15571=CARTESIAN_POINT('Ctrl Pts',(73.5,-25.1421953090299,8.58701815304867));
#15572=CARTESIAN_POINT('Ctrl Pts',(58.5,-25.1421953090299,8.58701815304867));
#15573=CARTESIAN_POINT('Ctrl Pts',(73.5,-24.9391362802491,8.345574470592));
#15574=CARTESIAN_POINT('Ctrl Pts',(58.5,-24.9391362802491,8.345574470592));
#15575=CARTESIAN_POINT('Ctrl Pts',(73.5,-24.6479092800049,8.22400402998239));
#15576=CARTESIAN_POINT('Ctrl Pts',(58.5,-24.6479092800049,8.22400402998239));
#15577=CARTESIAN_POINT('Ctrl Pts',(73.5,-24.5010229945183,8.16268749535084));
#15578=CARTESIAN_POINT('Ctrl Pts',(58.5,-24.5010229945183,8.16268749535084));
#15579=CARTESIAN_POINT('',(73.5,-25.242837369442,8.70668478310108));
#15580=CARTESIAN_POINT('Ctrl Pts',(73.5,-25.5190992355347,9.67019088566303));
#15581=CARTESIAN_POINT('Ctrl Pts',(58.5,-25.5190992355347,9.67019088566303));
#15582=CARTESIAN_POINT('Ctrl Pts',(73.5,-25.5101520069755,9.48967182831205));
#15583=CARTESIAN_POINT('Ctrl Pts',(58.5,-25.5101520069755,9.48967182831205));
#15584=CARTESIAN_POINT('Ctrl Pts',(73.5,-25.4931337821853,9.1463125549214));
#15585=CARTESIAN_POINT('Ctrl Pts',(58.5,-25.4931337821853,9.1463125549214));
#15586=CARTESIAN_POINT('Ctrl Pts',(73.5,-25.3233556686029,8.84810942464077));
#15587=CARTESIAN_POINT('Ctrl Pts',(58.5,-25.3233556686029,8.84810942464077));
#15588=CARTESIAN_POINT('Ctrl Pts',(73.5,-25.242837369442,8.70668478310108));
#15589=CARTESIAN_POINT('Ctrl Pts',(58.5,-25.242837369442,8.70668478310108));
#15590=CARTESIAN_POINT('',(73.5,-25.5190992355347,9.67019088566303));
#15591=CARTESIAN_POINT('Ctrl Pts',(73.5,-25.2701225876808,10.5023873597383));
#15592=CARTESIAN_POINT('Ctrl Pts',(58.5,-25.2701225876808,10.5023873597383));
#15593=CARTESIAN_POINT('Ctrl Pts',(73.5,-25.342688308665,10.3810834107608));
#15594=CARTESIAN_POINT('Ctrl Pts',(58.5,-25.342688308665,10.3810834107608));
#15595=CARTESIAN_POINT('Ctrl Pts',(73.5,-25.4957078240531,10.1252894734105));
#15596=CARTESIAN_POINT('Ctrl Pts',(58.5,-25.4957078240531,10.1252894734105));
#15597=CARTESIAN_POINT('Ctrl Pts',(73.5,-25.5110386661624,9.82701569893514));
#15598=CARTESIAN_POINT('Ctrl Pts',(58.5,-25.5110386661624,9.82701569893514));
#15599=CARTESIAN_POINT('Ctrl Pts',(73.5,-25.5190992355347,9.67019088566303));
#15600=CARTESIAN_POINT('Ctrl Pts',(58.5,-25.5190992355347,9.67019088566303));
#15601=CARTESIAN_POINT('',(73.5,-25.2701225876808,10.5023873597383));
#15602=CARTESIAN_POINT('Ctrl Pts',(73.5,-24.4754430651665,11.0071624070406));
#15603=CARTESIAN_POINT('Ctrl Pts',(58.5,-24.4754430651665,11.0071624070406));
#15604=CARTESIAN_POINT('Ctrl Pts',(73.5,-24.640523448783,10.948192476064));
#15605=CARTESIAN_POINT('Ctrl Pts',(58.5,-24.640523448783,10.948192476064));
#15606=CARTESIAN_POINT('Ctrl Pts',(73.5,-24.9444649386974,10.8396186510673));
#15607=CARTESIAN_POINT('Ctrl Pts',(58.5,-24.9444649386974,10.8396186510673));
#15608=CARTESIAN_POINT('Ctrl Pts',(73.5,-25.1679976638457,10.6081417310829));
#15609=CARTESIAN_POINT('Ctrl Pts',(58.5,-25.1679976638457,10.6081417310829));
#15610=CARTESIAN_POINT('Ctrl Pts',(73.5,-25.2701225876808,10.5023873597383));
#15611=CARTESIAN_POINT('Ctrl Pts',(58.5,-25.2701225876808,10.5023873597383));
#15612=CARTESIAN_POINT('',(73.5,-24.4754430651665,11.0071624070406));
#15613=CARTESIAN_POINT('Origin',(73.5,-24.6289220452309,11.6585949808359));
#15614=CARTESIAN_POINT('',(73.5,-24.6289220452309,11.6585949808359));
#15615=CARTESIAN_POINT('Ctrl Pts',(73.5,-25.7032740116119,10.9457708150148));
#15616=CARTESIAN_POINT('Ctrl Pts',(58.5,-25.7032740116119,10.9457708150148));
#15617=CARTESIAN_POINT('Ctrl Pts',(73.5,-25.5594363708429,11.104375024404));
#15618=CARTESIAN_POINT('Ctrl Pts',(58.5,-25.5594363708429,11.104375024404));
#15619=CARTESIAN_POINT('Ctrl Pts',(73.5,-25.2619947575854,11.4323523998526));
#15620=CARTESIAN_POINT('Ctrl Pts',(58.5,-25.2619947575854,11.4323523998526));
#15621=CARTESIAN_POINT('Ctrl Pts',(73.5,-24.8445155164116,11.5815478701151));
#15622=CARTESIAN_POINT('Ctrl Pts',(58.5,-24.8445155164116,11.5815478701151));
#15623=CARTESIAN_POINT('Ctrl Pts',(73.5,-24.6289220452309,11.6585949808359));
#15624=CARTESIAN_POINT('Ctrl Pts',(58.5,-24.6289220452309,11.6585949808359));
#15625=CARTESIAN_POINT('Origin',(-27.1248290687799,-30.,-60.));
#15626=CARTESIAN_POINT('',(-27.1248290687799,-30.,-60.));
#15627=CARTESIAN_POINT('Origin',(-27.1248290687799,-30.,-58.8199186325073));
#15628=CARTESIAN_POINT('',(-27.1248290687799,-29.,-58.8199186325073));
#15629=CARTESIAN_POINT('Origin',(-32.0497939735651,-30.,-58.8199186325073));
#15630=CARTESIAN_POINT('Ctrl Pts',(-11.4358780533075,-47.5,-58.5607087612152));
#15631=CARTESIAN_POINT('Ctrl Pts',(-11.4358780533075,-20.,-58.5607087612152));
#15632=CARTESIAN_POINT('Ctrl Pts',(-11.3636916464563,-47.5,-58.335984937389));
#15633=CARTESIAN_POINT('Ctrl Pts',(-11.3636916464563,-20.,-58.335984937389));
#15634=CARTESIAN_POINT('Ctrl Pts',(-11.1915027425393,-47.5,-57.7999428957288));
#15635=CARTESIAN_POINT('Ctrl Pts',(-11.1915027425393,-20.,-57.7999428957288));
#15636=CARTESIAN_POINT('Ctrl Pts',(-11.0095129580556,-47.5,-57.2671431716491));
#15637=CARTESIAN_POINT('Ctrl Pts',(-11.0095129580556,-20.,-57.2671431716491));
#15638=CARTESIAN_POINT('Ctrl Pts',(-10.9038183838129,-47.5,-56.9577080011368));
#15639=CARTESIAN_POINT('Ctrl Pts',(-10.9038183838129,-20.,-56.9577080011368));
#15640=CARTESIAN_POINT('Ctrl Pts',(5.95839284360409,-47.5,-52.5920873880386));
#15641=CARTESIAN_POINT('Ctrl Pts',(5.95839284360409,-20.,-52.5920873880386));
#15642=CARTESIAN_POINT('Ctrl Pts',(6.429268428902,-47.5,-52.6284801758976));
#15643=CARTESIAN_POINT('Ctrl Pts',(6.429268428902,-20.,-52.6284801758976));
#15644=CARTESIAN_POINT('Ctrl Pts',(7.34724973014777,-47.5,-52.6994286382894));
#15645=CARTESIAN_POINT('Ctrl Pts',(7.34724973014777,-20.,-52.6994286382894));
#15646=CARTESIAN_POINT('Ctrl Pts',(8.05547220293642,-47.5,-53.285495405413));
#15647=CARTESIAN_POINT('Ctrl Pts',(8.05547220293642,-20.,-53.285495405413));
#15648=CARTESIAN_POINT('Ctrl Pts',(8.40041421353817,-47.5,-53.5709410905838));
#15649=CARTESIAN_POINT('Ctrl Pts',(8.40041421353817,-20.,-53.5709410905838));
#15650=CARTESIAN_POINT('',(5.95839284360409,-30.,-52.5920873880386));
#15651=CARTESIAN_POINT('Ctrl Pts',(3.68008397519588,-47.5,-53.3969986438751));
#15652=CARTESIAN_POINT('Ctrl Pts',(3.68008397519588,-20.,-53.3969986438751));
#15653=CARTESIAN_POINT('Ctrl Pts',(4.01369481797798,-47.5,-53.1622691677362));
#15654=CARTESIAN_POINT('Ctrl Pts',(4.01369481797798,-20.,-53.1622691677362));
#15655=CARTESIAN_POINT('Ctrl Pts',(4.69701670679651,-47.5,-52.681482069634));
#15656=CARTESIAN_POINT('Ctrl Pts',(4.69701670679651,-20.,-52.681482069634));
#15657=CARTESIAN_POINT('Ctrl Pts',(5.53138112561826,-47.5,-52.6223500317124));
#15658=CARTESIAN_POINT('Ctrl Pts',(5.53138112561826,-20.,-52.6223500317124));
#15659=CARTESIAN_POINT('Ctrl Pts',(5.95839284360409,-47.5,-52.5920873880386));
#15660=CARTESIAN_POINT('Ctrl Pts',(5.95839284360409,-20.,-52.5920873880386));
#15661=CARTESIAN_POINT('Origin',(43.086626753211,-30.,-52.7557981014252));
#15662=CARTESIAN_POINT('',(43.086626753211,-29.,-52.7557981014252));
#15663=CARTESIAN_POINT('Origin',(41.8587996810675,-30.,-52.7557981014252));
#15664=CARTESIAN_POINT('Ctrl Pts',(28.0047728866339,-47.5,-52.9092770814896));
#15665=CARTESIAN_POINT('Ctrl Pts',(28.0047728866339,-20.,-52.9092770814896));
#15666=CARTESIAN_POINT('Ctrl Pts',(28.1874155509599,-47.5,-53.0227292316453));
#15667=CARTESIAN_POINT('Ctrl Pts',(28.1874155509599,-20.,-53.0227292316453));
#15668=CARTESIAN_POINT('Ctrl Pts',(28.544029887951,-47.5,-53.2442473717648));
#15669=CARTESIAN_POINT('Ctrl Pts',(28.544029887951,-20.,-53.2442473717648));
#15670=CARTESIAN_POINT('Ctrl Pts',(28.7523817267432,-47.5,-53.6082403663517));
#15671=CARTESIAN_POINT('Ctrl Pts',(28.7523817267432,-20.,-53.6082403663517));
#15672=CARTESIAN_POINT('Ctrl Pts',(28.8540246337652,-47.5,-53.785811662674));
#15673=CARTESIAN_POINT('Ctrl Pts',(28.8540246337652,-20.,-53.785811662674));
#15674=CARTESIAN_POINT('',(28.0047728866339,-30.,-52.9092770814896));
#15675=CARTESIAN_POINT('Ctrl Pts',(26.6064097732306,-47.5,-52.5920873880386));
#15676=CARTESIAN_POINT('Ctrl Pts',(26.6064097732306,-20.,-52.5920873880386));
#15677=CARTESIAN_POINT('Ctrl Pts',(26.860789048526,-47.5,-52.60265198487));
#15678=CARTESIAN_POINT('Ctrl Pts',(26.860789048526,-20.,-52.60265198487));
#15679=CARTESIAN_POINT('Ctrl Pts',(27.3468376511959,-47.5,-52.6228380142612));
#15680=CARTESIAN_POINT('Ctrl Pts',(27.3468376511959,-20.,-52.6228380142612));
#15681=CARTESIAN_POINT('Ctrl Pts',(27.7924005784202,-47.5,-52.8168185497173));
#15682=CARTESIAN_POINT('Ctrl Pts',(27.7924005784202,-20.,-52.8168185497173));
#15683=CARTESIAN_POINT('Ctrl Pts',(28.0047728866339,-47.5,-52.9092770814896));
#15684=CARTESIAN_POINT('Ctrl Pts',(28.0047728866339,-20.,-52.9092770814896));
#15685=CARTESIAN_POINT('',(26.6064097732306,-30.,-52.5920873880386));
#15686=CARTESIAN_POINT('Ctrl Pts',(24.4372441619635,-47.5,-53.5879945755005));
#15687=CARTESIAN_POINT('Ctrl Pts',(24.4372441619635,-20.,-53.5879945755005));
#15688=CARTESIAN_POINT('Ctrl Pts',(24.7422180280143,-47.5,-53.2975218551409));
#15689=CARTESIAN_POINT('Ctrl Pts',(24.7422180280143,-20.,-53.2975218551409));
#15690=CARTESIAN_POINT('Ctrl Pts',(25.3513900400397,-47.5,-52.7173152499284));
#15691=CARTESIAN_POINT('Ctrl Pts',(25.3513900400397,-20.,-52.7173152499284));
#15692=CARTESIAN_POINT('Ctrl Pts',(26.1884251558723,-47.5,-52.6337945568984));
#15693=CARTESIAN_POINT('Ctrl Pts',(26.1884251558723,-20.,-52.6337945568984));
#15694=CARTESIAN_POINT('Ctrl Pts',(26.6064097732306,-47.5,-52.5920873880386));
#15695=CARTESIAN_POINT('Ctrl Pts',(26.6064097732306,-20.,-52.5920873880386));
#15696=CARTESIAN_POINT('Origin',(32.2135093063116,-30.,-52.7557981014252));
#15697=CARTESIAN_POINT('',(32.2135093063116,-29.,-52.7557981014252));
#15698=CARTESIAN_POINT('Origin',(30.9856774657965,-30.,-52.7557981014252));
#15699=CARTESIAN_POINT('Origin',(43.086626753211,-30.,-50.));
#15700=CARTESIAN_POINT('',(43.086626753211,-29.,-50.));
#15701=CARTESIAN_POINT('Origin',(41.8587996810675,-30.,-50.));
#15702=CARTESIAN_POINT('Ctrl Pts',(38.6971404403448,-47.5,-52.8274214267731));
#15703=CARTESIAN_POINT('Ctrl Pts',(38.6971404403448,-20.,-52.8274214267731));
#15704=CARTESIAN_POINT('Ctrl Pts',(38.865292502438,-47.5,-52.9074472320027));
#15705=CARTESIAN_POINT('Ctrl Pts',(38.865292502438,-20.,-52.9074472320027));
#15706=CARTESIAN_POINT('Ctrl Pts',(39.1815487327929,-47.5,-53.0579577828576));
#15707=CARTESIAN_POINT('Ctrl Pts',(39.1815487327929,-20.,-53.0579577828576));
#15708=CARTESIAN_POINT('Ctrl Pts',(39.4114425311818,-47.5,-53.3213837857891));
#15709=CARTESIAN_POINT('Ctrl Pts',(39.4114425311818,-20.,-53.3213837857891));
#15710=CARTESIAN_POINT('Ctrl Pts',(39.5191027969122,-47.5,-53.4447473287582));
#15711=CARTESIAN_POINT('Ctrl Pts',(39.5191027969122,-20.,-53.4447473287582));
#15712=CARTESIAN_POINT('',(38.6971404403448,-30.,-52.8274214267731));
#15713=CARTESIAN_POINT('Ctrl Pts',(37.4931838363409,-47.5,-52.5920873880386));
#15714=CARTESIAN_POINT('Ctrl Pts',(37.4931838363409,-20.,-52.5920873880386));
#15715=CARTESIAN_POINT('Ctrl Pts',(37.7047852403532,-47.5,-52.6009319043868));
#15716=CARTESIAN_POINT('Ctrl Pts',(37.7047852403532,-20.,-52.6009319043868));
#15717=CARTESIAN_POINT('Ctrl Pts',(38.1182136041378,-47.5,-52.6182123848228));
#15718=CARTESIAN_POINT('Ctrl Pts',(38.1182136041378,-20.,-52.6182123848228));
#15719=CARTESIAN_POINT('Ctrl Pts',(38.5072305951008,-47.5,-52.7587929675351));
#15720=CARTESIAN_POINT('Ctrl Pts',(38.5072305951008,-20.,-52.7587929675351));
#15721=CARTESIAN_POINT('Ctrl Pts',(38.6971404403448,-47.5,-52.8274214267731));
#15722=CARTESIAN_POINT('Ctrl Pts',(38.6971404403448,-20.,-52.8274214267731));
#15723=CARTESIAN_POINT('',(37.4931838363409,-30.,-52.5920873880386));
#15724=CARTESIAN_POINT('Ctrl Pts',(35.1875855773687,-47.5,-53.785811662674));
#15725=CARTESIAN_POINT('Ctrl Pts',(35.1875855773687,-20.,-53.785811662674));
#15726=CARTESIAN_POINT('Ctrl Pts',(35.4867471127783,-47.5,-53.4376628637006));
#15727=CARTESIAN_POINT('Ctrl Pts',(35.4867471127783,-20.,-53.4376628637006));
#15728=CARTESIAN_POINT('Ctrl Pts',(36.0939254829961,-47.5,-52.7310599240394));
#15729=CARTESIAN_POINT('Ctrl Pts',(36.0939254829961,-20.,-52.7310599240394));
#15730=CARTESIAN_POINT('Ctrl Pts',(37.0222513765669,-47.5,-52.6388597929083));
#15731=CARTESIAN_POINT('Ctrl Pts',(37.0222513765669,-20.,-52.6388597929083));
#15732=CARTESIAN_POINT('Ctrl Pts',(37.4931838363409,-47.5,-52.5920873880386));
#15733=CARTESIAN_POINT('Ctrl Pts',(37.4931838363409,-20.,-52.5920873880386));
#15734=CARTESIAN_POINT('Origin',(32.2135093063116,-30.,-50.));
#15735=CARTESIAN_POINT('',(32.2135093063116,-29.,-50.));
#15736=CARTESIAN_POINT('Origin',(30.9856774657965,-30.,-50.));
#15737=CARTESIAN_POINT('Ctrl Pts',(21.0095527023077,-47.5,-61.4154160022736));
#15738=CARTESIAN_POINT('Ctrl Pts',(21.0095527023077,-20.,-61.4154160022736));
#15739=CARTESIAN_POINT('Ctrl Pts',(20.8753589582402,-47.5,-61.6397923163731));
#15740=CARTESIAN_POINT('Ctrl Pts',(20.8753589582402,-20.,-61.6397923163731));
#15741=CARTESIAN_POINT('Ctrl Pts',(20.6010191018301,-47.5,-62.0984974983443));
#15742=CARTESIAN_POINT('Ctrl Pts',(20.6010191018301,-20.,-62.0984974983443));
#15743=CARTESIAN_POINT('Ctrl Pts',(20.1490410595673,-47.5,-62.3845611805461));
#15744=CARTESIAN_POINT('Ctrl Pts',(20.1490410595673,-20.,-62.3845611805461));
#15745=CARTESIAN_POINT('Ctrl Pts',(19.9181487411261,-47.5,-62.5306963920593));
#15746=CARTESIAN_POINT('Ctrl Pts',(19.9181487411261,-20.,-62.5306963920593));
#15747=CARTESIAN_POINT('',(21.0095527023077,-30.,-61.4154160022736));
#15748=CARTESIAN_POINT('Ctrl Pts',(21.3540294021368,-47.5,-59.0177357196808));
#15749=CARTESIAN_POINT('Ctrl Pts',(21.3540294021368,-20.,-59.0177357196808));
#15750=CARTESIAN_POINT('Ctrl Pts',(21.3543566061825,-47.5,-59.5042396347927));
#15751=CARTESIAN_POINT('Ctrl Pts',(21.3543566061825,-20.,-59.5042396347927));
#15752=CARTESIAN_POINT('Ctrl Pts',(21.3549068338602,-47.5,-60.3223466321926));
#15753=CARTESIAN_POINT('Ctrl Pts',(21.3549068338602,-20.,-60.3223466321926));
#15754=CARTESIAN_POINT('Ctrl Pts',(21.1091608526814,-47.5,-61.1001494157861));
#15755=CARTESIAN_POINT('Ctrl Pts',(21.1091608526814,-20.,-61.1001494157861));
#15756=CARTESIAN_POINT('Ctrl Pts',(21.0095527023077,-47.5,-61.4154160022736));
#15757=CARTESIAN_POINT('Ctrl Pts',(21.0095527023077,-20.,-61.4154160022736));
#15758=CARTESIAN_POINT('Origin',(20.221693739295,-30.,-53.6289232969284));
#15759=CARTESIAN_POINT('',(20.221693739295,-30.,-53.6289232969284));
#15760=CARTESIAN_POINT('Ctrl Pts',(18.1070973724127,-47.5,-52.5920879840851));
#15761=CARTESIAN_POINT('Ctrl Pts',(18.1070973724127,-20.,-52.5920879840851));
#15762=CARTESIAN_POINT('Ctrl Pts',(18.5172256699039,-47.5,-52.6370736030399));
#15763=CARTESIAN_POINT('Ctrl Pts',(18.5172256699039,-20.,-52.6370736030399));
#15764=CARTESIAN_POINT('Ctrl Pts',(19.346176549249,-47.5,-52.727998488298));
#15765=CARTESIAN_POINT('Ctrl Pts',(19.346176549249,-20.,-52.727998488298));
#15766=CARTESIAN_POINT('Ctrl Pts',(19.9278211883913,-47.5,-53.3265225277662));
#15767=CARTESIAN_POINT('Ctrl Pts',(19.9278211883913,-20.,-53.3265225277662));
#15768=CARTESIAN_POINT('Ctrl Pts',(20.221693739295,-47.5,-53.6289232969284));
#15769=CARTESIAN_POINT('Ctrl Pts',(20.221693739295,-20.,-53.6289232969284));
#15770=CARTESIAN_POINT('',(18.1070973724127,-30.,-52.5920879840851));
#15771=CARTESIAN_POINT('Ctrl Pts',(16.4324738830328,-47.5,-53.0695778131485));
#15772=CARTESIAN_POINT('Ctrl Pts',(16.4324738830328,-20.,-53.0695778131485));
#15773=CARTESIAN_POINT('Ctrl Pts',(16.6850687352085,-47.5,-52.9303458299866));
#15774=CARTESIAN_POINT('Ctrl Pts',(16.6850687352085,-20.,-52.9303458299866));
#15775=CARTESIAN_POINT('Ctrl Pts',(17.2061261427042,-47.5,-52.6431354788574));
#15776=CARTESIAN_POINT('Ctrl Pts',(17.2061261427042,-20.,-52.6431354788574));
#15777=CARTESIAN_POINT('Ctrl Pts',(17.8007377488577,-47.5,-52.6094457983706));
#15778=CARTESIAN_POINT('Ctrl Pts',(17.8007377488577,-20.,-52.6094457983706));
#15779=CARTESIAN_POINT('Ctrl Pts',(18.1070973724127,-47.5,-52.5920879840851));
#15780=CARTESIAN_POINT('Ctrl Pts',(18.1070973724127,-20.,-52.5920879840851));
#15781=CARTESIAN_POINT('',(16.4324738830328,-30.,-53.0695778131485));
#15782=CARTESIAN_POINT('Ctrl Pts',(15.3444793075323,-47.5,-54.4236022233963));
#15783=CARTESIAN_POINT('Ctrl Pts',(15.3444793075323,-20.,-54.4236022233963));
#15784=CARTESIAN_POINT('Ctrl Pts',(15.4801037041152,-47.5,-54.1504390575528));
#15785=CARTESIAN_POINT('Ctrl Pts',(15.4801037041152,-20.,-54.1504390575528));
#15786=CARTESIAN_POINT('Ctrl Pts',(15.7439516126997,-47.5,-53.6190189603869));
#15787=CARTESIAN_POINT('Ctrl Pts',(15.7439516126997,-20.,-53.6190189603869));
#15788=CARTESIAN_POINT('Ctrl Pts',(16.207298726268,-47.5,-53.2492677110549));
#15789=CARTESIAN_POINT('Ctrl Pts',(16.207298726268,-20.,-53.2492677110549));
#15790=CARTESIAN_POINT('Ctrl Pts',(16.4324738830328,-47.5,-53.0695778131485));
#15791=CARTESIAN_POINT('Ctrl Pts',(16.4324738830328,-20.,-53.0695778131485));
#15792=CARTESIAN_POINT('Ctrl Pts',(11.8792655318975,-47.5,-53.8540244102478));
#15793=CARTESIAN_POINT('Ctrl Pts',(11.8792655318975,-20.,-53.8540244102478));
#15794=CARTESIAN_POINT('Ctrl Pts',(12.0023611459082,-47.5,-53.6308867282349));
#15795=CARTESIAN_POINT('Ctrl Pts',(12.0023611459082,-20.,-53.6308867282349));
#15796=CARTESIAN_POINT('Ctrl Pts',(12.2117313505643,-47.5,-53.2513575100328));
#15797=CARTESIAN_POINT('Ctrl Pts',(12.2117313505643,-20.,-53.2513575100328));
#15798=CARTESIAN_POINT('Ctrl Pts',(12.5294034684829,-47.5,-52.9583797008846));
#15799=CARTESIAN_POINT('Ctrl Pts',(12.5294034684829,-20.,-52.9583797008846));
#15800=CARTESIAN_POINT('Ctrl Pts',(12.6603057235479,-47.5,-52.8376531600952));
#15801=CARTESIAN_POINT('Ctrl Pts',(12.6603057235479,-20.,-52.8376531600952));
#15802=CARTESIAN_POINT('Origin',(-26.6473374515772,-30.,-60.));
#15803=CARTESIAN_POINT('Origin',(-25.2421531826258,-30.,-60.));
#15804=CARTESIAN_POINT('Ctrl Pts',(-42.2748962789774,-47.5,-51.169850230217));
#15805=CARTESIAN_POINT('Ctrl Pts',(-42.2748962789774,-20.,-51.169850230217));
#15806=CARTESIAN_POINT('Ctrl Pts',(-42.110748973836,-47.5,-50.9618689968629));
#15807=CARTESIAN_POINT('Ctrl Pts',(-42.110748973836,-20.,-50.9618689968629));
#15808=CARTESIAN_POINT('Ctrl Pts',(-41.7708724992742,-47.5,-50.5312318425914));
#15809=CARTESIAN_POINT('Ctrl Pts',(-41.7708724992742,-20.,-50.5312318425914));
#15810=CARTESIAN_POINT('Ctrl Pts',(-41.2757682785079,-47.5,-50.2934663443474));
#15811=CARTESIAN_POINT('Ctrl Pts',(-41.2757682785079,-20.,-50.2934663443474));
#15812=CARTESIAN_POINT('Ctrl Pts',(-41.0197804123163,-47.5,-50.1705324649811));
#15813=CARTESIAN_POINT('Ctrl Pts',(-41.0197804123163,-20.,-50.1705324649811));
#15814=CARTESIAN_POINT('',(-42.2748962789774,-30.,-51.169850230217));
#15815=CARTESIAN_POINT('Ctrl Pts',(-42.7046368271112,-47.5,-52.5852662324905));
#15816=CARTESIAN_POINT('Ctrl Pts',(-42.7046368271112,-20.,-52.5852662324905));
#15817=CARTESIAN_POINT('Ctrl Pts',(-42.6860261956547,-47.5,-52.3359266546654));
#15818=CARTESIAN_POINT('Ctrl Pts',(-42.6860261956547,-20.,-52.3359266546654));
#15819=CARTESIAN_POINT('Ctrl Pts',(-42.6484293689644,-47.5,-51.8322158097956));
#15820=CARTESIAN_POINT('Ctrl Pts',(-42.6484293689644,-20.,-51.8322158097956));
#15821=CARTESIAN_POINT('Ctrl Pts',(-42.400233737664,-47.5,-51.3921042170558));
#15822=CARTESIAN_POINT('Ctrl Pts',(-42.400233737664,-20.,-51.3921042170558));
#15823=CARTESIAN_POINT('Ctrl Pts',(-42.2748962789774,-47.5,-51.169850230217));
#15824=CARTESIAN_POINT('Ctrl Pts',(-42.2748962789774,-20.,-51.169850230217));
#15825=CARTESIAN_POINT('',(-42.7046368271112,-30.,-52.5852662324905));
#15826=CARTESIAN_POINT('Ctrl Pts',(-42.3533413559198,-47.5,-53.8301503658295));
#15827=CARTESIAN_POINT('Ctrl Pts',(-42.3533413559198,-20.,-53.8301503658295));
#15828=CARTESIAN_POINT('Ctrl Pts',(-42.4557981269216,-47.5,-53.6379117647839));
#15829=CARTESIAN_POINT('Ctrl Pts',(-42.4557981269216,-20.,-53.6379117647839));
#15830=CARTESIAN_POINT('Ctrl Pts',(-42.6632732641848,-47.5,-53.2486282674689));
#15831=CARTESIAN_POINT('Ctrl Pts',(-42.6632732641848,-20.,-53.2486282674689));
#15832=CARTESIAN_POINT('Ctrl Pts',(-42.6907359499657,-47.5,-52.8081994978784));
#15833=CARTESIAN_POINT('Ctrl Pts',(-42.6907359499657,-20.,-52.8081994978784));
#15834=CARTESIAN_POINT('Ctrl Pts',(-42.7046368271112,-47.5,-52.5852662324905));
#15835=CARTESIAN_POINT('Ctrl Pts',(-42.7046368271112,-20.,-52.5852662324905));
#15836=CARTESIAN_POINT('',(-42.3533413559198,-30.,-53.8301503658295));
#15837=CARTESIAN_POINT('Ctrl Pts',(-41.2858102470636,-47.5,-54.7612553834915));
#15838=CARTESIAN_POINT('Ctrl Pts',(-41.2858102470636,-20.,-54.7612553834915));
#15839=CARTESIAN_POINT('Ctrl Pts',(-41.5057193568031,-47.5,-54.6342149680014));
#15840=CARTESIAN_POINT('Ctrl Pts',(-41.5057193568031,-20.,-54.6342149680014));
#15841=CARTESIAN_POINT('Ctrl Pts',(-41.92293326466,-47.5,-54.3931925371199));
#15842=CARTESIAN_POINT('Ctrl Pts',(-41.92293326466,-20.,-54.3931925371199));
#15843=CARTESIAN_POINT('Ctrl Pts',(-42.2151493355167,-47.5,-54.0109274859692));
#15844=CARTESIAN_POINT('Ctrl Pts',(-42.2151493355167,-20.,-54.0109274859692));
#15845=CARTESIAN_POINT('Ctrl Pts',(-42.3533413559198,-47.5,-53.8301503658295));
#15846=CARTESIAN_POINT('Ctrl Pts',(-42.3533413559198,-20.,-53.8301503658295));
#15847=CARTESIAN_POINT('',(-41.2858102470636,-30.,-54.7612553834915));
#15848=CARTESIAN_POINT('Ctrl Pts',(-39.3553874641657,-47.5,-55.3854030370712));
#15849=CARTESIAN_POINT('Ctrl Pts',(-39.3553874641657,-20.,-55.3854030370712));
#15850=CARTESIAN_POINT('Ctrl Pts',(-39.7502061412977,-47.5,-55.2910709478402));
#15851=CARTESIAN_POINT('Ctrl Pts',(-39.7502061412977,-20.,-55.2910709478402));
#15852=CARTESIAN_POINT('Ctrl Pts',(-40.4105464943787,-47.5,-55.1332990674362));
#15853=CARTESIAN_POINT('Ctrl Pts',(-40.4105464943787,-20.,-55.1332990674362));
#15854=CARTESIAN_POINT('Ctrl Pts',(-41.034799306747,-47.5,-54.867951261916));
#15855=CARTESIAN_POINT('Ctrl Pts',(-41.034799306747,-20.,-54.867951261916));
#15856=CARTESIAN_POINT('Ctrl Pts',(-41.2858102470636,-47.5,-54.7612553834915));
#15857=CARTESIAN_POINT('Ctrl Pts',(-41.2858102470636,-20.,-54.7612553834915));
#15858=CARTESIAN_POINT('',(-39.3553874641657,-30.,-55.3854030370712));
#15859=CARTESIAN_POINT('Ctrl Pts',(-37.5750324875116,-47.5,-55.8731245994568));
#15860=CARTESIAN_POINT('Ctrl Pts',(-37.5750324875116,-20.,-55.8731245994568));
#15861=CARTESIAN_POINT('Ctrl Pts',(-37.7898838904423,-47.5,-55.8042457626203));
#15862=CARTESIAN_POINT('Ctrl Pts',(-37.7898838904423,-20.,-55.8042457626203));
#15863=CARTESIAN_POINT('Ctrl Pts',(-38.3761887674263,-47.5,-55.616283303882));
#15864=CARTESIAN_POINT('Ctrl Pts',(-38.3761887674263,-20.,-55.616283303882));
#15865=CARTESIAN_POINT('Ctrl Pts',(-38.9756186453416,-47.5,-55.4749467900485));
#15866=CARTESIAN_POINT('Ctrl Pts',(-38.9756186453416,-20.,-55.4749467900485));
#15867=CARTESIAN_POINT('Ctrl Pts',(-39.3553874641657,-47.5,-55.3854030370712));
#15868=CARTESIAN_POINT('Ctrl Pts',(-39.3553874641657,-20.,-55.3854030370712));
#15869=CARTESIAN_POINT('',(-37.5750324875116,-30.,-55.8731245994568));
#15870=CARTESIAN_POINT('Ctrl Pts',(-36.6746232658625,-47.5,-56.4631652832031));
#15871=CARTESIAN_POINT('Ctrl Pts',(-36.6746232658625,-20.,-56.4631652832031));
#15872=CARTESIAN_POINT('Ctrl Pts',(-36.7897008492803,-47.5,-56.3474144938977));
#15873=CARTESIAN_POINT('Ctrl Pts',(-36.7897008492803,-20.,-56.3474144938977));
#15874=CARTESIAN_POINT('Ctrl Pts',(-37.0474903090529,-47.5,-56.0881169612502));
#15875=CARTESIAN_POINT('Ctrl Pts',(-37.0474903090529,-20.,-56.0881169612502));
#15876=CARTESIAN_POINT('Ctrl Pts',(-37.3870517559813,-47.5,-55.9497334908282));
#15877=CARTESIAN_POINT('Ctrl Pts',(-37.3870517559813,-20.,-55.9497334908282));
#15878=CARTESIAN_POINT('Ctrl Pts',(-37.5750324875116,-47.5,-55.8731245994568));
#15879=CARTESIAN_POINT('Ctrl Pts',(-37.5750324875116,-20.,-55.8731245994568));
#15880=CARTESIAN_POINT('',(-36.6746232658625,-30.,-56.4631652832031));
#15881=CARTESIAN_POINT('Ctrl Pts',(-36.4017716795206,-47.5,-57.2851300239563));
#15882=CARTESIAN_POINT('Ctrl Pts',(-36.4017716795206,-20.,-57.2851300239563));
#15883=CARTESIAN_POINT('Ctrl Pts',(-36.4124270940303,-47.5,-57.1341423396433));
#15884=CARTESIAN_POINT('Ctrl Pts',(-36.4124270940303,-20.,-57.1341423396433));
#15885=CARTESIAN_POINT('Ctrl Pts',(-36.4334161669224,-47.5,-56.8367262692526));
#15886=CARTESIAN_POINT('Ctrl Pts',(-36.4334161669224,-20.,-56.8367262692526));
#15887=CARTESIAN_POINT('Ctrl Pts',(-36.5950468158391,-47.5,-56.5864065031658));
#15888=CARTESIAN_POINT('Ctrl Pts',(-36.5950468158391,-20.,-56.5864065031658));
#15889=CARTESIAN_POINT('Ctrl Pts',(-36.6746232658625,-47.5,-56.4631652832031));
#15890=CARTESIAN_POINT('Ctrl Pts',(-36.6746232658625,-20.,-56.4631652832031));
#15891=CARTESIAN_POINT('',(-36.4017716795206,-30.,-57.2851300239563));
#15892=CARTESIAN_POINT('Ctrl Pts',(-36.6848549991846,-47.5,-58.14120054245));
#15893=CARTESIAN_POINT('Ctrl Pts',(-36.6848549991846,-20.,-58.14120054245));
#15894=CARTESIAN_POINT('Ctrl Pts',(-36.6022920667435,-47.5,-58.0083664944466));
#15895=CARTESIAN_POINT('Ctrl Pts',(-36.6022920667435,-20.,-58.0083664944466));
#15896=CARTESIAN_POINT('Ctrl Pts',(-36.4390080339862,-47.5,-57.7456616897093));
#15897=CARTESIAN_POINT('Ctrl Pts',(-36.4390080339862,-20.,-57.7456616897093));
#15898=CARTESIAN_POINT('Ctrl Pts',(-36.4140901068683,-47.5,-57.4374818303376));
#15899=CARTESIAN_POINT('Ctrl Pts',(-36.4140901068683,-20.,-57.4374818303376));
#15900=CARTESIAN_POINT('Ctrl Pts',(-36.4017716795206,-47.5,-57.2851300239563));
#15901=CARTESIAN_POINT('Ctrl Pts',(-36.4017716795206,-20.,-57.2851300239563));
#15902=CARTESIAN_POINT('',(-36.6848549991846,-30.,-58.14120054245));
#15903=CARTESIAN_POINT('Ctrl Pts',(-37.5477472692728,-47.5,-58.7585270404816));
#15904=CARTESIAN_POINT('Ctrl Pts',(-37.5477472692728,-20.,-58.7585270404816));
#15905=CARTESIAN_POINT('Ctrl Pts',(-37.3705422838323,-47.5,-58.6814290293629));
#15906=CARTESIAN_POINT('Ctrl Pts',(-37.3705422838323,-20.,-58.6814290293629));
#15907=CARTESIAN_POINT('Ctrl Pts',(-37.0382282970809,-47.5,-58.5368464862603));
#15908=CARTESIAN_POINT('Ctrl Pts',(-37.0382282970809,-20.,-58.5368464862603));
#15909=CARTESIAN_POINT('Ctrl Pts',(-36.7973063621056,-47.5,-58.2671040158604));
#15910=CARTESIAN_POINT('Ctrl Pts',(-36.7973063621056,-20.,-58.2671040158604));
#15911=CARTESIAN_POINT('Ctrl Pts',(-36.6848549991846,-47.5,-58.14120054245));
#15912=CARTESIAN_POINT('Ctrl Pts',(-36.6848549991846,-20.,-58.14120054245));
#15913=CARTESIAN_POINT('',(-37.5477472692728,-30.,-58.7585270404816));
#15914=CARTESIAN_POINT('Ctrl Pts',(-38.8847190886736,-47.5,-58.9836287498474));
#15915=CARTESIAN_POINT('Ctrl Pts',(-38.8847190886736,-20.,-58.9836287498474));
#15916=CARTESIAN_POINT('Ctrl Pts',(-38.6451341256549,-47.5,-58.9762858882113));
#15917=CARTESIAN_POINT('Ctrl Pts',(-38.6451341256549,-20.,-58.9762858882113));
#15918=CARTESIAN_POINT('Ctrl Pts',(-38.1889041634586,-47.5,-58.9623032348575));
#15919=CARTESIAN_POINT('Ctrl Pts',(-38.1889041634586,-20.,-58.9623032348575));
#15920=CARTESIAN_POINT('Ctrl Pts',(-37.7541800283846,-47.5,-58.8241366945737));
#15921=CARTESIAN_POINT('Ctrl Pts',(-37.7541800283846,-20.,-58.8241366945737));
#15922=CARTESIAN_POINT('Ctrl Pts',(-37.5477472692728,-47.5,-58.7585270404816));
#15923=CARTESIAN_POINT('Ctrl Pts',(-37.5477472692728,-20.,-58.7585270404816));
#15924=CARTESIAN_POINT('',(-38.8847190886736,-30.,-58.9836287498474));
#15925=CARTESIAN_POINT('Ctrl Pts',(-40.4195076972246,-47.5,-58.6869037151337));
#15926=CARTESIAN_POINT('Ctrl Pts',(-40.4195076972246,-20.,-58.6869037151337));
#15927=CARTESIAN_POINT('Ctrl Pts',(-40.1803518659919,-47.5,-58.7734188392837));
#15928=CARTESIAN_POINT('Ctrl Pts',(-40.1803518659919,-20.,-58.7734188392837));
#15929=CARTESIAN_POINT('Ctrl Pts',(-39.6846092876187,-47.5,-58.9527547580165));
#15930=CARTESIAN_POINT('Ctrl Pts',(-39.6846092876187,-20.,-58.9527547580165));
#15931=CARTESIAN_POINT('Ctrl Pts',(-39.1575267770841,-47.5,-58.9730989766929));
#15932=CARTESIAN_POINT('Ctrl Pts',(-39.1575267770841,-20.,-58.9730989766929));
#15933=CARTESIAN_POINT('Ctrl Pts',(-38.8847190886736,-47.5,-58.9836287498474));
#15934=CARTESIAN_POINT('Ctrl Pts',(-38.8847190886736,-20.,-58.9836287498474));
#15935=CARTESIAN_POINT('',(-40.4195076972246,-30.,-58.6869037151337));
#15936=CARTESIAN_POINT('Ctrl Pts',(-41.4256463199854,-47.5,-57.909277677536));
#15937=CARTESIAN_POINT('Ctrl Pts',(-41.4256463199854,-20.,-57.909277677536));
#15938=CARTESIAN_POINT('Ctrl Pts',(-41.2960456479746,-47.5,-58.0646926031525));
#15939=CARTESIAN_POINT('Ctrl Pts',(-41.2960456479746,-20.,-58.0646926031525));
#15940=CARTESIAN_POINT('Ctrl Pts',(-41.0185963666636,-47.5,-58.3974050709838));
#15941=CARTESIAN_POINT('Ctrl Pts',(-41.0185963666636,-20.,-58.3974050709838));
#15942=CARTESIAN_POINT('Ctrl Pts',(-40.6277721362906,-47.5,-58.586263733425));
#15943=CARTESIAN_POINT('Ctrl Pts',(-40.6277721362906,-20.,-58.586263733425));
#15944=CARTESIAN_POINT('Ctrl Pts',(-40.4195076972246,-47.5,-58.6869037151337));
#15945=CARTESIAN_POINT('Ctrl Pts',(-40.4195076972246,-20.,-58.6869037151337));
#15946=CARTESIAN_POINT('',(-41.4256463199854,-30.,-57.909277677536));
#15947=CARTESIAN_POINT('Ctrl Pts',(-41.8383345752954,-47.5,-56.6780358552933));
#15948=CARTESIAN_POINT('Ctrl Pts',(-41.8383345752954,-20.,-56.6780358552933));
#15949=CARTESIAN_POINT('Ctrl Pts',(-41.8031207811505,-47.5,-56.9105018878809));
#15950=CARTESIAN_POINT('Ctrl Pts',(-41.8031207811505,-20.,-56.9105018878809));
#15951=CARTESIAN_POINT('Ctrl Pts',(-41.7372141609205,-47.5,-57.3455885037408));
#15952=CARTESIAN_POINT('Ctrl Pts',(-41.7372141609205,-20.,-57.3455885037408));
#15953=CARTESIAN_POINT('Ctrl Pts',(-41.5246416861112,-47.5,-57.7301750590708));
#15954=CARTESIAN_POINT('Ctrl Pts',(-41.5246416861112,-20.,-57.7301750590708));
#15955=CARTESIAN_POINT('Ctrl Pts',(-41.4256463199854,-47.5,-57.909277677536));
#15956=CARTESIAN_POINT('Ctrl Pts',(-41.4256463199854,-20.,-57.909277677536));
#15957=CARTESIAN_POINT('',(-41.8383345752954,-30.,-56.6780358552933));
#15958=CARTESIAN_POINT('Origin',(-43.086628690362,-30.,-56.7871761322021));
#15959=CARTESIAN_POINT('',(-43.086628690362,-30.,-56.7871761322021));
#15960=CARTESIAN_POINT('Ctrl Pts',(-42.5375155359507,-47.5,-58.5845839977264));
#15961=CARTESIAN_POINT('Ctrl Pts',(-42.5375155359507,-20.,-58.5845839977264));
#15962=CARTESIAN_POINT('Ctrl Pts',(-42.6909069057472,-47.5,-58.3087110920132));
#15963=CARTESIAN_POINT('Ctrl Pts',(-42.6909069057472,-20.,-58.3087110920132));
#15964=CARTESIAN_POINT('Ctrl Pts',(-43.0021111204905,-47.5,-57.7490132999844));
#15965=CARTESIAN_POINT('Ctrl Pts',(-43.0021111204905,-20.,-57.7490132999844));
#15966=CARTESIAN_POINT('Ctrl Pts',(-43.0581905816113,-47.5,-57.1108109695437));
#15967=CARTESIAN_POINT('Ctrl Pts',(-43.0581905816113,-20.,-57.1108109695437));
#15968=CARTESIAN_POINT('Ctrl Pts',(-43.086628690362,-47.5,-56.7871761322021));
#15969=CARTESIAN_POINT('Ctrl Pts',(-43.086628690362,-20.,-56.7871761322021));
#15970=CARTESIAN_POINT('Origin',(57.5,-30.,47.));
#15971=CARTESIAN_POINT('',(70.5,-17.,47.));
#15972=CARTESIAN_POINT('',(70.5,-30.,47.));
#15973=CARTESIAN_POINT('',(70.5,-17.,47.));
#15974=CARTESIAN_POINT('Origin',(70.5,-30.,44.));
#15975=CARTESIAN_POINT('Origin',(70.5,-17.,44.));
#15976=CARTESIAN_POINT('Origin',(59.5,-30.,43.));
#15977=CARTESIAN_POINT('',(59.5,-17.,45.));
#15978=CARTESIAN_POINT('',(59.5,-17.,8.5));
#15979=CARTESIAN_POINT('',(59.5,-15.,45.));
#15980=CARTESIAN_POINT('',(59.5,-30.,45.));
#15981=CARTESIAN_POINT('',(59.5,-15.,45.));
#15982=CARTESIAN_POINT('Origin',(59.5,-30.,45.));
#15983=CARTESIAN_POINT('',(70.5,-17.,45.));
#15984=CARTESIAN_POINT('',(48.125,-17.,45.));
#15985=CARTESIAN_POINT('',(70.5,-15.,45.));
#15986=CARTESIAN_POINT('',(70.5,-30.,45.));
#15987=CARTESIAN_POINT('',(70.5,-15.,45.));
#15988=CARTESIAN_POINT('Origin',(70.5,-30.,44.));
#15989=CARTESIAN_POINT('',(71.5,-17.,44.));
#15990=CARTESIAN_POINT('Origin',(70.5,-17.,44.));
#15991=CARTESIAN_POINT('',(71.5,-15.,44.));
#15992=CARTESIAN_POINT('',(71.5,-30.,44.));
#15993=CARTESIAN_POINT('Origin',(70.5,-15.,44.));
#15994=CARTESIAN_POINT('Origin',(71.5,-30.,44.));
#15995=CARTESIAN_POINT('',(71.5,-17.,1.58835499421879));
#15996=CARTESIAN_POINT('',(71.5,-17.,9.));
#15997=CARTESIAN_POINT('',(71.5,-15.,1.58835499421879));
#15998=CARTESIAN_POINT('',(71.5,-30.,1.58835499421879));
#15999=CARTESIAN_POINT('',(71.5,-15.,44.));
#16000=CARTESIAN_POINT('Origin',(61.5000000000004,-30.,1.58835499421879));
#16001=CARTESIAN_POINT('',(71.0078421919731,-17.,-1.51018286298662));
#16002=CARTESIAN_POINT('Origin',(61.5000000000004,-17.,1.58835499421879));
#16003=CARTESIAN_POINT('',(71.0078421919731,-15.,-1.51018286298662));
#16004=CARTESIAN_POINT('',(71.0078421919731,-30.,-1.51018286298662));
#16005=CARTESIAN_POINT('Origin',(61.5000000000004,-15.,1.58835499421879));
#16006=CARTESIAN_POINT('Origin',(71.0078421919731,-30.,-1.51018286298662));
#16007=CARTESIAN_POINT('',(35.9776785714285,-17.,-109.));
#16008=CARTESIAN_POINT('',(65.7559051514771,-17.,-17.6257156995773));
#16009=CARTESIAN_POINT('',(35.9776785714285,-15.,-109.));
#16010=CARTESIAN_POINT('',(35.9776785714285,-30.,-109.));
#16011=CARTESIAN_POINT('',(35.9776785714285,-15.,-109.));
#16012=CARTESIAN_POINT('Origin',(35.9776785714285,-30.,-109.));
#16013=CARTESIAN_POINT('',(34.9259152010336,-17.,-109.));
#16014=CARTESIAN_POINT('',(36.3638392857143,-17.,-109.));
#16015=CARTESIAN_POINT('',(34.9259152010336,-15.,-109.));
#16016=CARTESIAN_POINT('',(34.9259152010336,-30.,-109.));
#16017=CARTESIAN_POINT('',(0.,-15.,-109.));
#16018=CARTESIAN_POINT('Origin',(34.9259152010336,-30.,-109.));
#16019=CARTESIAN_POINT('',(35.0268943380634,-15.,-108.690146209662));
#16020=CARTESIAN_POINT('',(34.9259152010336,-30.,-109.));
#16021=CARTESIAN_POINT('Origin',(53.2129576005168,-15.,-32.));
#16022=CARTESIAN_POINT('Origin',(-36.75,-17.,-26.));
#16023=CARTESIAN_POINT('',(-59.5,-17.,43.));
#16024=CARTESIAN_POINT('',(-59.5,-17.,43.));
#16025=CARTESIAN_POINT('',(-59.5,-17.,43.9999999850988));
#16026=CARTESIAN_POINT('',(-59.5,-17.,45.));
#16027=CARTESIAN_POINT('',(-59.5,-17.,45.));
#16028=CARTESIAN_POINT('',(-59.5,-17.,8.5));
#16029=CARTESIAN_POINT('',(-70.5,-17.,45.));
#16030=CARTESIAN_POINT('',(-48.125,-17.,45.));
#16031=CARTESIAN_POINT('',(-71.5,-17.,44.));
#16032=CARTESIAN_POINT('Origin',(-70.5,-17.,44.));
#16033=CARTESIAN_POINT('',(-71.5,-17.,1.58835499421879));
#16034=CARTESIAN_POINT('',(-71.5,-17.,9.));
#16035=CARTESIAN_POINT('',(-71.0078421919731,-17.,-1.51018286298662));
#16036=CARTESIAN_POINT('Origin',(-61.5000000000004,-17.,1.58835499421879));
#16037=CARTESIAN_POINT('',(-35.9776785714285,-17.,-109.));
#16038=CARTESIAN_POINT('',(-65.7559051514771,-17.,-17.6257156995773));
#16039=CARTESIAN_POINT('',(-34.9259152010336,-17.,-109.));
#16040=CARTESIAN_POINT('',(-36.3638392857143,-17.,-109.));
#16041=CARTESIAN_POINT('',(0.,-17.,-109.));
#16042=CARTESIAN_POINT('Origin',(-59.5,-30.,43.));
#16043=CARTESIAN_POINT('',(-59.5,-30.,43.));
#16044=CARTESIAN_POINT('Origin',(0.,-30.,-109.));
#16045=CARTESIAN_POINT('',(-34.9259152010336,-30.,-109.));
#16046=CARTESIAN_POINT('Origin',(-59.5,-30.,45.));
#16047=CARTESIAN_POINT('',(-59.5,-30.,43.9999999850988));
#16048=CARTESIAN_POINT('Origin',(-59.5,-30.,43.));
#16049=CARTESIAN_POINT('',(-59.5,-15.,43.9999999850988));
#16050=CARTESIAN_POINT('',(-59.5,-30.,43.9999999850988));
#16051=CARTESIAN_POINT('',(-59.5,-15.,45.));
#16052=CARTESIAN_POINT('',(-59.5,-15.,45.));
#16053=CARTESIAN_POINT('',(-59.5,-30.,45.));
#16054=CARTESIAN_POINT('Origin',(-59.5,-30.,45.));
#16055=CARTESIAN_POINT('',(-70.5,-15.,45.));
#16056=CARTESIAN_POINT('',(-70.5,-15.,45.));
#16057=CARTESIAN_POINT('',(-70.5,-30.,45.));
#16058=CARTESIAN_POINT('Origin',(-70.5,-30.,44.));
#16059=CARTESIAN_POINT('',(-71.5,-15.,44.));
#16060=CARTESIAN_POINT('Origin',(-70.5,-15.,44.));
#16061=CARTESIAN_POINT('',(-71.5,-30.,44.));
#16062=CARTESIAN_POINT('Origin',(-71.5,-30.,44.));
#16063=CARTESIAN_POINT('',(-71.5,-15.,1.58835499421879));
#16064=CARTESIAN_POINT('',(-71.5,-15.,44.));
#16065=CARTESIAN_POINT('',(-71.5,-30.,1.58835499421879));
#16066=CARTESIAN_POINT('Origin',(-61.5000000000004,-30.,1.58835499421879));
#16067=CARTESIAN_POINT('',(-71.0078421919731,-15.,-1.51018286298662));
#16068=CARTESIAN_POINT('Origin',(-61.5000000000004,-15.,1.58835499421879));
#16069=CARTESIAN_POINT('',(-71.0078421919731,-30.,-1.51018286298662));
#16070=CARTESIAN_POINT('Origin',(-71.0078421919731,-30.,-1.51018286298662));
#16071=CARTESIAN_POINT('',(-35.9776785714285,-15.,-109.));
#16072=CARTESIAN_POINT('',(-35.9776785714285,-15.,-109.));
#16073=CARTESIAN_POINT('',(-35.9776785714285,-30.,-109.));
#16074=CARTESIAN_POINT('Origin',(-35.9776785714285,-30.,-109.));
#16075=CARTESIAN_POINT('',(-34.9259152010336,-15.,-109.));
#16076=CARTESIAN_POINT('',(0.,-15.,-109.));
#16077=CARTESIAN_POINT('',(-34.9259152010336,-30.,-109.));
#16078=CARTESIAN_POINT('Origin',(-34.9259152010336,-30.,-109.));
#16079=CARTESIAN_POINT('',(-70.057057958608,-15.,-1.20032907264889));
#16080=CARTESIAN_POINT('',(-35.0268943380634,-15.,-108.690146209662));
#16081=CARTESIAN_POINT('',(-70.057057958608,-30.,-1.20032907264889));
#16082=CARTESIAN_POINT('Origin',(-61.5000000000004,-30.,1.58835499421879));
#16083=CARTESIAN_POINT('',(-70.4999999850988,-15.,1.58835499421879));
#16084=CARTESIAN_POINT('Origin',(-61.5000000000004,-15.,1.58835499421879));
#16085=CARTESIAN_POINT('',(-70.4999999850988,-30.,1.58835499421879));
#16086=CARTESIAN_POINT('Origin',(-70.4999999850988,-30.,1.58835499421879));
#16087=CARTESIAN_POINT('',(-70.5,-15.,44.));
#16088=CARTESIAN_POINT('',(-70.5,-15.,44.));
#16089=CARTESIAN_POINT('',(-70.5,-30.,44.));
#16090=CARTESIAN_POINT('Origin',(-70.5,-30.,44.));
#16091=CARTESIAN_POINT('',(-70.5,-15.,44.));
#16092=CARTESIAN_POINT('Origin',(-53.2129576005168,-15.,-32.));
#16093=UNCERTAINTY_MEASURE_WITH_UNIT(LENGTH_MEASURE(0.01),#16097,
'DISTANCE_ACCURACY_VALUE',
'Maximum model space distance between geometric entities at asserted c
onnectivities');
#16094=UNCERTAINTY_MEASURE_WITH_UNIT(LENGTH_MEASURE(0.01),#16097,
'DISTANCE_ACCURACY_VALUE',
'Maximum model space distance between geometric entities at asserted c
onnectivities');
#16095=(
GEOMETRIC_REPRESENTATION_CONTEXT(3)
GLOBAL_UNCERTAINTY_ASSIGNED_CONTEXT((#16093))
GLOBAL_UNIT_ASSIGNED_CONTEXT((#16097,#16099,#16100))
REPRESENTATION_CONTEXT('','3D')
);
#16096=(
GEOMETRIC_REPRESENTATION_CONTEXT(3)
GLOBAL_UNCERTAINTY_ASSIGNED_CONTEXT((#16094))
GLOBAL_UNIT_ASSIGNED_CONTEXT((#16097,#16099,#16100))
REPRESENTATION_CONTEXT('','3D')
);
#16097=(
LENGTH_UNIT()
NAMED_UNIT(*)
SI_UNIT(.MILLI.,.METRE.)
);
#16098=(
LENGTH_UNIT()
NAMED_UNIT(*)
SI_UNIT($,.METRE.)
);
#16099=(
NAMED_UNIT(*)
PLANE_ANGLE_UNIT()
SI_UNIT($,.RADIAN.)
);
#16100=(
NAMED_UNIT(*)
SI_UNIT($,.STERADIAN.)
SOLID_ANGLE_UNIT()
);
#16101=SHAPE_DEFINITION_REPRESENTATION(#16102,#16103);
#16102=PRODUCT_DEFINITION_SHAPE('',$,#16105);
#16103=SHAPE_REPRESENTATION('',(#8171),#16095);
#16104=PRODUCT_DEFINITION_CONTEXT('part definition',#16109,'design');
#16105=PRODUCT_DEFINITION('blitzer_dust_shield','blitzer_dust_shield',#16106,
#16104);
#16106=PRODUCT_DEFINITION_FORMATION('',$,#16111);
#16107=PRODUCT_RELATED_PRODUCT_CATEGORY('blitzer_dust_shield',
'blitzer_dust_shield',(#16111));
#16108=APPLICATION_PROTOCOL_DEFINITION('international standard',
'automotive_design',2009,#16109);
#16109=APPLICATION_CONTEXT(
'Core Data for Automotive Mechanical Design Process');
#16110=PRODUCT_CONTEXT('part definition',#16109,'mechanical');
#16111=PRODUCT('blitzer_dust_shield','blitzer_dust_shield',$,(#16110));
#16112=PRESENTATION_STYLE_ASSIGNMENT((#16113));
#16113=SURFACE_STYLE_USAGE(.BOTH.,#16114);
#16114=SURFACE_SIDE_STYLE('',(#16115));
#16115=SURFACE_STYLE_FILL_AREA(#16116);
#16116=FILL_AREA_STYLE('Acier - Satin\X\E9',(#16117));
#16117=FILL_AREA_STYLE_COLOUR('Acier - Satin\X\E9',#16118);
#16118=COLOUR_RGB('Acier - Satin\X\E9',0.627450980392157,0.627450980392157,
0.627450980392157);
ENDSEC;
END-ISO-10303-21;
